time,B1,B2,B3,B4,B5,B6,B7,B8,B9,B10
0,4.20454288874721,4.20192669498277,4.19931092669079,4.19685548881397,4.19443999208145,4.19536445302785,4.19777124789987,4.20045253976786,4.20324564198992,4.20609012599831
1,4.20664255397538,4.20126375675124,4.19869331153969,4.19628056967615,4.19420441360921,4.19528952787095,4.1977443774366,4.20045867858393,4.20327962296482,4.20614318759204
2,4.2087562973952,4.20062049576998,4.19807069925251,4.19570064815278,4.19396398650507,4.19521025026809,4.19771348688928,4.20046111551271,4.20331029190254,4.20619272835184
3,4.21088432571672,4.19999659443381,4.19744328827148,4.19511570880942,4.19371869753929,4.19512660494318,4.19767856120275,4.20045983868205,4.20333764102793,4.20623873937337
4,4.21302684925308,4.19939174321906,4.19681126933661,4.19452573724524,4.19346853247602,4.19503857574171,4.197639584472,4.20045483540034,4.2033616618892,4.20628121096674
5,4.21518408201803,4.19880564048759,4.19617482569728,4.19393071999372,4.19321347608489,4.19494614562343,4.19759653993595,4.20044609215218,4.20338234535444,4.20632013265249
6,4.21735624182627,4.19823799229669,4.19553413331683,4.19333064442661,4.19295351215036,4.19484929665423,4.19754940997073,4.20043359459335,4.20339968160809,4.20635549315685
7,4.21954355039644,4.19768851221345,4.19488936106987,4.19272549866104,4.19268862347971,4.19474800999832,4.19749817608212,4.20041732754558,4.20341366014667,4.20638728040679
8,4.22174623345725,4.19715692113459,4.19424067093351,4.19211527146961,4.19241879190913,4.19464226590927,4.19744281889789,4.20039727499038,4.20342426977402,4.20641548152434
9,4.22396452085643,4.19664294711075,4.19358821817153,4.1914999521934,4.19214399830842,4.19453204372105,4.19738331815897,4.20037342006267,4.20343149859652,4.20644008282025
10,4.22619864667306,4.19614632517551,4.19293215151267,4.19087953065763,4.19186422258401,4.19441732183823,4.19731965271066,4.20034574504351,4.2034353340172,4.20646106978752
11,4.22843823708773,4.1956583073105,4.19226324290382,4.19028524069566,4.19158817870625,4.19429195477958,4.19724374514837,4.20030555573972,4.20342549673234,4.20650004089604
12,4.23062328206925,4.19513069622785,4.19152911000177,4.18989265996665,4.19136512248349,4.19412164623846,4.19711044502267,4.20020426335856,4.20334414150427,4.20667863312705
13,4.2328236950059,4.19461931166479,4.19079206684141,4.1894950924342,4.19113743822826,4.19394704316935,4.19697319068097,4.20009944648382,4.20325913391813,4.20685358157316
14,4.23503970572241,4.19412390476553,4.19005223582193,4.18909253819835,4.19090510694279,4.19376812579575,4.19683196569768,4.1999910944565,4.20317045260611,4.20702486999294
15,4.23727154833059,4.193644232689,4.18930973380977,4.18868499725229,4.19066810890749,4.19358487351653,4.19668675285821,4.19987919588569,4.20307807555449,4.20719248119594
16,4.23951946134586,4.19318005846102,4.18856467228206,4.18827246941824,4.1904264236751,4.19339726489764,4.19653753415044,4.19976373864532,4.20298198009208,4.20735639703223
17,4.24178368780715,4.19273115083008,4.18781715746514,4.18785495428451,4.19018003006358,4.19320527766327,4.19638429075606,4.1996447098705,4.20288214287841,4.20751659838131
18,4.2440644754004,4.19229728412699,4.18706729046769,4.18743245114434,4.18992890614791,4.1930088886864,4.19622700304125,4.1995220959535,4.20277853989135,4.20767306514018
19,4.24636207658591,4.19187823812759,4.18631516740971,4.18700495893608,4.18967302925083,4.19280807397858,4.1960656505469,4.19939588253905,4.20267114641448,4.20782577621088
20,4.24867674872954,4.19147379791884,4.1855608795459,4.18657247618498,4.18941237593242,4.19260280867972,4.19590021197827,4.19926605451918,4.20255993702385,4.20797470948731
21,4.25100875423797,4.19108375376857,4.18480451338515,4.18613500094603,4.18914692197886,4.19239306704636,4.19573066519415,4.19913259602753,4.20244488557432,4.20811984184106
22,4.2533079387599,4.1906555273385,4.18421732888169,4.1857413463377,4.18884323477537,4.19213481702172,4.19550995356049,4.19893727158284,4.20244425628368,4.20820832545811
23,4.25560206091377,4.19021880153092,4.18370264078969,4.18536430749863,4.18852052200919,4.19185327150827,4.19526508136743,4.19871286828053,4.20249115741159,4.20826928868998
24,4.2579130915929,4.18979616214283,4.18318622335002,4.18498277730835,4.18819333941123,4.1915675900577,4.19501654230499,4.19848463109266,4.20253413482568,4.20832550791364
25,4.26024129092513,4.18938740366114,4.18266815819895,4.18459675797466,4.18786166692075,4.19127775381823,4.1947643238867,4.19825253549252,4.2025731690513,4.20837694007062
26,4.26258692416689,4.1889923255149,4.18214852252472,4.18420625121342,4.1875254837884,4.19098374314884,4.19450841288739,4.19801655629886,4.20260823957046,4.20842354088613
27,4.26495026184649,4.18861073195391,4.18162738916744,4.18381125819804,4.18718476856529,4.19068553761042,4.19424879533936,4.19777666766219,4.20263932481245,4.2084652648444
28,4.26733157991207,4.1882424319303,4.18110482671437,4.18341177951047,4.18683949909061,4.19038311595659,4.19398545652849,4.1975328430507,4.20266640214355,4.20850206516286
29,4.26973115988428,4.18788723898278,4.18058089959152,4.18300781509229,4.18648965247873,4.19007645612353,4.1937183809894,4.19728505523592,4.20268944785575,4.2085338937658
30,4.2721492890137,4.18754497112376,4.18005566815086,4.18259936419719,4.18613520510518,4.18976553521968,4.19344755250017,4.19703327627754,4.20270843715495,4.20856070125695
31,4.27458626044348,4.18721545072894,4.17952918875394,4.18218642534407,4.1857761325916,4.18945032951449,4.19317295407653,4.19677747750821,4.20272334414795,4.2085824368908
32,4.27700214056442,4.18708848054664,4.17906889029116,4.18175380890252,4.18538660619306,4.18910229896996,4.19285230869806,4.19665226124411,4.20269463819201,4.20839856639806
33,4.27941690038949,4.18706634377843,4.17864040130639,4.18130948655352,4.18498005900434,4.18873636361657,4.19250699394917,4.19658822890738,4.20264162845563,4.20811359403908
34,4.28185019734207,4.18705649581376,4.17821105810779,4.18086086627316,4.18456904346541,4.18836641538219,4.19215745310636,4.196519755918,4.20258327975598,4.2078254348353
35,4.28393979109768,4.18675045171322,4.17846046102871,4.18124808941604,4.18453795690307,4.18792928115912,4.19150960388752,4.19615389114427,4.20222733279418,4.20724314085618
36,4.28478204322489,4.18539219821604,4.17874494765807,4.18159639889938,4.18492705881314,4.18831071641952,4.19167627150662,4.19618431697303,4.20192768730458,4.20645836098473
37,4.28531006709763,4.18379027890001,4.17878079417956,4.18169685888455,4.18505696692055,4.1884266307373,4.19174748410576,4.19648897545053,4.20221066043703,4.20649128328707
38,4.2858353589039,4.18221037173726,4.17882725991872,4.18180704179916,4.18518372580417,4.18853161500773,4.19180823263305,4.19678702669957,4.20248846161206,4.20652090588438
39,4.28633724605219,4.18080732971355,4.17886732072647,4.18191001639381,4.18529043674787,4.18860883070596,4.19184177888337,4.19706180868294,4.20274449007102,4.20653074202281
40,4.28666557843354,4.18070400090664,4.17877715277273,4.18188266507186,4.18525460897957,4.18853647110984,4.19172705970129,4.1971926215688,4.20285846041319,4.20640138104254
41,4.28699182145955,4.18061210208037,4.17869905102963,4.18186641270453,4.18521684488757,4.18845433391233,4.19160307228738,4.19731791829836,4.20296839119275,4.20627005214753
42,4.2876298320308,4.18063590076103,4.17861153266381,4.18177627434388,4.18510754538856,4.18830107797429,4.19168419284049,4.19738217464363,4.20278539044736,4.20608607890615
43,4.28827301731763,4.18067492606236,4.17853686356325,4.18168430646832,4.18498847292225,4.18813862177964,4.19176392331669,4.19744251897808,4.20259714268667,4.20590020690511
44,4.28891604737623,4.18072759356109,4.17847546859878,4.18159177839608,4.18486068661188,4.18796796077827,4.19183916274927,4.19749988027841,4.20240814068424,4.20571328096577
45,4.28955893847129,4.18079378031262,4.17842736670829,4.18149871515995,4.18472419171318,4.18778909726498,4.19190992321514,4.19755427315385,4.20221839653175,4.20552531746895
46,4.29020170655245,4.18087336642363,4.17839257605916,4.18140514132211,4.1845789933431,4.18760203343401,4.1919762165387,4.19760571186462,4.20202792207901,4.20533633238321
47,4.29084436725552,4.18096623498518,4.17837111409883,4.18131108097417,4.18442509648077,4.18740677138038,4.19203805429444,4.19765421032607,4.20183672893458,4.20514634127005
48,4.29148693590348,4.18107227200763,4.17836299760386,4.18121655773754,4.18426250596845,4.18720331310133,4.19209544780935,4.19769978211272,4.2016448284666,4.20495535928903
49,4.2921294275075,4.18119136635728,4.17836824272709,4.18112159476387,4.18409122651254,4.18699166049776,4.19214840816548,4.19774244046223,4.20145223180354,4.20476340120272
50,4.29277185676791,4.18132340969465,4.17838686504329,4.18102621473576,4.18391126268441,4.18677181537568,4.19219694620227,4.19778219827939,4.201258949835,4.20457048138163
51,4.29348080589417,4.18147798295133,4.17837890656312,4.18090426010795,4.1837160323624,4.18665992370455,4.19223861449034,4.19771915597986,4.20106116579927,4.20436315214703
52,4.2942871963714,4.18166020202214,4.17831980508467,4.18074012365931,4.18350418033085,4.18670882995851,4.19227449577751,4.19751353353204,4.20085815808023,4.20413347518334
53,4.29509597523115,4.18185680651534,4.17826334577069,4.18056928705698,4.18328581499599,4.18675494472698,4.19230911874639,4.19730894284484,4.20065589467313,4.20389986943852
54,4.29590717062794,4.18206770143,4.17820954685249,4.18039176162711,4.1830609359656,4.18679827714542,4.19234249389928,4.19710538890225,4.2004543846697,4.20366233888021
55,4.29672081060387,4.182292794912,4.17815842578812,4.18020755830448,4.18282954258235,4.18683883602926,4.19237463136922,4.19690287649789,4.20025363686518,4.20342088704762
56,4.29753692309537,4.18253199819493,4.17810999928816,4.18001668763129,4.18259163392502,4.1868766298789,4.19240554092676,4.19670141023889,4.20005365976508,4.20317551705559
57,4.29835553593983,4.18278522554263,4.17806428334085,4.1798191597559,4.18234720880963,4.18691166688449,4.19243523198639,4.1965009945498,4.19985446159184,4.20292623159863
58,4.29917667688222,4.18305239419363,4.17802129323623,4.17961498443177,4.18209626579053,4.18694395493058,4.19246371361285,4.19630163367621,4.19965605029122,4.20267303295477
59,4.30000037358145,4.1833334243072,4.17798104358976,4.17940417101618,4.18183880316121,4.1869735016006,4.19249099452731,4.19610333168846,4.1994584335385,4.20241592298933
60,4.30082665361674,4.18362823891118,4.17794354836494,4.17918672846926,4.18157481895511,4.18700031418127,4.19251708311323,4.19590609248509,4.19926161874466,4.20215490315852
61,4.30166608895289,4.18383856916348,4.17780852067084,4.17894252258343,4.18157719105375,4.18701838376132,4.19231921440416,4.19569267501041,4.19900555886716,4.20213127553255
62,4.30251031543032,4.18404661847321,4.17766146764023,4.17869145049808,4.18160051332779,4.18703561919041,4.19210456415647,4.19547958584987,4.19874163980019,4.20212822563343
63,4.30335842836334,4.18426030950828,4.17751056506894,4.17843528877406,4.18162214058778,4.18705265267922,4.19189203580704,4.19526832973855,4.19847480766263,4.20212544181015
64,4.30421045673337,4.18447961055289,4.17735582615904,4.17817403689272,4.18164207623256,4.18706948622169,4.19168162394329,4.1950589055698,4.19820505217787,4.20212292551677
65,4.30506642979037,4.18470449091627,4.17719726352941,4.17790769412697,4.18166032355986,4.18708612169105,4.19147332325871,4.19485131219065,4.19793236280785,4.20212067812887
66,4.30592637705978,4.18493492091564,4.17703488922254,4.17763625953666,4.18167688576678,4.18710256084308,4.19126712855215,4.19464554840541,4.19765672875268,4.20211870094527
67,4.30679032834946,4.18517087185968,4.17686871471111,4.17735973196431,4.18169176595017,4.18711880531902,4.19106303472729,4.19444161297915,4.19737813894997,4.20211699518984
68,4.30765831375674,4.18541231603261,4.17669875090438,4.17707811003046,4.18170496710695,4.18713485664841,4.19086103679204,4.19423950464107,4.19709658207432,4.20211556201302
69,4.3085303636755,4.18565922667864,4.17652500815429,4.17679139212944,4.18171649213442,4.18715071625202,4.19066112985797,4.19403922208774,4.19681204653655,4.20211440249342
70,4.30937256338702,4.18583810945423,4.17631360650743,4.17663934682429,4.18170352812379,4.18702330428689,4.19043016649929,4.19377271540475,4.1966456079755,4.20226105153681
71,4.31018605242222,4.18594849429495,4.17606641795781,4.17661646615928,4.18166809894247,4.18676200301076,4.19016944483429,4.19343973245474,4.19659297766712,4.20255031225635
72,4.31100263353289,4.18605838076961,4.17581554903305,4.17659190719126,4.18163210760281,4.18650247136425,4.18991019051174,4.19310340970954,4.19654019978712,4.20284315049773
73,4.31182232298206,4.18616776430304,4.17556100579935,4.17656567751367,4.18159555494013,4.18624470027693,4.18965239880198,4.19276373492902,4.19648726839846,4.20313957205537
74,4.31264513723794,4.18627664036268,4.17530279400667,4.17653778460682,4.18155844176422,4.18598868086982,4.18939606499164,4.19242069572766,4.19643417754517,4.20343958288739
75,4.31347109297636,4.18638500445784,4.17504091909196,4.1765082358367,4.18152076885926,4.18573440445194,4.18914118438474,4.19207427957315,4.19638092125157,4.20374318911649
76,4.31430020708333,4.18649285213885,4.17477538618224,4.17647703845397,4.18148253698369,4.18548186251655,4.18888775230397,4.19172447378492,4.19632749352146,4.20405039703101
77,4.3151324966576,4.18660017899614,4.17450620009764,4.17644419959295,4.18144374687011,4.18523104673795,4.18863576409173,4.1913712655326,4.1962738883374,4.20436121308587
78,4.31596797901318,4.18670698065952,4.17423336535431,4.17640972627069,4.18140439922509,4.18498194896796,4.18838521511129,4.19101464183454,4.19622009965985,4.20467564390358
79,4.31678894437649,4.18679710822738,4.17400702443958,4.17636358511852,4.181311515398,4.18471929354135,4.1881041563757,4.19069829928379,4.19621983980613,4.20499023343307
80,4.31753374553261,4.18681487963341,4.17399863367843,4.17627165285132,4.18098538567164,4.18439017110995,4.18767996358145,4.19057339747578,4.19645928856901,4.20529288189639
81,4.31827991476637,4.18683142109021,4.17398918223509,4.17617872687755,4.18066028719435,4.18406168274083,4.18725155263398,4.19044744825972,4.19670133326521,4.20559845093668
82,4.31902745491678,4.18684672382481,4.17397867839501,4.17608481533944,4.18033621549585,4.18373382731978,4.18681891858104,4.19032044835291,4.19694597739838,4.205906940376
83,4.3197763688429,4.1868607791945,4.17396713018042,4.17598992625507,4.18001316626218,4.18340660372478,4.18638205645574,4.19019239447479,4.19719322448219,4.20621835012743
84,4.32052665942351,4.18687357868436,4.17395454535711,4.17589406751895,4.17969113533106,4.18308001082735,4.18594096127633,4.1900632833461,4.19744307804117,4.20653268019406
85,4.32127832955675,4.18688511390476,4.17394093144101,4.17579724690263,4.17937011868712,4.18275404749371,4.18549562804618,4.18993311168819,4.1976955416116,4.20684993066805
86,4.32203138215986,4.18689537658899,4.17392629570448,4.17569947205541,4.1790501124574,4.18242871258593,4.18504605175356,4.1898018762223,4.19795061874233,4.20717010172974
87,4.32278582016877,4.18690435859097,4.17391064518267,4.17560075050502,4.1787311129069,4.18210400496311,4.1845922273716,4.18966957366876,4.19820831299556,4.20749319364665
88,4.32354164653788,4.18691205188268,4.17389398667953,4.17550108965836,4.17841311643428,4.18177992348227,4.18413414985819,4.18953620074647,4.19846862794765,4.20781920677269
89,4.32419245844559,4.18715243749467,4.17382762954431,4.17514193974087,4.17801563883326,4.18126895923451,4.18390681612539,4.18969038110971,4.1987136055491,4.20809013392259
90,4.32483430600833,4.1874117861984,4.17375689033728,4.17476271551444,4.1776117740507,4.18073815296485,4.183696783071,4.18986986712347,4.19895924988415,4.20835847484737
91,4.32547585133286,4.1876712300575,4.17368580531373,4.17438439928904,4.17720806122743,4.1802025553444,4.18348502960218,4.19005116928867,4.19920697968934,4.20862891885483
92,4.32611708781934,4.18793075346678,4.1736143796127,4.17400699254519,4.17680450659946,4.17966217331679,4.18327155850449,4.19023429052211,4.19945679358293,4.20890146403021
93,4.32675800878919,4.18819034108795,4.17354261814461,4.17363049678066,4.17640111635328,4.17911701395106,4.18305637259547,4.19041923367803,4.19970869018746,4.20917610843228
94,4.3273986074845,4.18844997784365,4.17347052559895,4.17325491350753,4.17599789662729,4.17856708444224,4.18283947472507,4.19060600154881,4.19996266812858,4.20945285009338
95,4.32803887706745,4.18870964891135,4.17339810645198,4.17288024424953,4.17559485351321,4.17801239211192,4.1826208677757,4.19079459686557,4.20021872603385,4.20973168701944
96,4.32867881061966,4.18896933971761,4.17332536497395,4.17250649053945,4.17519199305748,4.17745294440879,4.18240055466266,4.19098502229888,4.20047686253156,4.21001261718997
97,4.3293184011417,4.18922903593239,4.17325230523623,4.17213365391678,4.17478932126245,4.17688874890936,4.18217853833419,4.19117728045928,4.20073707624964,4.21029563855798
98,4.33009818257926,4.18943727776867,4.17297544545713,4.17169416873356,4.17421896423544,4.17651274600043,4.18219184855723,4.19135504904944,4.20095054154756,4.21056577607127
99,4.33093351589621,4.18962576164387,4.17262180774471,4.17122897932211,4.17357992716363,4.17620804325752,4.18229681968304,4.19152794687827,4.20114666151934,4.21083053689131
100,4.33176763853087,4.18981464960501,4.17226988961243,4.17076430766337,4.17293622106795,4.17590145624623,4.18240323024938,4.19170251759323,4.20134443014881,4.21109565928272
101,4.33260053760951,4.19000392439513,4.1719196828479,4.17030016494347,4.17228786742762,4.1755929949591,4.18251108321409,4.19187875836864,4.20154384367055,4.21136114256399
102,4.3334322001513,4.19019356897036,4.17157117925132,4.16983656217822,4.17163488792467,4.17528266945374,4.18262038143337,4.19205666635765,4.20174489830064,4.21162698597872
103,4.33426261306814,4.19038356649617,4.17122437063681,4.16937351021662,4.17097730444324,4.17497048985295,4.18273112766265,4.19223623869131,4.20194759023563,4.21189318869646
104,4.33509176316436,4.19057390034387,4.17087924883363,4.16891101974446,4.17031513906885,4.17465646634483,4.18284332455733,4.19241747247756,4.20215191565165,4.21215974981346
105,4.33591963713656,4.19076455408695,4.17053580568734,4.16844910128773,4.16964841408774,4.17434060918287,4.18295697467367,4.19260036480036,4.20235787070344,4.21242666835334
106,4.33674622157334,4.19095551149773,4.17019403306105,4.16798776521592,4.16897715198624,4.17402292868609,4.18307208046946,4.19278491271876,4.2025654515235,4.21269394326791
107,4.33753065208712,4.19098996570096,4.1698159951243,4.16739890114365,4.16847682430025,4.17391496881294,4.18319201679751,4.19294824886106,4.20277508589085,4.21295734128136
108,4.33828165067417,4.19090467518004,4.16941006742373,4.1667083409496,4.16810930196408,4.1739707902334,4.18331599217335,4.19309536932114,4.20298553120732,4.21321828087317
109,4.33903046873236,4.19082096853572,4.16900548145569,4.16601387301441,4.16774003849528,4.17402786299499,4.18344139466119,4.19324387306958,4.20319602781082,4.21348001122995
110,4.33977709070385,4.19073881368862,4.16860223933682,4.16531553061082,4.16736905133354,4.17408619149566,4.18356822145802,4.19339375601395,4.20340657564719,4.21374252971153
111,4.3405215009377,4.19065817906448,4.16820034297881,4.16461334714372,4.16699635795545,4.17414577999264,4.18369646972224,4.19354501402412,4.20361717456596,4.21400583361488
112,4.34126368369094,4.19057903358343,4.16779979409662,4.16390735614911,4.16662197587457,4.17420663260376,4.18382613657317,4.19369764293183,4.20382782432252,4.21426992017406
113,4.34200362312963,4.19050134664945,4.1674005942162,4.16319759129335,4.16624592264159,4.17426875330869,4.18395721909039,4.19385163853023,4.20403852458025,4.21453478656023
114,4.34274130332994,4.19042508814015,4.16700274468229,4.16248408637214,4.16586821584432,4.17433214595028,4.18408971431328,4.19400699657352,4.20424927491249,4.2148004298816
115,4.34347670827923,4.19035022839675,4.16660624666568,4.16176687530984,4.16548887310779,4.17439681423573,4.18422361924045,4.19416371277646,4.20446007480466,4.21506684718341
116,4.34404043079385,4.19025845284237,4.16611950368853,4.16119826018894,4.16529000313674,4.17447649994545,4.18435178048471,4.19433013709342,4.20467976903097,4.21525516279502
117,4.34437565788717,4.19014524789085,4.16551412031537,4.16082526512649,4.1653278372146,4.1745762471626,4.18447296504077,4.194508758706,4.20491248743254,4.21534141322361
118,4.34470813761169,4.1900333171051,4.16490649218191,4.16045131245431,4.16536714530571,4.17467749967675,4.18459556859378,4.19468745797808,4.20514596842518,4.21542710066748
119,4.34503785786045,4.18992263531698,4.16429664673839,4.16007642003614,4.16540793136341,4.17478025360573,4.18471958561316,4.19486623375987,4.20538021068196,4.21551222502391
120,4.34536480652088,4.18981317772829,4.16368461144076,4.15970060569605,4.16545019916526,4.17488450504653,4.18484501054909,4.19504508485935,4.20561521277394,4.21559678621985
121,4.34568897147641,4.18970491990369,4.16307041375352,4.15932388721909,4.16549395231445,4.17499025007416,4.18497183783219,4.19522401004313,4.2058509731713,4.21568078421206
122,4.34601034060803,4.18959783776364,4.16245408115261,4.15894628235189,4.16553919424122,4.17509748474034,4.18510006187318,4.19540300803735,4.20608749024458,4.21576421898717
123,4.34632890179578,4.18949190757758,4.16183564112804,4.15856780880323,4.16558592820432,4.17520620507241,4.18522967706254,4.19558207752852,4.20632476226584,4.21584709056173
124,4.34664464292042,4.18938710595723,4.16121512118652,4.15818848424482,4.16563415729227,4.17531640707216,4.1853606777701,4.19576121716438,4.20656278740977,4.21592939898233
125,4.34692491600062,4.18922330387862,4.16070044915294,4.15794301031114,4.16568752523783,4.17541558694248,4.18549029256312,4.19594108598817,4.20673274031032,4.21594108961477
126,4.34713495452095,4.18893605550123,4.16040649369602,4.1579747163731,4.16575034551065,4.17549098404478,4.185615249687,4.19612342583366,4.20676083022678,4.21580694460584
127,4.34734184122633,4.18864783314097,4.16011267942918,4.1580083483464,4.16581487162928,4.17556787208212,4.18574032202571,4.19630650965279,4.20678842498491,4.2156712974823
128,4.34754556644781,4.18835863876104,4.1598190135258,4.15804390588243,4.16588109901022,4.17564624526154,4.18586550889651,4.19649033601865,4.20681552797419,4.21553415822182
129,4.34774612058633,4.18806847457914,4.15952550310108,4.15808138838889,4.16594902303286,4.17572609777871,4.18599080960488,4.19667490343078,4.20684214261855,4.21539553687879
130,4.34794349411386,4.18777734306343,4.1592321552153,4.15812079503292,4.16601863903762,4.17580742381717,4.18611622344455,4.19686021031561,4.20686827237554,4.21525544358401
131,4.34813767757442,4.18748524692853,4.15893897687696,4.15816212474409,4.16608994232412,4.17589021754733,4.18624174969775,4.19704625502673,4.20689392073565,4.2151138885444
132,4.34832866158523,4.18719218913149,4.15864597504585,4.15820537621752,4.1661629281495,4.17597447312564,4.18636738763518,4.1972330358453,4.2069190912216,4.21497088204268
133,4.34851643683778,4.18689817286799,4.15835315663587,4.15825054791686,4.16623759172666,4.17606018469361,4.18649313651622,4.1974205509803,4.20694378738766,4.21482643443704
134,4.34868128165899,4.18666586448288,4.15815185781512,4.15829799271566,4.16630284455583,4.17614173097514,4.18661787845727,4.19755685533941,4.20691552867788,4.21466816532181
135,4.3487768274582,4.18664614471545,4.15825954541351,4.15834861527835,4.16633243988362,4.1762051712346,4.18673970116157,4.19751677037114,4.20670754125991,4.21446724322365
136,4.34886868161513,4.18662638625957,4.15836931004682,4.15840122585845,4.16636363750701,4.17626874255826,4.18686218585124,4.19747621159071,4.20649819460105,4.21426542411176
137,4.34895684118881,4.18660657291623,4.15848113859788,4.15845581703083,4.16639643332377,4.1763324479674,4.18698533386544,4.19743518703005,4.20628750448716,4.21406272359244
138,4.34904130334988,4.1865866888889,4.15859501771942,4.15851238126276,4.16643082315292,4.17639629044345,4.18710914643369,4.19739370471861,4.20607548676556,4.21385915726482
139,4.34912206538187,4.18656671877544,4.15871093384282,4.15857091091365,4.16646680273482,4.17646027292796,4.18723362467661,4.19735177268288,4.20586215734355,4.2136547407204
140,4.34919912468213,4.18654664756027,4.15882887318651,4.15863139823485,4.16650436773113,4.17652439832257,4.18735876960687,4.19730939894592,4.20564753218714,4.21344948954261
141,4.34915673776104,4.18643976186466,4.15886827391414,4.15861487911553,4.16688475627065,4.17685101330714,4.18748011024426,4.19718738933632,4.20535255738139,4.21316452080487
142,4.34893949573424,4.18620515133794,4.15879103283871,4.15848403020195,4.16723302411388,4.17724557680237,4.18795019331927,4.19730907911992,4.20507966832999,4.21276274820174
143,4.34851477927051,4.18584446688521,4.15855961753097,4.1586379263822,4.16742525338839,4.17748696585639,4.18823792751748,4.19744261430627,4.20508104805215,4.21276940081043
144,4.34829389572325,4.18579708104993,4.15834184361732,4.15878499120144,4.16760448113293,4.17773749987556,4.18833236294961,4.19738122437171,4.20504835366265,4.2126782664156
145,4.34806738454667,4.18575050537078,4.15812666165901,4.15893262225472,4.16778425675572,4.17798805185632,4.18842695889689,4.1973203085536,4.20501598715777,4.21258726294851
146,4.34783529411435,4.18570471459412,4.15791405586107,4.15908081320557,4.16796457146643,4.17823861713992,4.1885217144247,4.19725986893047,4.20498395223844,4.21249639802493
147,4.34759767298735,4.18565968400996,4.15770401047766,4.15922955745518,4.16814541645167,4.17848919094142,4.18861662852922,4.19719990752138,4.20495225246919,4.21240567915698
148,4.34735456990648,4.18561538944253,4.15749650981156,4.15937884815276,4.16832678287397,4.17873976835434,4.18871170013872,4.19714042628562,4.20492089128067,4.21231511375335
149,4.34710603378425,4.18557180724143,4.15729153821347,4.15952867820548,4.16850866187107,4.17899034435509,4.18880692811488,4.19708142712259,4.20488987197214,4.2122247091196
150,4.34685211369711,4.1855289142725,4.15708908008152,4.15967904028833,4.16869104455519,4.17924091380734,4.18890231125406,4.1970229118716,4.2048591977139,4.21213447245845
151,4.34659285887748,4.18548668790912,4.15688911986073,4.15982992685366,4.16887392201257,4.1794914714663,4.18899784828867,4.1969648823118,4.20482887154962,4.21204441087007
152,4.34632831870589,4.18544510602348,4.15669164204264,4.15998133014049,4.16905728530305,4.17974201198295,4.18909353788834,4.19690734016202,4.20479889639869,4.21195453135245
153,4.3463538831407,4.18544091376576,4.1564921645895,4.16014883792177,4.16927935777019,4.1798136462147,4.18900960897918,4.19684290142158,4.20467884591078,4.21193984028583
154,4.34639207558647,4.18543889788827,4.15629490610763,4.16031751660093,4.16950317979448,4.17987740157404,4.18891798702429,4.19677859291227,4.20455480437368,4.21192463813794
155,4.34642484813389,4.18543789653121,4.15610059553642,4.16048721049053,4.16972756048304,4.1799419212644,4.18882748791346,4.19671524908034,4.20443157312743,4.21190565743929
156,4.3464245230282,4.18541725996468,4.15608925849798,4.16063906768564,4.16993365449327,4.17998833343149,4.18871925481291,4.19663405232517,4.20429038342701,4.21186421233364
157,4.34639718460409,4.18538157997383,4.15622110805266,4.16077721715211,4.17012558605399,4.18002079572028,4.18859746719278,4.19653917034362,4.20413540349377,4.21180448741287
158,4.34636478398367,4.18534715571023,4.15635367839316,4.16091654013384,4.17031823987562,4.18005422712751,4.18847704244224,4.19644549116935,4.2039814900512,4.21174135111319
159,4.34632736509857,4.18531395254512,4.15648695366515,4.16105701862611,4.17051160562734,4.18008862118904,4.18835797623996,4.19635301213903,4.20382864353342,4.21167485133626
160,4.34628497188211,4.18528193667855,4.15662091790863,4.16119863466125,4.17070567284471,4.18012397135004,4.18824026417765,4.19626173042736,4.20367686430296,4.21160503576676
161,4.34623764826478,4.18525107511956,4.15675555507008,4.16134137030911,4.17090043093599,4.18016027096782,4.18812390176176,4.19617164305214,4.20352615264977,4.211531951869
162,4.34625729985046,4.1851921546177,4.15687850216244,4.16148922597835,4.17094568716637,4.18004717764226,4.1879810133545,4.19599515653804,4.20339412697172,4.21181965571815
163,4.34630787511167,4.18512117212476,4.15699631552364,4.16163936186314,4.1709246189479,4.17986794433602,4.18782684262806,4.19578029706358,4.20326763021481,4.21226794218643
164,4.34635375920593,4.18505206275297,4.15711539804882,4.16179081483365,4.1709052893366,4.17969090714956,4.18767468010703,4.19556734380621,4.20313865534833,4.21271108941091
165,4.34639499285977,4.18498478615964,4.15723572613874,4.16194356547635,4.17088768418541,4.17951605378227,4.18752451587832,4.19535628951473,4.2030072442718,4.21314914173298
166,4.34643161670147,4.18491930285511,4.15735727620142,4.16209759435437,4.17087178927967,4.1793433718784,4.18737633988711,4.19514712686781,4.20287343861688,4.21358214335777
167,4.34646367125833,4.18485557418327,4.1574800246619,4.16225288201188,4.17085759034127,4.17917284902926,4.18723014194266,4.19493984847556,4.2027372797455,4.21401013835038
168,4.34649119695422,4.18479356230258,4.15760394797154,4.16240940897822,4.17084507303277,4.17900447277543,4.18708591172408,4.19473444688101,4.20259880874805,4.2144331706321
169,4.34651423410686,4.18473323016763,4.157729022617,4.16256715577214,4.17083422296144,4.17883823060897,4.18694363878593,4.19453091456166,4.20245806644161,4.21485128397675
170,4.34653282292536,4.18467454151106,4.15785522512878,4.16272610290593,4.17082502568323,4.17867410997563,4.18680331256362,4.194329243931,4.2023150933683,4.21526452200709
171,4.34653998566953,4.18462534121548,4.15799243749537,4.16282950434262,4.17076076316006,4.17850819476467,4.18663496895044,4.19413952000561,4.20233306462236,4.21563621977386
172,4.34652752990483,4.18459556063066,4.15815295310787,4.16280481180139,4.17056867172495,4.17833539863881,4.18639956249691,4.19397260102015,4.20272707045546,4.21591584021896
173,4.34651193321213,4.18456769411647,4.15831502964961,4.16278264659311,4.17037970671424,4.17816553719749,4.18616701878569,4.19380444981697,4.20311707008573,4.21618891382854
174,4.34649322470775,4.1845417041399,4.1584786372456,4.16276297929491,4.17019384094919,4.17799858671501,4.18593731657341,4.19363509511933,4.20350310165657,4.21645551359832
175,4.34647143332301,4.18451755388605,4.15864374610251,4.16274578061253,4.17001104734486,4.17783452346674,4.18571043467719,4.19346456538174,4.20388520302448,4.21671571218089
176,4.34644658780507,4.18449520724192,4.15881032651753,4.16273102138192,4.16983129891178,4.17767332373409,4.18548635197598,4.19329288879066,4.20426341176021,4.21696958188084
177,4.34641871671791,4.18447462878038,4.15897834888683,4.1627186725708,4.16965456875764,4.17751496380928,4.18526504741183,4.19312009326526,4.20463776514999,4.21721719465009
178,4.34638784844311,4.18445578374482,4.15914778371368,4.16270870528018,4.1694808300889,4.17735941999994,4.18504649999119,4.19294620645818,4.20500830019669,4.21745862208329
179,4.34635401118083,4.18443863803401,4.1593186016162,4.16270109074592,4.16931005621244,4.17720666863362,4.18483068878613,4.19277125575642,4.20537505362101,4.21769393541342
180,4.34631723295066,4.18442315818752,4.15949077333466,4.16269580034026,4.169142220537,4.17705668606213,4.18461759293558,4.19259526828208,4.20573806186266,4.21792320550745
181,4.34631863778279,4.18442865973778,4.15952753478061,4.16255472044409,4.16897103932695,4.1768369356664,4.18442150128098,4.1928306266296,4.20599695454559,4.21811338980521
182,4.34633118448629,4.18444168427794,4.15952773204349,4.16237771450265,4.16880125085857,4.176599619229,4.18422932543191,4.19318203116406,4.20622129524464,4.21828816276145
183,4.34634159627531,4.18445709757478,4.15953056296642,4.16220438905974,4.16863505686651,4.17636587102174,4.18403697445775,4.19353045409488,4.20644041942231,4.21845757826056
184,4.34634989052829,4.18447485428839,4.15953598834328,4.16203470330534,4.16847242127717,4.17613565783393,4.1838444643332,4.19387592501281,4.20665438992336,4.21862170515424
185,4.34635608444765,4.18449490980829,4.15954396924981,4.16186861673215,4.1683133081846,4.17590894666381,4.18365181081781,4.19421847319182,4.20686326914264,4.2187806117614
186,4.34636019506259,4.18451722023943,4.15955446704686,4.16170608913425,4.16815768185347,4.17568570471856,4.18345902945822,4.19455812759276,4.20706711902506,4.2189343658688
187,4.34636223923179,4.18454174238842,4.15956744338325,4.16154708060581,4.16800550672194,4.17546589941411,4.18326613559039,4.19489491686697,4.20726600106561,4.21908303473171
188,4.34636223364603,4.18456843375023,4.15958286019858,4.1613915515398,4.16785674740449,4.17524949837496,4.18307314434182,4.19522886935996,4.20745997630944,4.2192266850747
189,4.34636019483084,4.18459725249513,4.15960067972576,4.16123946262671,4.16771136869447,4.17503646943405,4.18288007063374,4.19556001311488,4.20764910535198,4.21936538309245
190,4.34635364783224,4.18461469318839,4.15960484255903,4.16109154228682,4.1675615575735,4.17482857107331,4.18273994744623,4.1958761732369,4.20783071967302,4.21949830513057
191,4.34631875128937,4.18451370197392,4.15947197222896,4.16095402300865,4.16734680764282,4.17463855534229,4.1830773103807,4.19607745216328,4.20798278392812,4.2196186420419
192,4.34628303169244,4.1844158882095,4.15934275891351,4.16082044635261,4.16713611524717,4.17444919380649,4.1834125436451,4.19627461368655,4.20813060667214,4.21973480177449
193,4.34624649253551,4.18432120370871,4.15921715245382,4.1606907648907,4.16692943623169,4.17426048993246,4.1837456673096,4.19646770796457,4.20827424361548,4.21984684135746
194,4.34620913722251,4.18422960096984,4.15909510319995,4.16056493157163,4.16672672682275,4.17407244709257,4.18407670116926,4.19665678471943,4.20841374994937,4.21995481728269
195,4.34617096906979,4.18414103316444,4.15897656200771,4.16044289971996,4.16652794362508,4.17388506856653,4.18440566474858,4.1968418932401,4.2085491803495,4.2200587855083
196,4.3461319913087,4.18405545412598,4.15886148023531,4.16032462303512,4.16633304361892,4.17369835754291,4.18473257730594,4.19702308238526,4.20868058897959,4.22015880146227
197,4.34609220708806,4.18397281833886,4.15874980974018,4.16021005559046,4.16614198415717,4.17351231712059,4.18505745783789,4.19720040058591,4.20880802949498,4.2202549200459
198,4.34605161947663,4.18389308092748,4.15864150287556,4.16009915183219,4.16595472296259,4.17332695031026,4.1853803250835,4.19737389584814,4.20893155504621,4.22034719563744
199,4.34601023146546,4.18381619764573,4.15853651248716,4.15999186657828,4.16577121812496,4.17314226003585,4.18570119752853,4.19754361575581,4.20905121828262,4.2204356820956
200,4.34596606265703,4.18372544406148,4.15845426471255,4.15988578044759,4.16560963770942,4.17311022885919,4.18600263024055,4.19771948739886,4.20918210515017,4.22034435876317
201,4.34590959948917,4.18359276456453,4.15843237103934,4.15977942058739,4.16550348947851,4.17350806822437,4.18625355503944,4.19792156207749,4.20935388434909,4.21974528515067
202,4.34585295448264,4.18346310544219,4.15841354475945,4.1596766074829,4.1653980261256,4.17390406114113,4.18650081346831,4.19811983154216,4.20952190087266,4.21914915468297
203,4.34579612316251,4.1833364260068,4.15839774171039,4.15957729816292,4.16529324631591,4.17429822153474,4.18674444444348,4.19831433940251,4.20968620374177,4.21855595551897
204,4.34573910103143,4.18321268611195,4.15838491813601,4.15948145003976,4.16518914868665,4.17469056311803,4.18698448656805,4.19850512892115,4.20984684149487,4.21796567589208
205,4.34568188357158,4.18309184614319,4.15837503068516,4.15938902090623,4.1650857318476,4.17508109939545,4.18722097813465,4.19869224301562,4.21000386219086,4.21737830410966
206,4.34562446624655,4.18297386700914,4.1583680364102,4.15929996893255,4.16498299438178,4.17546984366691,4.18745395712804,4.19887572426053,4.21015731341195,4.21679382855236
207,4.34556684450325,4.18285871013263,4.15836389276547,4.15921425266352,4.164880934846,4.17585680903165,4.18768346122772,4.19905561488951,4.21030724226669,4.21621223767356
208,4.34550901377371,4.18274633744208,4.1583625576057,4.1591318310154,4.16477955177158,4.17624200839195,4.18790952781051,4.19923195679726,4.21045369539297,4.21563351999884
209,4.34545096947679,4.18263671136311,4.15836398918423,4.15905266327307,4.16467884366482,4.17662545445685,4.18813219395309,4.19940479154157,4.21059671896115,4.21505766412532
210,4.3453880914172,4.18254422815412,4.15836248840109,4.1589898312736,4.1647229298353,4.17698285031819,4.18835649431977,4.19958445960158,4.21056416574692,4.21450446093223
211,4.34530615245857,4.18249726133767,4.1583503301982,4.15896756535541,4.16517262398824,4.17727087809295,4.18859329942596,4.19979163970963,4.21003726998703,4.21401297944633
212,4.34522433521141,4.18245277159485,4.15834087825258,4.1589459752964,4.16562066841373,4.17755557927691,4.18882659839321,4.19999532745523,4.20951298501968,4.213524881086
213,4.34514263145945,4.18241072438963,4.15833409338659,4.15892505642746,4.16606707325655,4.17783698604947,4.18905642741999,4.20019556403341,4.20899129775453,4.21304014582293
214,4.34506103300468,4.18237108559035,4.15832993681671,4.15890480408393,4.16651184848317,4.17811513035333,4.18928282244809,4.20039239025605,4.20847219526556,4.21255875369813
215,4.34497953166837,4.18233382146412,4.15832837015029,4.15888521360569,4.1669550038852,4.17839004389635,4.18950581916403,4.20058584655441,4.20795566478739,4.21208068482416
216,4.34489811929237,4.18229889867099,4.15832935538235,4.15886628033725,4.16739654908265,4.17866175815357,4.18972545300034,4.20077597298166,4.20744169371164,4.21160591938717
217,4.34481678774007,4.1822662842585,4.15833285489242,4.15884799962786,4.16783649352727,4.1789303043691,4.18994175913695,4.20096280921544,4.20693026958342,4.21113443764897
218,4.34473552889752,4.18223594565622,4.15833883144114,4.15883036683163,4.16827484650574,4.17919571355796,4.19015477250244,4.20114639456044,4.20642138009796,4.21066621994895
219,4.34465433467451,4.18220785067034,4.15834724816718,4.15881337730762,4.16871161714286,4.17945801650795,4.19036452777541,4.20132676795108,4.20591501309721,4.21020124670584
220,4.34457793339998,4.18217773816215,4.15836549248261,4.15885504303342,4.16913492190114,4.17971805187321,4.19057411868979,4.20143576639774,4.20541852685227,4.20974240720768
221,4.34454208475063,4.1821175471002,4.15844823891902,4.15936623669765,4.16946237893976,4.17998432687476,4.19080832536427,4.20096816700478,4.20498966976418,4.20931302458476
222,4.34450619720464,4.1820599008175,4.15853143813631,4.15987588202508,4.16978681746133,4.18024731468218,4.19103919891145,4.20050279519341,4.20456375978343,4.20888669578468
223,4.34447026227964,4.18200476029835,4.15861508266021,4.1603839857823,4.17010826530219,4.18050704721588,4.19126677571429,4.20003963986033,4.2041407792727,4.2084634016141
224,4.34443427151218,4.18195208704245,4.15869916504407,4.16089055457631,4.17042675009271,4.1807635561877,4.1914910918428,4.19957869005031,4.20372071065451,4.20804312299696
225,4.34439821645891,4.18190184305715,4.15878367786905,4.16139559485778,4.17074229925898,4.18101687310183,4.19171218305588,4.19911993495283,4.2033035364136,4.20762584097399
226,4.34436208869761,4.1818539908497,4.15886861374448,4.16189911292432,4.17105494002442,4.18126702925579,4.19193008480329,4.19866336389889,4.20288923909923,4.20721153670227
227,4.34432587982828,4.18180849341974,4.15895396530817,4.16240111492359,4.17136469941142,4.18151405574132,4.1921448322276,4.19820896635794,4.20247780132727,4.20680019145466
228,4.34428958147417,4.18176531425193,4.1590397252266,4.16290160685642,4.17167160424292,4.18175798344536,4.19235646016613,4.1977567319348,4.20206920578227,4.20639178661941
229,4.34425318528279,4.18172441730859,4.15912588619527,4.16340059457987,4.17197568114391,4.18199884305088,4.19256500315304,4.19730665036671,4.20166343521937,4.2059863036996
230,4.34421668292686,4.18168576702256,4.15921244093896,4.16389808381012,4.17227695654298,4.18223666503782,4.19277049542132,4.19685871152054,4.20126047246609,4.20558372431274
231,4.34408558728686,4.18172873662927,4.15972103484314,4.16431551883963,4.1725858811209,4.18249864600679,4.19248158915266,4.1964765931323,4.20088688736902,4.20521952561943
232,4.34392678135908,4.18179351821571,4.16032775731714,4.16471284731966,4.17289505729231,4.18276465601136,4.19207653028726,4.19611294546683,4.20052290902316,4.2048669977075
233,4.34376815045118,4.18186016195083,4.16093274398947,4.16510743535644,4.17320112358701,4.18302740199369,4.19167317521977,4.19575164336872,4.20016138604565,4.20451677803725
234,4.34360968786596,4.18192862776119,4.16153599853019,4.16549930629842,4.17350410933742,4.18328691793176,4.19127151778861,4.19539267507846,4.19980230469134,4.20416885471665
235,4.34345138688656,4.18199887626834,4.16213752446521,4.16588848328998,4.17380404367615,4.18354323752521,4.19087155191574,4.19503602882301,4.19944565127039,4.20382321587942
236,4.34329324077901,4.18207086877197,4.16273732518043,4.16627498927374,4.17410095553729,4.1837963941973,4.19047327160489,4.19468169281965,4.199091412149,4.20347984968671
237,4.34313524279467,4.18214456723368,4.1633354039258,4.16665884699294,4.17439487365769,4.18404642109684,4.19007667093998,4.1943296552796,4.19873957375011,4.2031387443287
238,4.34297738617266,4.18221993426091,4.16393176381933,4.16704007899355,4.17468582657819,4.18429335110023,4.18968174408337,4.19397990441158,4.19839012255399,4.20279988802619
239,4.34281966414211,4.18229693309169,4.16452640785096,4.16741870762655,4.1749738426449,4.18453721681333,4.18928848527437,4.19363242842516,4.19804304509891,4.20246326903201
240,4.34266206992442,4.18237552757957,4.16511933888626,4.16779475505,4.17525895001032,4.18477805057356,4.18889688882764,4.19328721553399,4.19769832798173,4.20212887563249
241,4.34248055479886,4.18263142030811,4.16568328053284,4.16816967441407,4.1755496563479,4.18479873644887,4.18853316094799,4.192952816913,4.19736811772978,4.20183258155859
242,4.34224805272552,4.18319472936511,4.16619901419855,4.16854511553224,4.17585267178402,4.18444284794043,4.18821756176621,4.19263590747794,4.19706169016459,4.2016024090454
243,4.34201562163128,4.18375765039224,4.16671220102782,4.16891770242992,4.17615256120342,4.18408828141606,4.1879038389138,4.19232096903283,4.1967571051136,4.20137406883903
244,4.34178325473297,4.18432016903218,4.16722285454791,4.1692874582677,4.1764493546933,4.18373503264082,4.18759198339539,4.19200799074923,4.19645435264605,4.20114754929445
245,4.3415509453168,4.1848822708662,4.16773098819398,4.16965440608358,4.17674308214983,4.18338309750613,4.18728198624094,4.1916969618832,4.19615342291412,4.20092283884521
246,4.34131868673789,4.18544394141882,4.16823661531029,4.17001856879281,4.17703377327798,4.18303247202604,4.18697383850711,4.19138787177424,4.19585430615201,4.20069992600282
247,4.34108647241998,4.18600516616231,4.16873974915109,4.17037996918771,4.1773214575915,4.18268315233335,4.18666753127876,4.19108070984409,4.19555699267502,4.20047879935618
248,4.3408542958551,4.18656593052116,4.16924040288166,4.17073862993755,4.17760616441288,4.18233513467609,4.18636305567011,4.19077546559573,4.19526147287865,4.20025944757106
249,4.34062215060319,4.18712621987631,4.16973858957927,4.17109457358833,4.17788792287335,4.18198841541392,4.18606040282607,4.19047212861228,4.19496773723771,4.20004185938957
250,4.34039003029177,4.18768601956933,4.17023432223412,4.17144782256274,4.178166761913,4.18164299101472,4.18575956392334,4.19017068855599,4.19467577630545,4.19982602362953
251,4.34015792861571,4.18824531490637,4.17072761375023,4.17179839915996,4.17844271028084,4.18129885805126,4.1854605301716,4.18987113516731,4.19438558071268,4.19961192918404
252,4.34022028776261,4.188797175562,4.17122018459704,4.17215917430154,4.17825845892599,4.18100894022502,4.18517640985362,4.18959344570972,4.194169225545,4.19939669751745
253,4.340373515798,4.1893445382355,4.17170891594526,4.17251889334646,4.17795036721277,4.18073320077025,4.18489579723437,4.18932106760649,4.19397273084313,4.19918097300779
254,4.34052515325141,4.18989098822483,4.1721948365308,4.17287560131676,4.1776431894299,4.18045883138887,4.1846166233555,4.18905000430914,4.19377753520473,4.19896723698805
255,4.34067519828824,4.19043651529249,4.17267796231696,4.17322932538227,4.17733692609354,4.18018582881026,4.18433888345506,4.18878025179731,4.19358363274373,4.19875547582014
256,4.34082364912616,4.19098110912247,4.17315830922198,4.17358009253973,4.17703157779636,4.1799141897407,4.18406257280416,4.18851180608681,4.19339101759466,4.19854567596697
257,4.34097050403499,4.19152475932528,4.17363589311837,4.17392792961272,4.17672714520424,4.17964391086504,4.18378768670622,4.1882446632288,4.19319968391304,4.19833782399129
258,4.34111576133654,4.19206745544295,4.1741107298322,4.17427286325172,4.17642362905291,4.17937498884825,4.1835142204962,4.18797881930915,4.19300962587556,4.19813190655453
259,4.34125941940446,4.1926091869537,4.17458283514232,4.17461491993414,4.17612103014491,4.17910742033688,4.18324216953986,4.18771427044767,4.19282083768037,4.19792791041571
260,4.34140147666415,4.19314994327652,4.17505222477981,4.17495412596442,4.17581934934642,4.1788412019605,4.18297152923308,4.18745101279749,4.19263331354729,4.19772582243034
261,4.34154193159266,4.19368971377567,4.17551891442707,4.17529050747414,4.1755185875844,4.17857633033308,4.18270229500123,4.18718904254432,4.19244704771804,4.19752562954938
262,4.34168766641618,4.19423240526892,4.17598696461379,4.17558265980658,4.17522638086412,4.17831658142595,4.18243877549415,4.1869373326805,4.19226456768635,4.19732666574345
263,4.3419195904409,4.19482056664692,4.17650095967323,4.17537353887713,4.17502794026041,4.17810331501692,4.18222852543002,4.18680081767057,4.19211167331425,4.19711307266965
264,4.34214923168445,4.19540728769513,4.17701187972281,4.17516472291895,4.17483021891937,4.17789082475467,4.18201892398519,4.18666494054357,4.19196005555436,4.1969019142215
265,4.34237659123578,4.19599256354697,4.17751974314595,4.17495621554009,4.17463321887491,4.17767911192528,4.18180997324119,4.18652970143537,4.1918097079435,4.19669317311097
266,4.34260167024318,4.19657638922412,4.17802456826495,4.17474802041117,4.17443694210078,4.17746817780759,4.18160167527946,4.18639510046702,4.19166062404693,4.1964868321548
267,4.34282446991442,4.19715875963914,4.17852637334025,4.17454014126263,4.17424139051252,4.17725802367277,4.18139403218094,4.18626113774511,4.19151279745844,4.19628287427377
268,4.34304499151676,4.19773966959802,4.17902517656987,4.17433258188202,4.17404656596941,4.17704865078389,4.18118704602563,4.18612781336217,4.19136622180027,4.19608128249195
269,4.34326323637713,4.19831911380284,4.17952099608865,4.17412534611136,4.17385247027628,4.17684006039543,4.18098071889215,4.18599512739705,4.19122089072314,4.19588203993598
270,4.34347920588208,4.19889708685434,4.1800138499678,4.17391843784449,4.17365910518526,4.17663225375294,4.18077505285725,4.18586307991528,4.19107679790624,4.19568512983431
271,4.34369290147789,4.19947358325464,4.1805037562142,4.17371186102466,4.17346647239755,4.17642523209259,4.18057004999542,4.18573167096942,4.19093393705713,4.19549053551648
272,4.34390432467054,4.20004859740981,4.18099073276987,4.17350561964199,4.17327457356495,4.17621899664082,4.18036571237842,4.18560090059933,4.19079230191183,4.19529824041244
273,4.34413621085267,4.20063668844193,4.18134197934282,4.17332254063783,4.17309503096045,4.17602666008542,4.18019048844511,4.18547893903767,4.19064989498413,4.19512156721196
274,4.34444202278723,4.20127048529861,4.1812577645272,4.17321415511931,4.17295373795676,4.17587746561248,4.18010992188529,4.18538371688363,4.19050012575768,4.19499060417182
275,4.34474505629579,4.20190241221609,4.1811732014072,4.17310591964565,4.17281271617588,4.17572842881561,4.18002949473691,4.18528921522495,4.19035214128479,4.19486141419712
276,4.34504531293996,4.20253247270495,4.18108829344352,4.17299783803488,4.17267196963926,4.17557955500338,4.17994921055385,4.18519543191436,4.19020592986336,4.19473398590248
277,4.34534279440734,4.20316066979971,4.18100304424459,4.17288991408226,4.1725315023829,4.17543084950446,4.17986907289436,4.18510236483536,4.19006147988624,4.19460830796279
278,4.3456375025097,4.20378700607611,4.18091745756068,4.17278215156076,4.17239131845537,4.17528231766552,4.17978908531974,4.18501001190096,4.18991877983897,4.1944843691122
279,4.3459294391809,4.20441148366787,4.1808315372783,4.17267455422154,4.17225142191583,4.17513396484919,4.17970925139323,4.18491837105245,4.18977781829755,4.19436215814315
280,4.34621860647513,4.20503410428278,4.18074528741473,4.17256712579435,4.17211181683216,4.17498579643214,4.17962957467882,4.18482744025817,4.18963858392628,4.19424166390544
281,4.34650500656496,4.20565486921857,4.18065871211275,4.1724598699879,4.17197250727915,4.17483781780317,4.17955005874014,4.18473721751239,4.18950106547563,4.19412287530534
282,4.34678864173965,4.20627377937815,4.18057181563537,4.17235279049023,4.17183349733676,4.17469003436129,4.1794707071394,4.18464770083414,4.18936525178029,4.19400578130472
283,4.34706951440332,4.20689083528448,4.1804846023609,4.172245890969,4.17169479108842,4.17454245151403,4.17939152343632,4.18455888826614,4.18923113175717,4.19389037092023
284,4.34737371354335,4.20734923578517,4.18042162061507,4.17215412752634,4.1715729501675,4.17442955167469,4.17932409191532,4.18447118619235,4.1891155263109,4.1937879962693
285,4.34774699389986,4.20737768099985,4.18042500903347,4.17210346741376,4.17149651329936,4.17441061244407,4.17928875375668,4.18438541900893,4.18904764823729,4.19371790190672
286,4.34811737415676,4.20740549058765,4.180427978965,4.17205270512333,4.17141995300923,4.17439153969927,4.17925380334172,4.18430101467324,4.18898112495688,4.19364901548691
287,4.34848485537326,4.20743266747856,4.18043053441681,4.17200184469557,4.17134327510195,4.17437233814236,4.17921924066651,4.1842179650673,4.18891594851403,4.19358133054365
288,4.34884943867585,4.20745921460245,4.18043267938378,4.17195089015932,4.17126648536597,4.17435301243962,4.17918506570903,4.18413626209935,4.18885211095231,4.19351484061233
289,4.34921112525834,4.20748513488869,4.18043441784847,4.17189984553159,4.17118958957299,4.17433356722178,4.17915127842946,4.1840558977034,4.18878960431504,4.19344953923024
290,4.34956991638188,4.20751043126602,4.18043575378111,4.17184871481727,4.1711125934775,4.1743140070843,4.17911787877044,4.1839768638388,4.18872842064597,4.19338541993671
291,4.3499258133749,4.20753510666228,4.18043669113956,4.17179750200894,4.17103550281632,4.17429433658762,4.17908486665725,4.1838991524898,4.18866855198985,4.19332247627347
292,4.35027881763322,4.20755916400414,4.18043723386929,4.17174621108654,4.17095832330822,4.17427456025746,4.17905224199808,4.18382275566519,4.18860999039302,4.19326070178484
293,4.35062893061993,4.20758260621695,4.18043738590331,4.17169484601722,4.17088106065352,4.17425468258502,4.17902000468425,4.18374766539791,4.18855272790392,4.19320009001797
294,4.35097615386548,4.20760543622445,4.18043715116215,4.17164341075503,4.17080372053364,4.17423470802728,4.17898815459045,4.18367387374467,4.18849675657369,4.19314063452315
295,4.35126927687892,4.20763325986275,4.18043971421347,4.17159682254274,4.17074442836336,4.17421638138946,4.17895080533778,4.18360673002021,4.18844328932375,4.19309929206757
296,4.35128998978583,4.20769102605117,4.18046214911158,4.17157679040127,4.17076388154955,4.17421197572351,4.17889700279082,4.1835690731274,4.18840203242205,4.19313607903682
297,4.35130838979504,4.20774791001247,4.1804840597359,4.1715564385885,4.17078306920122,4.17420779259565,4.17884432933573,4.18353253999141,4.18836175928809,4.19317371145598
298,4.35132448224808,4.2078039176614,4.1805054500208,4.17153577197362,4.17080199563487,4.17420383242152,4.1787927781254,4.18349712396955,4.18832246429513,4.19321218364963
299,4.35133827254379,4.20785905489095,4.18052632389894,4.17151479542748,4.17082066513919,4.17420009560009,4.17874234232993,4.18346281840896,4.18828414183178,4.19325148992889
300,4.35134976613797,4.20791332757226,4.18054668530127,4.1714935138219,4.17083908197533,4.17419658251388,4.1786930151362,4.18342961664746,4.18824678630169,4.19329162459203
301,4.3513589685432,4.20796674155456,4.18056653815666,4.17147193202901,4.17085725037714,4.17419329352916,4.1786447897476,4.18339751201438,4.18821039212323,4.19333258192506
302,4.35136588532849,4.20801930266516,4.1805858863918,4.17145005492057,4.17087517455137,4.17419022899617,4.17859765938359,4.18336649783128,4.1881749537292,4.19337435620237
303,4.3513705221191,4.20807101670935,4.18060473393096,4.17142788736735,4.17089285867795,4.17418738924928,4.17855161727944,4.18333656741274,4.18814046556653,4.1934169416873
304,4.35137288459618,4.20812188947032,4.18062308469584,4.17140543423847,4.17091030691017,4.17418477460721,4.17850665668596,4.18330771406708,4.18810692209605,4.19346033263272
305,4.3513729784965,4.20817192670915,4.18064094260531,4.17138270040081,4.17092752337489,4.17418238537324,4.17846277086917,4.18327993109707,4.18807431779222,4.19350452328165
306,4.35137060399696,4.20822076918483,4.18065834247324,4.17136171269712,4.17094404443251,4.17417876624376,4.17842002993995,4.18325272760547,4.18804408453281,4.19354891889335
307,4.35144982712784,4.20824417213989,4.18066506166435,4.17139052180302,4.17093580291501,4.17411756107781,4.1783718604256,4.18319892571704,4.18806730653545,4.193558960594
308,4.35152772054506,4.20826650219253,4.18067101590148,4.17141879202578,4.17092755861455,4.17405723557077,4.17832458034317,4.18314589033668,4.18809113270088,4.19356957176909
309,4.35160293779609,4.20828794410491,4.18067637162252,4.17144668065265,4.17091946105678,4.17399792970752,4.17827832821101,4.18309375951245,4.18811569949537,4.1935808878407
310,4.3516754857113,4.2083085056241,4.18068113460286,4.17147419229464,4.17091151111748,4.17393963722688,4.17823309815622,4.18304252854254,4.18814100223516,4.19359290448881
311,4.35174537119223,4.20832819446874,4.18068531061425,4.17150133154269,4.17090370965828,4.17388235188258,4.17818888429264,4.18299219273739,4.18816703621641,4.19360561739478
312,4.35181260121097,4.20834701832886,4.18068890542421,4.17152810296761,4.17089605752681,4.17382606744289,4.17814568072174,4.18294274741935,4.18819379671614,4.19361902224141
313,4.35187718280978,4.20836498486559,4.18069192479538,4.17155451112006,4.17088855555686,4.17377077769051,4.17810348153343,4.18289418792229,4.18822127899312,4.19363311471299
314,4.35193912310049,4.20838210171104,4.180694374485,4.17158056053048,4.17088120456849,4.17371647642231,4.17806228080691,4.18284650959128,4.1882494782887,4.1936478904953
315,4.35199842926406,4.20839837646808,4.18069626024428,4.17160625570904,4.1708740053682,4.17366315744918,4.1780220726115,4.1827997077822,4.18827838982772,4.19366334527575
316,4.35205510855003,4.20841381671004,4.18069758781795,4.17163160114556,4.17086695874909,4.17361081459578,4.1779828510074,4.1827537778615,4.18830800881925,4.1936794747434
317,4.352109168276,4.20842842998062,4.18069836294357,4.17165660130946,4.17086006549096,4.17355944170048,4.17794461004644,4.18270871520589,4.1883383304575,4.19369627458907
318,4.35214193833477,4.20841704949207,4.18071573928568,4.17164359930108,4.17079421093331,4.17348948787508,4.17787133536595,4.18268971838626,4.18832837358393,4.19390854744188
319,4.3521669468395,4.20839594617946,4.1807373697259,4.17161763012663,4.17070920209828,4.17341355924388,4.17778651964354,4.1826797078026,4.18830486188507,4.19418825645515
320,4.35218909999602,4.20837406243287,4.18075836009984,4.17159168881197,4.17062513139575,4.17333863925088,4.17770262878869,4.18267042996735,4.18828204969847,4.19446790955815
321,4.35220840915886,4.20835140641448,4.18077871708438,4.17156577745498,4.17054199310435,4.17326472257666,4.17761965895025,4.18266188111886,4.1882599327322,4.19474750140497
322,4.35222488575133,4.20832798627282,4.18079844732029,4.17153989814126,4.17045978152292,4.17319180388592,4.17753760628057,4.18265405746134,4.18823850674218,4.19502702662137
323,4.35223854126459,4.20830381014164,4.18081755741244,4.17151405294404,4.17037849097028,4.17311987782833,4.17745646693519,4.18264695516646,4.18821776753051,4.19530647980651
324,4.35224938725673,4.20827888613876,4.18083605393006,4.17148824392399,4.1702981157851,4.17304893903962,4.17737623707241,4.18264057037495,4.18819771094384,4.19558585553454
325,4.35225743535167,4.20825322236507,4.18085394340685,4.17146247312914,4.17021865032565,4.17297898214247,4.17729691285304,4.18263489919814,4.18817833287178,4.1958651483562
326,4.35226269723826,4.20822682690338,4.18087123234124,4.17143674259472,4.17014008896961,4.17291000174737,4.17721849044003,4.18262993771947,4.18815962924544,4.19614435280047
327,4.35226518466925,4.20819970781756,4.18088792719648,4.17141105434305,4.170062426114,4.17284199245361,4.1771409659982,4.18262568199589,4.18814159603592,4.19642346337604
328,4.35226490946027,4.20817187315139,4.18090403440085,4.1713854103834,4.16998565617491,4.17277494885006,4.17706433569402,4.1826221280593,4.18812422925293,4.19670247457287
329,4.35223310884277,4.20814175406618,4.18089240839101,4.17132553335745,4.16989655443983,4.17268822451533,4.17699585229636,4.18259658067683,4.18819075037815,4.19703923303609
330,4.35214119253673,4.20810705540742,4.18082808872968,4.17120064461461,4.16978225037841,4.17256232815723,4.17694130061864,4.18252748692595,4.18841948767694,4.19749016495437
331,4.35204637758163,4.20807145863456,4.18076349427898,4.17107648266721,4.16966887875543,4.17243737717865,4.17688748817441,4.18245911663478,4.18864802557554,4.19794130051881
332,4.35194868218908,4.20803497691535,4.18069863080361,4.17095304401286,4.16955643535762,4.17231336876333,4.17683441241919,4.18239146680776,4.18887636011451,4.19839262261669
333,4.35184812462205,4.20799762333801,4.18063350403569,4.17083032517736,4.16944491595953,4.17219030009185,4.17678207076671,4.18232453448745,4.18910448732508,4.19884411419625
334,4.35174472319299,4.20795941091043,4.180568119675,4.17070832271401,4.16933431632439,4.17206816834135,4.17673046059062,4.18225831675283,4.18933240323084,4.19929575826755
335,4.35163849626204,4.20792035255948,4.18050248338909,4.17058703320298,4.169224632205,4.17194697068506,4.17667957922611,4.1821928107177,4.18956010384931,4.19974753790323
336,4.35152946223526,4.20788046113025,4.18043660081341,4.17046645325084,4.16911585934465,4.17182670429198,4.17662942397148,4.18212801352916,4.18978758519358,4.20019943623939
337,4.35141763956275,4.20783974938543,4.18037047755142,4.17034657948989,4.16900799347791,4.17170736632652,4.17657999208971,4.18206392236613,4.19001484327386,4.20065143647637
338,4.35130304673689,4.20779823000459,4.18030411917471,4.17022740857771,4.16890103033143,4.17158895394828,4.17653128080991,4.18200053443796,4.19024187409887,4.20110352187965
339,4.35118570229054,4.2077559155836,4.18023753122304,4.17010893719659,4.16879496562476,4.1714714643117,4.17648328732873,4.18193784698301,4.19046867367738,4.20155567578065
340,4.35106562479522,4.20771281863394,4.18017071920449,4.1699911620531,4.1686897950711,4.17135489456581,4.17643600881183,4.18187585726738,4.19069523801952,4.2020078815776
341,4.35089168125619,4.20755148166567,4.17997286515302,4.1698110153897,4.16850829179382,4.17122469725095,4.17630837779976,4.1819715609048,4.19102734169443,4.20273268709166
342,4.35070408143109,4.2073556232174,4.17973829712458,4.16961305256214,4.16830533352351,4.17109020199974,4.17615799815074,4.18211105095656,4.19138932015226,4.203535040882
343,4.35051358433738,4.20715966771864,4.17950447011254,4.16941614072242,4.16810359613805,4.17095672764405,4.17600866782819,4.18225042547053,4.19175127181648,4.20433544821171
344,4.35032021683045,4.20696363269144,4.17927138441075,4.16922027692005,4.16790307663546,4.17082427144866,4.17586038382574,4.18238968181481,4.19211317991426,4.20513389550838
345,4.35012400575465,4.20676753543517,4.17903904031088,4.16902545818822,4.16770377200537,4.17069283063172,4.17571314315951,4.18252881735055,4.19247502785914,4.20593036930479
346,4.34992497794057,4.20657139302701,4.17880743810237,4.16883168154444,4.16750567922848,4.17056240236641,4.17556694286654,4.18266782943397,4.19283679924864,4.20672485624156
347,4.34972316020225,4.20637522232236,4.17857657807226,4.16863894399131,4.16730879527619,4.17043298378268,4.17542178000319,4.18280671541832,4.1931984778618,4.20751734306964
348,4.34951857933444,4.20617903995543,4.17834646050514,4.16844724251716,4.16711311711012,4.17030457196875,4.17527765164364,4.18294547265569,4.19356004765688,4.20830781665276
349,4.34931126210994,4.20598286233967,4.17811708568309,4.16825657409667,4.16691864168174,4.17017716397274,4.17513455487847,4.18308409849878,4.19392149276914,4.20909626396976
350,4.3491012352769,4.20578670566844,4.17788845388543,4.16806693569157,4.16672536593201,4.17005075680411,4.17499248681329,4.18322259030261,4.19428279750872,4.20988267211692
351,4.34888852555621,4.20559058591547,4.17766056538881,4.16787832425121,4.16653328679101,4.16992534743516,4.17485144456742,4.18336094542612,4.19464394635857,4.21066702831003
352,4.34867138332039,4.20539158529611,4.17743239641461,4.16768940145456,4.16634272429626,4.16979951349804,4.17471519157298,4.18350140973966,4.19500914984476,4.21144724456264
353,4.34836191313948,4.20500168099437,4.17713521766979,4.16742000225707,4.16614643473,4.16958765737181,4.17478384788291,4.18379025531987,4.19572279254684,4.21205019808786
354,4.34805105392493,4.20461309809313,4.17683924423784,4.1671520721938,4.16595146785092,4.16937723438222,4.17485260787197,4.18407903795066,4.19643417489054,4.21265000860398
355,4.34773797058894,4.20422596500246,4.17654457570536,4.16688570235195,4.16575791106749,4.16916832955854,4.1749215580595,4.18436783076012,4.19714337906922,4.21324677783641
356,4.34742269260564,4.20384029533369,4.17625120900605,4.16662088709734,4.16556575819639,4.1689609360538,4.17499069421178,4.18465661652303,4.1978503962168,4.21384051475547
357,4.34710524934982,4.20345610233441,4.1759591410473,4.16635762081062,4.16537500304174,4.16875504706743,4.17506001211117,4.18494537826761,4.19855521753805,4.21443122843185
358,4.34678567009422,4.20307339889204,4.17566836871187,4.16609589788619,4.16518563939638,4.1685506558434,4.17512950755773,4.18523409927097,4.19925783431329,4.2150189280339
359,4.34646398400696,4.20269219753718,4.17537888885975,4.16583571273141,4.16499766104307,4.1683477556685,4.17519917637067,4.18552276305466,4.19995823790284,4.21560362282496
360,4.3461402201489,4.20231251044702,4.17509069832977,4.16557705976571,4.16481106175566,4.16814633987061,4.17526901438979,4.1858113533805,4.2006564197513,4.21618532216075
361,4.34581440747116,4.20193434944888,4.17480379394116,4.16531993341983,4.16462583530017,4.16794640181715,4.17533901747681,4.18609985424642,4.2013523713917,4.21676403548672
362,4.34548657481268,4.20155772602361,4.17451817249509,4.16506432813507,4.1644419754359,4.16774793491348,4.17540918151666,4.18638824988258,4.20204608444935,4.21733977233558
363,4.34515675089779,4.20118265130912,4.17423383077611,4.1648102383626,4.16425947591644,4.16755093260145,4.17547950241859,4.18667652474753,4.20273755064562,4.21791254232475
364,4.34482494774207,4.20080912465568,4.17395074228174,4.16455778478698,4.16407830196105,4.16735537917872,4.17554996697418,4.18696465433103,4.20342675242713,4.21848234566142
365,4.34442277098708,4.20040168267979,4.17362942036819,4.16433495734375,4.16384901512501,4.16739546445793,4.17580474603518,4.18762397978167,4.20397200535319,4.2185659578682
366,4.34401909411059,4.19999694368092,4.17331036240288,4.16411422850186,4.16362201081209,4.16743679991136,4.17606090174131,4.18828418011106,4.20451398403858,4.21864149468936
367,4.34361438824229,4.19959447469365,4.17299316960518,4.16389522074656,4.16339692110061,4.16747870630314,4.17631728306615,4.18894236491719,4.20505336356485,4.21871410776039
368,4.34319801775968,4.19918695794103,4.17267127328523,4.16367174419136,4.16316775145883,4.16751528760117,4.17656799121767,4.18965908295213,4.20558410923219,4.21877778436072
369,4.34273787661122,4.19875240792267,4.17232494712807,4.16342520593001,4.16291650330781,4.16752879717589,4.17690172200629,4.19038376130641,4.20617689128779,4.21885188732384
370,4.34226554418262,4.19831260702541,4.17197367085698,4.16317394027636,4.16266092549499,4.16753666103969,4.17722735374932,4.19109736238603,4.2067672234485,4.21898471154011
371,4.34179292313929,4.19787572086467,4.1716247472986,4.16292482299878,4.16240767171861,4.16754542948301,4.17755079216542,4.19180652203463,4.20735405792785,4.21911731236913
372,4.34132003011051,4.19744174056802,4.17127816001364,4.1626778368406,4.16215672309974,4.16755508921966,4.1778720508227,4.19251126101122,4.20793741225387,4.21924969606003
373,4.34084688156723,4.19701065707959,4.17093389267801,4.16243296466019,4.1619080609256,4.16756562710292,4.17819114323582,4.19321160006075,4.20851730392154,4.21938186876833
374,4.34037349382244,4.19658246116506,4.17059192908299,4.16219018943102,4.16166166664747,4.16757703012439,4.17850808286558,4.19390755991271,4.20909375039184,4.2195138365565
375,4.33989415436391,4.19615323541649,4.17024875369369,4.16194619565064,4.1614143309811,4.16762183795713,4.17881971001132,4.19459592989883,4.20966349540879,4.21964235661809
376,4.33940478142052,4.19572020647818,4.1699018675225,4.16169862210098,4.16116376840863,4.16772333241901,4.17912374909253,4.19527437891468,4.21022418323225,4.21976511041073
377,4.33887081223326,4.19526079018824,4.16956662785077,4.16141553747944,4.16105903378503,4.16793671185994,4.17965698900163,4.19585168348591,4.21046608397725,4.21991573013853
378,4.33831561735118,4.1947906594972,4.16923856915242,4.16111675492334,4.16102634080745,4.16820467440267,4.18030298540633,4.19637693917999,4.21054574475087,4.22008171452855
379,4.3377608076939,4.19432396214312,4.16891287117961,4.16082049628404,4.16099470776666,4.16847069754146,4.18094468895688,4.19689889534404,4.21062553452301,4.22024733856727
380,4.33720639555847,4.19386068045511,4.16858951458262,4.16052673931193,4.16096411908771,4.1687347943652,4.18158212239067,4.19741757032431,4.21070545654745,4.22041260737653
381,4.33665239309123,4.1934007966905,4.16826848016548,4.16023546198509,4.16093455937637,4.16899697789499,4.18221530838858,4.19793298240484,4.21078551399968,4.22057752600324
382,4.33609881228849,4.19294429303899,4.16794974888659,4.15994664250609,4.1609060134175,4.16925726108392,4.18284426957392,4.19844514980684,4.21086570997766,4.22074209942
383,4.33554566499729,4.19249115162663,4.16763330185925,4.15966025929885,4.16087846617344,4.16951565681697,4.18346902851145,4.1989540906881,4.21094604750247,4.22090633252554
384,4.33499296291615,4.19204135451971,4.16731912035193,4.15937629100566,4.16085190278236,4.16977217791084,4.18408960770644,4.1994598231424,4.21102652951913,4.22107023014539
385,4.3344407175958,4.19159488372866,4.1670071857886,4.15909471648423,4.16082630855668,4.17002683711383,4.18470602960365,4.19996236519896,4.21110715889723,4.22123379703235
386,4.33388894044003,4.1911517212118,4.16669747974897,4.15881551480484,4.16080166898143,4.17027964710567,4.18531831658647,4.20046173482193,4.21118793843175,4.22139703786713
387,4.33333764270638,4.19071184887905,4.16638998396854,4.15853866524748,4.16077796971263,4.17053062049747,4.18592649097603,4.2009579499098,4.21126887084376,4.22155995725887
388,4.33278683550708,4.19027524859547,4.16608468033875,4.15826414729917,4.16075519657569,4.17077976983165,4.18653057503027,4.20145102829498,4.21134995878119,4.22172255974575
389,4.3322365298098,4.18984190218494,4.16578155090685,4.15799194065123,4.16073333556382,4.17102710758181,4.18713059094314,4.20194098774329,4.21143120481955,4.22188484979557
390,4.33163419200338,4.18940690101394,4.16543000295589,4.15791585379892,4.16086380875237,4.17159066549532,4.1875960333607,4.20199893258698,4.21155203439084,4.22201157564167
391,4.33103163838511,4.18897544677795,4.16507946251924,4.15784678283904,4.16099956491454,4.17216146860509,4.1880537084388,4.20203978995967,4.21167504562842,4.22213709193214
392,4.33042977661182,4.18854714612164,4.16473134774113,4.15777862650912,4.16113551802838,4.172728143913,4.18850824916408,4.20208093642016,4.21179785317058,4.22226240232009
393,4.32982861963578,4.18812197597416,4.1643856397889,4.15771137278873,4.16127164964179,4.17329071663247,4.18895967579934,4.20212237522063,4.21192046239339,4.22238751212481
394,4.32922818019024,4.187699913397,4.16404232000094,4.15764500977031,4.1614079416541,4.17384921186957,4.18940800849779,4.20216410950102,4.21204287856271,4.22251242655633
395,4.3286284707921,4.18728093558386,4.16370136988543,4.1575795256598,4.16154437630914,4.17440365462267,4.18985326730321,4.20220614229089,4.21216510683591,4.22263715071698
396,4.32802950374445,4.18686501986081,4.16336277111917,4.15751490877718,4.16168093618846,4.17495406978204,4.1902954721502,4.20224847651125,4.21228715226341,4.22276168960303
397,4.32743129113909,4.18645214368622,4.16302650554629,4.15745114755696,4.1618176042047,4.17550048212962,4.19073464286422,4.20229111497635,4.21240901979028,4.22288604810626
398,4.32683384485908,4.1860422846508,4.16269255517704,4.15738823054854,4.16195436359525,4.17604291633866,4.19117079916194,4.20233406039545,4.21253071425776,4.22301023101549
399,4.32623717658115,4.18563542047757,4.16236090218648,4.15732614641653,4.16209119791606,4.17658139697341,4.19160396065128,4.20237731537459,4.21265224040486,4.22313424301807
400,4.32564129777817,4.18523152902181,4.16203152891329,4.15726488394096,4.16222809103555,4.17711594848894,4.19203414683172,4.2024208824183,4.21277360286982,4.22325808870145
401,4.32504621972158,4.18483058827094,4.16170441785841,4.1572044320175,4.16236502712878,4.17764659523075,4.19246137709448,4.20246476393129,4.21289480619162,4.22338177255465
402,4.32445195348378,4.18443257634453,4.16137955168382,4.15714477965754,4.16250199067174,4.17817336143465,4.19288567072267,4.20250896222013,4.21301585481147,4.22350529896969
403,4.32378356522446,4.1840072476186,4.16122054720377,4.15720551381749,4.1629102778692,4.17860215306106,4.1929710857961,4.20259685568726,4.21311887300812,4.22358388071394
404,4.32309837462221,4.18358003592728,4.1610942292643,4.15728948217327,4.16336866794092,4.17901053447601,4.19299087713721,4.20269452084602,4.21321913954523,4.22365413806755
405,4.32241462334947,4.18315584661315,4.16096869414329,4.1573733914816,4.16382466655818,4.17941594783105,4.19301101860962,4.20279205490156,4.21331927198027,4.2237244845318
406,4.32173232000681,4.18273465510114,4.1608439335743,4.15745722879061,4.16427827524214,4.17981841323172,4.19303151276675,4.20288946261543,4.21341927502301,4.2237949236481
407,4.32104372074298,4.1823112867188,4.1607153186191,4.15753658232259,4.16477338256555,4.18021352904816,4.19304792397934,4.20298234855917,4.21351478422454,4.22386112321978
408,4.32035641166502,4.18189076853035,4.1605873572393,4.15761573038931,4.16526712915682,4.18060561279715,4.19306458961146,4.2030750121102,4.21361006859726,4.22392731990313
409,4.31967081870801,4.18147335378546,4.1604602904244,4.15769489792607,4.16575715136151,4.18099492302075,4.19308175110935,4.20316769493438,4.21370536808438,4.22399375064569
410,4.31898694571898,4.18105901527245,4.16033410780755,4.15777407100132,4.16624347302801,4.18138147813075,4.19309940837078,4.20326039929327,4.21380068491394,4.22406041646295
411,4.31830479638306,4.18064772606216,4.16020879913887,4.15785323599538,4.16672611787669,4.18176529642231,4.19311756121909,4.20335312737011,4.21389602123636,4.22412731829597
412,4.31762437422638,4.18023945950402,4.16008435428575,4.1579323795941,4.16720510950012,4.18214639607471,4.19313620940491,4.20344588127126,4.21399137912584,4.22419445701291
413,4.31694568261868,4.17983418922211,4.15996076323322,4.15801148878258,4.16768047136341,4.18252479515189,4.1931553526078,4.20353866302775,4.21408676058196,4.22426183341058
414,4.31626872477609,4.1794318891113,4.15983801608404,4.15809055083923,4.16815222680457,4.18290051160315,4.19317499043784,4.20363147459673,4.21418216753106,4.22432944821598
415,4.31559350376371,4.17903253333358,4.15971610305888,4.15816955332972,4.1686203990348,4.18327356326376,4.19319512243719,4.20372431786293,4.21427760182771,4.22439730208772
416,4.31490397696334,4.17867006941574,4.15961390440773,4.15831611580913,4.16905851574541,4.18355626165426,4.19322404748433,4.20380997984522,4.21435924600547,4.22448788266937
417,4.31415326119505,4.17843084294508,4.15957465843585,4.15868398054476,4.16940520456879,4.18354108687596,4.19328274884892,4.20387147077846,4.21439288509523,4.22466386071191
418,4.31340479207856,4.17819330447984,4.15953566650189,4.15904952544618,4.16974927307767,4.18352656624169,4.19334162380295,4.20393312979557,4.21442691062834,4.22483920794729
419,4.31265856964517,4.17795743656998,4.15949691752612,4.15941275514839,4.17009073970295,4.18351269816413,4.19340067333899,4.2039949578647,4.21446132227148,4.22501392976809
420,4.31191459379435,4.17772322196989,4.15945840072615,4.15977367435351,4.17042962275396,4.18349948099964,4.19345989838632,4.2040569558913,4.2144961196332,4.22518803149168
421,4.31117286429598,4.17749064363613,4.15942010561043,4.16013228783111,4.170765940419,4.18348691304963,4.19351929981211,4.20411912471929,4.21453130226517,4.22536151836114
422,4.31043338079253,4.17725968472507,4.15938202197189,4.16048860041841,4.17109971076588,4.18347499256181,4.19357887842254,4.20418146513225,4.21456686966333,4.2255343955463
423,4.30969614280129,4.17703032859064,4.15934413988168,4.16084261702046,4.17143095174244,4.18346371773134,4.19363863496396,4.20424397785447,4.21460282126909,4.22570666814464
424,4.3089611497164,4.17680255878207,4.15930644968311,4.16119434261028,4.17175968117711,4.18345308670218,4.19369857012398,4.20430666355214,4.21463915647045,4.22587834118228
425,4.30822840081109,4.17657635904156,4.15926894198565,4.161543782229,4.17208591677946,4.18344309756822,4.19375868453262,4.20436952283439,4.21467587460316,4.22604941961486
426,4.30749789523966,4.17635171330212,4.15923160765913,4.16189094098575,4.17240967614076,4.18343374837447,4.19381897876336,4.20443255625442,4.21471297495181,4.22621990832853
427,4.30676963203964,4.17612860568527,4.15919443782797,4.16223582405776,4.17273097673449,4.18342503711826,4.19387945333428,4.20449576431055,4.21475045675096,4.22638981214082
428,4.30604361013374,4.17590702049891,4.1591574238656,4.16257843669026,4.17304983591697,4.1834169617504,4.19394010870905,4.20455914744728,4.21478831918622,4.22655913580157
429,4.30531982833197,4.17568694223505,4.159120557389,4.16291878419636,4.17336627092787,4.18340952017626,4.19400094529805,4.20462270605635,4.21482656139532,4.22672788399377
430,4.30459524719106,4.17546980202484,4.15910480920948,4.16325112223907,4.17365376247633,4.18340552902485,4.19406009538602,4.20468274685253,4.21487116347113,4.22690572212469
431,4.30395359781325,4.17525363966219,4.15931667475796,4.16349072514844,4.17359588527649,4.18341727766661,4.19407486885093,4.20467201711919,4.21499349738292,4.22723181632201
432,4.30331496716385,4.17503912543091,4.15952651442812,4.16372850394917,4.17353881791689,4.18342935598335,4.19408996494756,4.20466182520288,4.21511535730146,4.22755556767581
433,4.30267805970828,4.17482640126862,4.15973448344102,4.16396461152014,4.17348269803615,4.18344190319196,4.19410552189596,4.20465230688627,4.21523688431528,4.22787712973632
434,4.3020428757408,4.17461544573688,4.15994058925915,4.16419905709236,4.17342752037101,4.18345491696769,4.19412153737138,4.20464345841196,4.21535808112386,4.22819651792491
435,4.30140941546723,4.17440623771753,4.16014483938757,4.16443184984147,4.17337327965059,4.18346839496443,4.19413800902803,4.20463527600901,4.21547895038153,4.22851374755262
436,4.30077767900618,4.17419875640662,4.16034724137375,4.16466299888884,4.17331997059712,4.18348233481526,4.19415493449974,4.2046277558936,4.21559949469807,4.2288288338208
437,4.30014766639047,4.17399298130855,4.16054780280751,4.16489251330238,4.17326758792656,4.18349673413322,4.19417231140058,4.2046208942696,4.21571971663934,4.22914179182179
438,4.29951937756838,4.17378889223014,4.16074653132074,4.16512040209746,4.17321612634926,4.18351159051185,4.19419013732552,4.20461468732928,4.2158396187279,4.22945263653949
439,4.29889281240496,4.17358646927506,4.16094343458714,4.16534667423779,4.17316558057059,4.18352690152584,4.19420840985102,4.20460913125385,4.21595920344366,4.2297613828501
440,4.29826797068333,4.17338569283827,4.16113852032193,4.16557133863614,4.17311594529158,4.1835426647317,4.19422712653569,4.20460422221413,4.21607847322449,4.23006804552274
441,4.29764485210599,4.17318654360049,4.16133179628144,4.16579440415528,4.17306721520954,4.18355887766832,4.19424628492089,4.20459995637114,4.21619743046682,4.2303726392201
442,4.29702345629604,4.17298900252304,4.16152327026267,4.16601587960864,4.17301938501864,4.18357553785766,4.19426588253132,4.20459632987665,4.21631607752624,4.2306751784991
443,4.29640378279846,4.17279305084259,4.16171295010283,4.16623577376116,4.17297244941055,4.18359264280523,4.19428591687561,4.20459333887385,4.21643441671815,4.23097567781157
444,4.29578583108142,4.17259867006603,4.16190084367884,4.16645409532989,4.17292640307501,4.18361019000083,4.19430638544696,4.20459097949787,4.2165524503183,4.23127415150485
445,4.29517450181451,4.17246818040587,4.16208006507602,4.16658861038864,4.17288777540463,4.18361724372568,4.19430893812283,4.20461187302864,4.21671086061177,4.23155195142143
446,4.29460345806937,4.17249240500068,4.16223506775766,4.16652006642116,4.17286019100624,4.18359285410618,4.19426147730296,4.20468744894545,4.21697212092257,4.23177491046772
447,4.29403393083094,4.17251629876039,4.16238870481621,4.16645253345876,4.17283339483551,4.18356924202659,4.19421499934225,4.20476301952787,4.21723156613768,4.2319963102638
448,4.29346591689622,4.17253985744458,4.16254098328838,4.16638601560559,4.17280737935734,4.18354639999035,4.19416949521352,4.20483858286785,4.21748920824512,4.23221616109106
449,4.2928994130914,4.17256307698529,4.16269191020178,4.1663205166167,4.17278213711222,4.18352432057625,4.19412495597566,4.20491413709336,4.21774505916877,4.23243447317856
450,4.29233441627113,4.17258595348231,4.16284149257513,4.16625603990716,4.17275766071516,4.18350299643732,4.19408137277256,4.20498968036768,4.21799913076857,4.23265125670298
451,4.29177092331744,4.17260848319863,4.16298973741855,4.16619258856081,4.17273394285474,4.1834824202999,4.19403873683199,4.20506521088869,4.21825143484054,4.2328665217887
452,4.29120893113906,4.17263066255587,4.16313665173386,4.16613016533888,4.17271097629215,4.18346258496265,4.19399703946454,4.20514072688824,4.21850198311698,4.23308027850777
453,4.2906484366705,4.17265248813009,4.16328224251469,4.16606877268843,4.17268875386015,4.18344348329559,4.19395627206262,4.20521622663146,4.21875078726652,4.23329253687993
454,4.29008943687128,4.17267395664746,4.16342651674673,4.16600841275063,4.1726672684622,4.18342510823911,4.19391642609941,4.20529170841618,4.21899785889428,4.23350330687272
455,4.28953192872508,4.17269506498035,4.16356948140777,4.1659490873687,4.17264651307148,4.18340745280316,4.19387749312786,4.20536717057222,4.21924320954197,4.23371259840141
456,4.28897590923908,4.17271581014317,4.16371114346794,4.16589079809588,4.17262648073,4.1833905100662,4.1938394647797,4.20544261146084,4.21948685068808,4.23392042132911
457,4.28842137544311,4.17273618928872,4.16385150988965,4.16583354620306,4.17260716454768,4.18337427317442,4.1938023327645,4.20551802947414,4.2197287937479,4.2341267854668
458,4.28786832438897,4.17275619970435,4.16399058762776,4.16577733268631,4.17258855770151,4.18335873534083,4.19376608886868,4.2055934230344,4.21996905007381,4.23433170057338
459,4.28731675314969,4.17277583880838,4.16412838362952,4.16572215827421,4.17257065343466,4.18334388984434,4.19373072495459,4.20566879059361,4.22020763095529,4.23453517635571
460,4.28676665881885,4.17279510414652,4.16426490483469,4.16566802343507,4.17255344505561,4.18332973002901,4.19369623295958,4.2057441306328,4.22044454761913,4.23473722246873
461,4.28630031381471,4.1728455809255,4.16429732661671,4.165624288979,4.17250394579645,4.18326498411834,4.19371341565124,4.20591498382525,4.22062703034521,4.2349081299276
462,4.28588029579966,4.17290255938326,4.16429687509223,4.16558120390401,4.17244290813724,4.1831833680696,4.19374436405407,4.20611291505221,4.22078919652161,4.23506631398611
463,4.28546079913642,4.1729587140055,4.16429690645372,4.16553911892811,4.17238292451855,4.18310300028343,4.19377560889592,4.20630941421069,4.22095018132672,4.23522333224095
464,4.28504182710243,4.17301404646336,4.16429741918448,4.1654980329767,4.17232398415537,4.18302386838233,4.19380714534741,4.20650449110049,4.2211099927169,4.23537919257054
465,4.28462338298725,4.17306855850413,4.16429841162223,4.16545794475843,4.17226607639595,4.18294596013516,4.19383896866294,4.2066981554813,4.22126863862351,4.23553390282909
466,4.284205470091,4.17312225194956,4.16429988196426,4.16541885277111,4.17220919071966,4.18286926345478,4.19387107417897,4.20689041707231,4.22142612695233,4.23568747084603
467,4.28378809172283,4.17317512869436,4.16430182827246,4.16538075530755,4.17215331673467,4.18279376639567,4.19390345731233,4.20708128555176,4.22158246558295,4.23583990442541
468,4.28337125119953,4.17322719070462,4.16430424847823,4.16534365046122,4.17209844417589,4.18271945715173,4.19393611355857,4.20727077055658,4.22173766236831,4.23599121134533
469,4.28295495184394,4.17327844001633,4.16430714038727,4.16530753613187,4.17204456290283,4.18264632405396,4.19396903849039,4.20745888168199,4.22189172513404,4.2361413993574
470,4.28253919698371,4.1733288787338,4.16431050168416,4.16527241003104,4.17199166289749,4.18257435556837,4.19400222775601,4.20764562848117,4.22204466167806,4.2362904761862
471,4.28212398994987,4.17337850902823,4.16431432993696,4.16523826968744,4.17193973426239,4.18250354029371,4.1940356770777,4.20783102046487,4.22219647977004,4.2364384495288
472,4.28170933407547,4.17342733313621,4.16431862260158,4.16520511245218,4.17188876721859,4.1824338669595,4.1940693822502,4.20801506710113,4.22234718715089,4.23658532705425
473,4.2812952326944,4.17347535335825,4.16432337702612,4.16517293550406,4.1718387521037,4.18236532442384,4.19410333913927,4.20819777781493,4.22249679153235,4.23673111640307
474,4.28088168914008,4.17352257205734,4.164328590455,4.1651417358546,4.17178967936998,4.18229790167148,4.19413754368027,4.2083791619879,4.22264530059651,4.23687582518684
475,4.28046870674421,4.17356899165755,4.16433426003305,4.16511151035306,4.17174153958249,4.18223158781182,4.19417199187673,4.208559228958,4.22279272199538,4.23701946098772
476,4.28005628883572,4.1736146146425,4.16434038280955,4.16508225569128,4.17169432341727,4.18216637207692,4.19420667979895,4.20873798801929,4.22293906335047,4.23716203135806
477,4.27965669683858,4.17368804098376,4.16436439446795,4.16504475064777,4.17163678710121,4.18213748309266,4.19429598504434,4.20890370417472,4.22308312855792,4.2371890290911
478,4.2792926126579,4.17380774158573,4.16441581279843,4.16499398789055,4.17156262942175,4.1821657890783,4.1944739781667,4.20904874010359,4.22322437605276,4.2370143322443
479,4.27892883096147,4.17392596731975,4.16446734282957,4.16494444987648,4.17148964254172,4.18219440494483,4.19465072860449,4.20919276222072,4.22336462491202,4.23684124578895
480,4.27856535748697,4.17404272794527,4.1645189841348,4.16489612617786,4.17141781541496,4.18222332652492,4.19482624547897,4.20933577796126,4.22350388249862,4.23666975637638
481,4.27820219792812,4.17415803318762,4.16457073618011,4.16484900638809,4.17134713710944,4.18225254970879,4.19500053785669,4.20947779471924,4.22364215613488,4.23649985078703
482,4.27783935793432,4.17427189273805,4.1646225983279,4.16480308012294,4.17127759680559,4.18228207044305,4.19517361474962,4.20961881984741,4.22377945310244,4.23633151592869
483,4.27747684311024,4.17438431625382,4.16467456984052,4.16475833702184,4.17120918379479,4.18231188472973,4.19534548511501,4.20975886065713,4.22391578064213,4.23616473883477
484,4.27711465901544,4.17449531335824,4.16472664988391,4.16471476674914,4.17114188747777,4.18234198862519,4.19551615785552,4.20989792441829,4.22405114595382,4.23599950666267
485,4.27675281116408,4.17460489364068,4.16477883753101,4.16467235899521,4.17107569736309,4.1823723782392,4.1956856418192,4.21003601835916,4.22418555619632,4.23583580669204
486,4.27639130502451,4.17471306665658,4.16483113176522,4.16463110347771,4.17101060306568,4.18240304973388,4.19585394579952,4.21017314966634,4.22431901848732,4.23567362632325
487,4.27603014601903,4.17481984192747,4.16488353148359,4.16459098994267,4.17094659430533,4.18243399932279,4.19602107853548,4.21030932548466,4.22445153990326,4.23551295307572
488,4.27566933952357,4.17492522894094,4.16493603550016,4.16455200816557,4.17088366090532,4.18246522326996,4.19618704871158,4.21044455291718,4.2245831274793,4.23535377458642
489,4.27530889086743,4.17502923715068,4.16498864254901,4.16451414795243,4.17082179279092,4.18249671788903,4.19635186495797,4.21057883902504,4.22471378820921,4.23519607860828
490,4.27494880533302,4.17513187597646,4.16504135128732,4.16447739914085,4.17076097998808,4.18252847954226,4.19651553585045,4.21071219082749,4.22484352904535,4.23503985300871
491,4.27458908815565,4.17523315480403,4.16509416029844,4.16444175160096,4.17070121262207,4.18256050463974,4.19667806991057,4.21084461530178,4.22497235689861,4.23488508576815
492,4.27422974452327,4.17533308298517,4.16514706809468,4.16440719523644,4.1706424809161,4.18259278963851,4.19683947560574,4.21097611938319,4.22510027863835,4.23473176497856
493,4.27387077957633,4.17543166983759,4.16520007312024,4.16437371998546,4.17058477519003,4.18262533104166,4.19699976134927,4.21110670996498,4.22522730109241,4.23457987884205
494,4.27351221918514,4.17552893862313,4.16525269216631,4.16434105981531,4.17052863438676,4.18265823334922,4.19715894699046,4.21123640548996,4.22535344274031,4.23442942725341
495,4.27323475331604,4.17569954713318,4.16527212539583,4.16430611431123,4.17058416009244,4.18284694153774,4.19731785156404,4.21139183231988,4.22522797567446,4.23411869865516
496,4.2729625930301,4.17586911220413,4.16529241246863,4.16427268879382,4.17064020312161,4.18303484572014,4.19747602686175,4.2115466976078,4.22509900612372,4.2338064140683
497,4.27269025643759,4.1760367876171,4.16531305142244,4.16424030782126,4.17069631155802,4.18322150554806,4.19763315226981,4.21170052488761,4.22497121741632,4.23349688502179
498,4.27241775209929,4.17620258823635,4.16533403720758,4.16420896072062,4.17075248375227,4.18340692983788,4.19778923528455,4.2118533216112,4.22484460065322,4.23319009059704
499,4.2721450885024,4.17636652879151,4.16535536480187,4.16417863689367,4.17080871807756,4.18359112734988,4.1979442833555,4.21200509518392,4.22471914700756,4.23288601003614
500,4.27187227406062,4.17652862388011,4.16537702921089,4.16414932581683,4.17086501292912,4.18377410678838,4.19809830388543,4.21215585296457,4.22459484772377,4.23258462274029
501,4.27159931711417,4.1766888879701,4.16539902546829,4.16412101704094,4.17092136672379,4.18395587680185,4.19825130423041,4.21230560226549,4.2244716941167,4.23228590826826
502,4.27132622592991,4.17684733540219,4.16542134863602,4.16409370019113,4.17097777789949,4.18413644598309,4.19840329169986,4.21245435035262,4.22434967757079,4.2319898463349
503,4.27105300870154,4.17700398039209,4.16544399380461,4.16406736496655,4.17103424491486,4.18431582286929,4.19855427355664,4.21260210444552,4.22422878953926,4.23169641680963
504,4.27077967354958,4.17715883703283,4.16546695609341,4.1640420011403,4.17109076624869,4.18449401594226,4.1987042570171,4.21274887171751,4.22410902154328,4.23140559971503
505,4.27050622852168,4.17731191929685,4.16549023065082,4.16401759855911,4.1711473403996,4.18467103362851,4.19885324925117,4.21289465929568,4.22399036517122,4.23111737522535
506,4.27023268159262,4.17746324103813,4.16551381265457,4.16399414714317,4.17120396588557,4.18484688429946,4.19900125738248,4.21303947426103,4.22387281207784,4.23083172366514
507,4.26995904066457,4.17761281599419,4.16553769731181,4.16397163688598,4.17126064124353,4.18502157627158,4.19914828848841,4.21318332364856,4.22375635398353,4.23054862550784
508,4.26968531356728,4.17776065778808,4.16556187985946,4.16395005785404,4.171317365029,4.18519511780657,4.19929434960022,4.21332621444732,4.22364098267362,4.23026806137441
509,4.26941150805821,4.17790677993023,4.1655863555643,4.16392940018669,4.17137413581568,4.18536751711154,4.19943944770316,4.21346815360058,4.22352668999761,4.229990012032
510,4.26913763182277,4.17805119582039,4.16561111972323,4.16390965409582,4.1714309521951,4.18553878233917,4.19958358973659,4.21360914800587,4.22341346786845,4.2297144583926
511,4.26886369247454,4.17819391874934,4.16563616766336,4.16389080986572,4.17148781277623,4.18570892158792,4.19972678259408,4.2137492045152,4.22330130826187,4.22944138151175
512,4.26858969755546,4.17833496190062,4.16566149474227,4.16387285785272,4.17154471618516,4.18587794290218,4.19986903312357,4.21388832993509,4.22319020321569,4.22917076258724
513,4.26836448976015,4.17845484811102,4.16568474895541,4.16391575482393,4.17168152523105,4.18605421078419,4.20003091566605,4.21391949162544,4.22301509274481,4.22887892229796
514,4.26819536177776,4.17855551101002,4.16570817483926,4.16401526723072,4.17189263296647,4.18623848055304,4.20021242367241,4.21384415096265,4.22277439182403,4.22856360516363
515,4.26802542372467,4.17865526856406,4.16573183538404,4.16411468787041,4.17210240214082,4.18642157217085,4.20039276126785,4.21376948799037,4.2225356802238,4.22825088066312
516,4.26785468714852,4.17875412535398,4.16575572656637,4.16421401496517,4.17231084136927,4.18660349331304,4.20057193611459,4.21369549848445,4.22229894495122,4.22794073173339
517,4.26768316351281,4.17885208593431,4.16577984440105,4.16431324675112,4.17251795921783,4.18678425161101,4.20074995583084,4.21362217824417,4.2220641730876,4.22763314140927
518,4.26751086419707,4.17894915483411,4.16580418494071,4.16441238147831,4.17272376420361,4.18696385465226,4.20092682799084,4.21354952309211,4.22183135178803,4.22732809282294
519,4.26733780049731,4.17904533655755,4.16582874427564,4.16451141741084,4.17292826479489,4.1871423099805,4.20110256012502,4.21347752887392,4.22160046828098,4.22702556920337
520,4.2671639836262,4.17914063558461,4.16585351853341,4.16461035282677,4.17313146941128,4.18731962509579,4.20127715972012,4.21340619145814,4.22137150986785,4.22672555387582
521,4.26698942471344,4.17923505637171,4.16587850387868,4.16470918601824,4.17333338642394,4.18749580745467,4.20145063421935,4.21333550673604,4.22114446392261,4.22642803026131
522,4.2668141348061,4.1793286033523,4.16590369651289,4.16480791529143,4.17353402415565,4.18767086447032,4.20162299102249,4.21326547062144,4.2209193178913,4.22613298187609
523,4.26663812486885,4.17942128093747,4.16592909267399,4.1649065389666,4.17373339088102,4.18784480351264,4.20179423748603,4.21319607905053,4.22069605929173,4.22584039233114
524,4.26646140578437,4.17951309351653,4.16595468863618,4.16500505537809,4.17393149482667,4.18801763190843,4.20196438092335,4.21312732798171,4.22047467571299,4.22555024533168
525,4.26628398835361,4.17960404545753,4.1659804807097,4.16510346287437,4.17412834417131,4.18818935694153,4.20213342860478,4.21305921339541,4.22025515481514,4.22526252467662
526,4.26610588329615,4.17969414110782,4.16600646524047,4.16520175981804,4.17432394704599,4.18835998585295,4.20230138775783,4.21299173129394,4.22003748432871,4.22497721425809
527,4.26592710125049,4.17978338479453,4.16603263860992,4.16529994458581,4.17451831153426,4.188529525841,4.20246826556725,4.21292487770135,4.21982165205442,4.22469429806098
528,4.26574765277446,4.17987178082506,4.16605899723467,4.16539801556857,4.17471144567225,4.18869798406146,4.20263406917525,4.2128586486632,4.21960764586272,4.22441376016235
529,4.26556754834544,4.17995933348756,4.16608553756635,4.16549597117136,4.17490335744895,4.1888653676277,4.2027988056816,4.21279304024651,4.21939545369346,4.22413558473107
530,4.2653867983608,4.18004604705141,4.16611225609124,4.16559380981336,4.17509405480629,4.18903168361088,4.20296248214379,4.21272804853952,4.21918506355546,4.22385975602724
531,4.26520541313818,4.18013192576759,4.16613914933012,4.16569152992797,4.1752835456394,4.18919693904004,4.20312510557718,4.21266366965161,4.21897646352617,4.22358625840174
532,4.26502340291584,4.18021697386915,4.16616621383799,4.16578912996273,4.17547183779669,4.18936114090227,4.20328668295516,4.21259989971309,4.21876964175131,4.22331507629577
533,4.26489719900275,4.18030021757367,4.16628322590956,4.16599522643536,4.17567376535999,4.18955758626781,4.2032874153115,4.21244040733885,4.21853019318204,4.22303476361847
534,4.26478185053578,4.18038356471514,4.16641636284228,4.16621970676227,4.1758783692919,4.18975991441155,4.20325837779036,4.21226297498325,4.21828519610545,4.22275368256201
535,4.26466550043051,4.18046634830566,4.16654891107495,4.16644294824725,4.17608175448802,4.18996102855017,4.20322965576842,4.21208694317156,4.21804210282819,4.22247480713526
536,4.26454815963634,4.18054856934177,4.16668087224617,4.16666495619461,4.17628392798296,4.19016093572165,4.20320124771425,4.21191230402961,4.21780090250394,4.22219812462872
537,4.26442983903589,4.18063022882937,4.16681224799883,4.16688573590005,4.17648489677735,4.19035964292991,4.20317315209913,4.21173904971388,4.21756158433029,4.2219236223853
538,4.26431054944521,4.18071132778389,4.16694303997983,4.16710529265066,4.17668466783793,4.19055715714483,4.20314536739706,4.21156717241155,4.2173241375487,4.22165128780034
539,4.26419030161386,4.18079186723034,4.16707324983998,4.16732363172496,4.17688324809754,4.19075348530233,4.2031178920848,4.21139666434033,4.21708855144441,4.22138110832145
540,4.26406910622513,4.18087184820345,4.1672028792337,4.16754075839284,4.17708064445527,4.19094863430439,4.20309072464179,4.21122751774855,4.2168548153464,4.22111307144849
541,4.26394697389615,4.18095127174768,4.16733192981894,4.1677566779156,4.17727686377647,4.19114261101915,4.20306386355024,4.21105972491501,4.21662291862731,4.22084716473345
542,4.26382391517811,4.18103013891733,4.16746040325696,4.16797139554597,4.17747191289277,4.19133542228095,4.20303730729507,4.21089327814904,4.21639285070338,4.2205833757804
543,4.2636999405564,4.18110845077661,4.16758830121219,4.16818491652801,4.17766579860223,4.19152707489042,4.20301105436397,4.21072816979035,4.2161646010344,4.22032169224542
544,4.26357506045075,4.18118620839971,4.167715625352,4.16839724609712,4.17785852766935,4.19171757561449,4.20298510324737,4.21056439220908,4.21593815912364,4.22006210183649
545,4.26344928521549,4.18126341287081,4.16784237734661,4.16860838948002,4.17805010682516,4.19190693118651,4.20295945243847,4.21040193780572,4.21571351451777,4.21980459231344
546,4.26332262513962,4.18134006528418,4.16796855886891,4.16881835189473,4.17824054276725,4.19209514830632,4.20293410043319,4.2102407990111,4.21549065680685,4.21954915148784
547,4.26319509044711,4.18141616674415,4.16809417159433,4.16902713855045,4.1784298421599,4.19228223364028,4.20290904573031,4.2100809682863,4.21526957562419,4.21929576722298
548,4.26306669129697,4.18149171836521,4.16821921720066,4.16923475464757,4.17861801163411,4.19246819382138,4.20288428683135,4.20992243812264,4.21505026064638,4.21904442743372
549,4.26293743778353,4.181566721272,4.16834369736794,4.16944120537758,4.17880505778768,4.19265303544933,4.20285982224063,4.20976520104169,4.21483270159313,4.21879512008648
550,4.26280733993659,4.18164117659932,4.16846761377831,4.16964649592305,4.17899098718533,4.19283676509058,4.2028356504653,4.20960924959514,4.21461688822729,4.21854783319909
551,4.26267640772161,4.18171508549221,4.16859096811587,4.16985063145752,4.1791758063587,4.19301938927841,4.20281177001535,4.20945457636481,4.21440281035474,4.21830255484077
552,4.2625446510399,4.18178844910586,4.16871376206661,4.17005361714546,4.17935952180648,4.19320091451308,4.2027881794036,4.20930117396265,4.21419045782434,4.21805927313203
553,4.26241207972885,4.18186126860567,4.16883599731821,4.17025545814218,4.17954213999449,4.19338134726183,4.20276487714572,4.20914903503061,4.21397982052786,4.21781797624457
554,4.26233546102981,4.18201899034192,4.16903178754498,4.17047091151161,4.17975617369938,4.19339898262142,4.20264460310286,4.20896257648358,4.21375840135024,4.2176221123142
555,4.26226234557447,4.18218259901658,4.16923151703775,4.17068682247138,4.17997163415716,4.19340526640953,4.20251725343417,4.20877388173082,4.21353672425643,4.2174319559117
556,4.26218811892863,4.18234510145578,4.16943002175696,4.170901587854,4.18018589941046,4.19341163330587,4.2023908928748,4.2085865993165,4.21331671507836,4.21724343001864
557,4.26211279071309,4.1825065022229,4.16962730754119,4.17111521196433,4.18039897539249,4.19341808292642,4.20226551635538,4.20840072196202,4.21309836514192,4.21705652578025
558,4.26203637050212,4.18266680586641,4.16982338021573,4.17132769911149,4.18061086801396,4.19342461488585,4.20214111882139,4.2082162424114,4.21288166580067,4.21687123437097
559,4.2619588678235,4.18282601692002,4.17001824559236,4.17153905360851,4.18082158316305,4.19343122879754,4.20201769523327,4.20803315343134,4.2126666084359,4.2166875469945
560,4.26188029215864,4.18298413990281,4.17021190946929,4.17174927977194,4.18103112670552,4.19343792427356,4.20189524056642,4.20785144781127,4.21245318445669,4.21650545488384
561,4.26180065294265,4.18314117931956,4.17040437763093,4.17195838192141,4.18123950448463,4.19344470092483,4.20177374981128,4.20767111836338,4.21224138529995,4.21632494930138
562,4.26171995956442,4.18329713966086,4.17059565584776,4.17216636437929,4.18144672232125,4.19345155836103,4.20165321797334,4.20749215792268,4.21203120243047,4.21614602153889
563,4.26163822136676,4.18345202540325,4.17078574987625,4.17237323147031,4.18165278601387,4.19345849619074,4.20153364007323,4.20731455934705,4.21182262734098,4.21596866291758
564,4.26155544764638,4.18360584100952,4.17097466545863,4.17257898752117,4.18185770133861,4.19346551402141,4.20141501114672,4.20713831551727,4.21161565155215,4.21579286478815
565,4.26147164765409,4.18375859092879,4.1711624083228,4.17278363686025,4.18206147404926,4.19347261145944,4.20129732624478,4.20696341933708,4.2114102666127,4.21561861853081
566,4.26138683059486,4.18391027959672,4.1713489841822,4.1729871838172,4.18226410987729,4.19347978811018,4.20118058043361,4.20678986373322,4.21120646409937,4.21544591555535
567,4.26130100562784,4.18406091143565,4.17153439873563,4.17318963272265,4.18246561453194,4.19348704357801,4.20106476879471,4.20661764165543,4.21100423561702,4.21527474730112
568,4.26121418186654,4.18421049085478,4.17171865766721,4.17339098790784,4.18266599370017,4.19349437746632,4.20094988642487,4.20644674607655,4.21080357279861,4.21510510523711
569,4.26112636837885,4.18435902225032,4.17190176664618,4.17359125370432,4.18286525304674,4.1935017893776,4.20083592843624,4.20627716999251,4.21060446730528,4.21493698086197
570,4.26103757418721,4.18450651000564,4.17208373132675,4.17379043444366,4.18306339821422,4.19350927891342,4.20072288995636,4.20610890642237,4.21040691082636,4.21477036570402
571,4.26094780826863,4.18465295849141,4.17226455734812,4.17398853445706,4.18326043482303,4.19351684567454,4.20061076612815,4.20594194840837,4.21021089507939,4.21460525132129
572,4.26085707955479,4.18479837206578,4.1724442503342,4.17418555807518,4.18345636847146,4.19352448926084,4.20049955211003,4.20577628901596,4.21001641181021,4.21444162930156
573,4.2607653969322,4.18494275507443,4.17262281589359,4.17438150962775,4.18365120473571,4.19353220927143,4.20038924307588,4.20561192133379,4.20982345279289,4.21427949126234
574,4.26067276924222,4.18508611185079,4.17280025961944,4.17457639344327,4.18384494916993,4.19354000530467,4.20027983421506,4.2054488384738,4.20963200982984,4.21411882885096
575,4.26057920528117,4.18522844671615,4.17297658708936,4.17477021384883,4.18403760730625,4.19354787695817,4.20017132073253,4.20528703357122,4.20944207475182,4.21395963374451
576,4.26057957944171,4.18539736203827,4.17316827915934,4.17499081155284,4.18412162044681,4.19349348618271,4.2000434822623,4.20512208596213,4.20928787682151,4.21379541613238
577,4.26063504604546,4.18557462687988,4.17336429290241,4.17522032460424,4.18416034892843,4.19341145580465,4.19990549303107,4.20495374721637,4.20914863715123,4.21362602743626
578,4.2606887544905,4.1857506737657,4.17355915719761,4.17544866599434,4.18419895930058,4.19333005949178,4.19976849243083,4.20478661321055,4.20901057199075,4.21345805212737
579,4.26074071536411,4.18592550820952,4.17375287685261,4.17567583985838,4.18423745195073,4.19324929431444,4.19963247595541,4.20462067843234,4.20887367567439,4.21329148338807
580,4.26079093922482,4.18609913569787,4.17394545667207,4.17590185032691,4.18427582726623,4.19316915735049,4.19949743910984,4.20445593738297,4.20873794255088,4.21312631441793
581,4.26083943660222,4.18627156169038,4.1741369014573,4.17612670152583,4.18431408563435,4.19308964568528,4.19936337741027,4.20429238457718,4.20860336698339,4.21296253843379
582,4.26088621799683,4.18644279162037,4.17432721600597,4.17635039757651,4.18435222744219,4.19301075641165,4.19923028638397,4.20413001454328,4.2084699433495,4.21280014866973
583,4.26093129387993,4.18661283089525,4.17451640511162,4.17657294259582,4.18439025307659,4.19293248662994,4.19909816156937,4.20396882182312,4.20833766604125,4.21263913837712
584,4.2609746746935,4.18678168489694,4.17470447356348,4.1767943406962,4.18442816292421,4.19285483344788,4.198966998516,4.20380880097207,4.20820652946511,4.21247950082461
585,4.26101637085002,4.18694935898235,4.17489142614603,4.1770145959857,4.1844659573714,4.19277779398069,4.19883679278452,4.2036499465591,4.20807652804201,4.21232122929817
586,4.26105639273235,4.18711585848383,4.17507726763873,4.17723371256806,4.18450363680418,4.192701365351,4.1987075399467,4.20349225316672,4.20794765620734,4.21216431710109
587,4.26109475069363,4.18728118870948,4.17526200281572,4.1774516945427,4.18454120160823,4.19262554468882,4.19857923558548,4.203335715391,4.20781990841096,4.21200875755398
588,4.26113145505714,4.18744535494359,4.17544563644554,4.17766854600478,4.18457865216881,4.19255032913162,4.19845187529486,4.20318032784162,4.20769327911719,4.21185454399486
589,4.26116651611616,4.18760836244708,4.1756281732908,4.17788427104522,4.18461598887077,4.19247571582423,4.19832545467999,4.2030260851418,4.20756776280487,4.21170166977908
590,4.26119994413389,4.18777021645778,4.17580961810794,4.17809887375073,4.18465321209852,4.19240170191884,4.19819996935716,4.20287298192841,4.20744335396731,4.21155012827943
591,4.26123174934329,4.18793092219084,4.17598997564697,4.17831235820383,4.18469032223594,4.19232828457505,4.19807541495376,4.20272101285188,4.20732004711234,4.21139991288609
592,4.26126194194701,4.18809048483906,4.17616925065122,4.17852472848285,4.18472731966641,4.1922554609598,4.19795178710834,4.2025701725763,4.20719783676232,4.2112510170067
593,4.26129053211727,4.18824890957324,4.17634744785705,4.17873598866192,4.18476420477275,4.19218322824739,4.19782908147055,4.20242045577935,4.20707671745413,4.21110343406634
594,4.26131752999571,4.1884062015425,4.17652457199367,4.17894614281103,4.18480097793721,4.19211158361949,4.19770729370122,4.20227185715238,4.20695668373921,4.21095715750759
595,4.26134294569331,4.18856236587456,4.1767006277829,4.17915519499597,4.18483763954143,4.19204052426508,4.19758641947228,4.20212437140037,4.20683773018356,4.21081218079052
596,4.26136678929036,4.18871740767616,4.17687561993888,4.17936314927838,4.1848741899664,4.1919700473805,4.19746645446684,4.20197799324199,4.20671985136774,4.21066849739273
597,4.26138907083618,4.18887133203322,4.17704955316797,4.1795700097157,4.18491062959247,4.19190015016943,4.19734739437917,4.20183271740958,4.20660304188692,4.21052610080937
598,4.26140980034922,4.18902414401123,4.17722243216844,4.17977578036116,4.18494695879927,4.19183082984286,4.19722923491468,4.20168853864915,4.20648729635084,4.21038498455315
599,4.26143488417446,4.18917827422106,4.17739808706843,4.17996701253469,4.18497592093289,4.19176029667056,4.19711222173519,4.20154924641092,4.20637337191188,4.21025068433992
600,4.26150212466285,4.18934998596762,4.17760944971146,4.18003517663498,4.18493231836629,4.19166543452134,4.19698930328444,4.20145322649713,4.20624957634296,4.21021340401093
601,4.26156669524126,4.18952066216893,4.17781977018352,4.18010318149016,4.1848891817981,4.19157133331763,4.19686732571294,4.20135811977376,4.20612689232949,4.21017683798421
602,4.26162965487305,4.18969015742976,4.17802892276736,4.18017090541147,4.18484639303248,4.19147787649541,4.19674617522075,4.20126381625048,4.20600521313266,4.21014088538658
603,4.26169101154171,4.18985847691549,4.1782369118169,4.18023834843208,4.18480395064901,4.19138506154683,4.19662584859611,4.20117031258302,4.20588453460074,4.21010554331811
604,4.26175077322181,4.1900256257683,4.17844374167803,4.18030551060108,4.18476185322973,4.19129288596746,4.19650634263127,4.20107760543165,4.20576485258734,4.21007080888332
605,4.26180894787881,4.19019160910736,4.17864941668873,4.18037239198316,4.18472009935915,4.19120134725627,4.1963876541226,4.20098569146121,4.2056461629514,4.21003667919131
606,4.26186554346898,4.19035643202919,4.17885394117905,4.18043899265838,4.18467868762422,4.19111044291564,4.19626977987051,4.20089456734105,4.20552846155728,4.2100031513557
607,4.26192056793914,4.19052009960792,4.17905731947119,4.18050531272186,4.18463761661433,4.19102017045141,4.19615271667955,4.20080422974518,4.20541174427475,4.20997022249466
608,4.26197402922658,4.19068261689558,4.17925955587955,4.18057135228353,4.18459688492135,4.19093052737281,4.19603646135841,4.20071467535219,4.20529600697902,4.20993788973097
609,4.26202593525888,4.19084398892238,4.17946065471072,4.18063711146783,4.18455649113955,4.19084151119258,4.19592101071992,4.2006259008453,4.20518124555083,4.20990615019201
610,4.26207629395375,4.19100422069696,4.17966062026353,4.18070259041351,4.18451643386566,4.19075311942687,4.19580636158109,4.20053790291243,4.20506745587644,4.20987500100975
611,4.2621251132189,4.19116331720671,4.17985945682911,4.18076778927333,4.18447671169883,4.19066534959535,4.1956925107631,4.20045067824616,4.20495463384767,4.20984443932084
612,4.26217240095186,4.19132128341795,4.18005716869087,4.18083270821382,4.18443732324064,4.19057819922114,4.1955794550914,4.2003642235438,4.20484277536195,4.20981446226659
613,4.26221816503984,4.19147812427628,4.18025376012454,4.18089734741504,4.1843982670951,4.19049166583086,4.19546719139563,4.20027853550738,4.20473187632236,4.20978506699296
614,4.26226241335957,4.19163384470676,4.18044923539823,4.18096170707035,4.18435954186864,4.19040574695467,4.19535571650973,4.20019361084372,4.20462193263765,4.20975625065067
615,4.26230515377715,4.19178844961423,4.18064359877242,4.18102578738614,4.18432114617011,4.19032044012621,4.19524502727192,4.2001094462644,4.20451294022229,4.20972801039513
616,4.26234639414793,4.19194194388344,4.18083685449998,4.18108958858164,4.18428307861075,4.19023574288271,4.19513512052471,4.20002603848585,4.2044048949965,4.2097003433865
617,4.26238614231632,4.1920943323794,4.1810290068262,4.18115311088865,4.18424533780426,4.19015165276488,4.19502599311495,4.19994338422931,4.20429779288629,4.20967324678972
618,4.26242440611569,4.19224561994761,4.1812200599888,4.18121635455133,4.18420792236673,4.19006816731705,4.19491764189387,4.1998614802209,4.2041916298235,4.20964671777453
619,4.26246119336817,4.19239581141416,4.18141001821794,4.18127931982601,4.18417083091665,4.18998528408709,4.19481006371704,4.19978032319163,4.20408640174585,4.20962075351546
620,4.26249651188452,4.19254491158612,4.18159888573628,4.18134200698093,4.18413406207494,4.18990300062649,4.19470325544447,4.19969990987743,4.20398210459694,4.20959535119189
621,4.26253036946403,4.19269292525168,4.18178666675892,4.18140441629602,4.18409761446492,4.18982131449031,4.19459721394057,4.19962023701917,4.20387873432632,4.20957050798806
622,4.26256277389432,4.19283985718034,4.18197336549346,4.18146654806278,4.18406148671232,4.18974022323725,4.19449193607421,4.19954130136272,4.20377628688953,4.20954622109308
623,4.2625937329512,4.1929857121232,4.18215898613999,4.18152840258396,4.18402567744528,4.18965972442962,4.19438741871876,4.1994630996589,4.20367475824812,4.20952248770097
624,4.26262445052732,4.19313130095022,4.18234088111992,4.18158836953933,4.18398991512525,4.189580219376,4.19428422363925,4.1993861720488,4.20357466333141,4.2094998043425
625,4.26272293111894,4.19334385114091,4.18242591435836,4.18160453827291,4.18394987319778,4.18951373552248,4.19424191219191,4.19931840168868,4.20358186958795,4.20929697292009
626,4.26281689156369,4.19355691912916,4.18251199149115,4.18162213217806,4.18391143236249,4.18944895969656,4.19420134421807,4.19925176769359,4.20359244354539,4.20908611812185
627,4.26290959226117,4.19376886655697,4.18259770808606,4.18163985610833,4.18387337044977,4.18938470642229,4.19416128069277,4.19918579636731,4.20360338032462,4.20887544273069
628,4.26300103785007,4.19397969802973,4.18268306498245,4.18165770872147,4.18383568603051,4.18932097383772,4.19412171966592,4.19912048526268,4.20361467823415,4.20866494738531
629,4.26309123297244,4.19418941811431,4.18276806302758,4.18167568868509,4.18379837767884,4.18925776008421,4.19408265919081,4.19905583193601,4.20362633558593,4.20845463272478
630,4.26318018227354,4.19439803133991,4.18285270307631,4.18169379467665,4.18376144397224,4.18919506330635,4.19404409732416,4.198991833947,4.2036383506953,4.20824449938853
631,4.26326789040164,4.19460554219897,4.18293698599081,4.18171202538329,4.18372488349133,4.18913288165199,4.19400603212602,4.19892848885873,4.20365072188097,4.20803454801625
632,4.26335436200783,4.19481195514797,4.18302091264029,4.18173037950183,4.18368869481993,4.18907121327209,4.19396846165972,4.19886579423757,4.20366344746493,4.20782477924784
633,4.26343960174595,4.19501727460819,4.18310448390069,4.1817488557386,4.18365287654496,4.18901005632073,4.19393138399187,4.19880374765321,4.20367652577248,4.20761519372332
634,4.26352361427233,4.19522150496655,4.18318770065447,4.18176745280942,4.18361742725639,4.18894940895507,4.19389479719227,4.19874234667857,4.20368995513212,4.20740579208282
635,4.26360640424565,4.19542465057641,4.18327056379026,4.1817861694395,4.1835823455472,4.18888926933527,4.1938586993339,4.19868158888978,4.20370373387557,4.20719657496647
636,4.26368797632682,4.19562671575823,4.1833530742027,4.18180500436333,4.18354763001332,4.18882963562448,4.19382308849287,4.19862147186616,4.2037178603377,4.20698754301439
637,4.26376833517877,4.19582770480039,4.18343523279215,4.18182395632464,4.18351327925361,4.18877050598878,4.19378796274838,4.19856199319019,4.20373233285651,4.20677869686657
638,4.26384748546635,4.19602762195983,4.18351704046448,4.1818430240763,4.18347929186977,4.18871187859716,4.1937533201827,4.19850315044746,4.20374714977307,4.20657003716289
639,4.2639254318561,4.19622647146279,4.18359849813083,4.18186220638019,4.18344566646635,4.18865375162147,4.1937191588811,4.19844494122665,4.20376230943154,4.20636156454298
640,4.26400217901619,4.19642425750546,4.18367960670739,4.18188150200722,4.18341240165067,4.18859612323637,4.19368547693187,4.19838736311951,4.20377781017909,4.20615327964624
641,4.26407773161618,4.19662098425466,4.1837603671152,4.18190090973715,4.18337949603281,4.1885389916193,4.19365227242624,4.19833041372083,4.20379365036589,4.20594518311174
642,4.26415209432692,4.19681665584847,4.1838407802799,4.18192042835859,4.18334694822553,4.18848235495051,4.19361954345837,4.19827409062844,4.20380982834508,4.20573727557819
643,4.26422527182043,4.19701127639682,4.18392084713161,4.18194005666885,4.18331475684426,4.18842621141292,4.19358728812531,4.19821839144314,4.20382634247278,4.20552955768387
644,4.26429726876966,4.19720484998217,4.18400056860468,4.1819597934739,4.18328292050709,4.18837055919217,4.19355550452703,4.19816331376871,4.20384319110798,4.20532203006661
645,4.26436808984845,4.19739738066006,4.1840799456375,4.1819796375883,4.18325143783469,4.18831539647657,4.19352419076627,4.19810885521189,4.20386037261259,4.20511469336369
646,4.26443773973133,4.19758887245969,4.18415897917234,4.18199958783509,4.18322030745026,4.18826072145704,4.19349334494867,4.19805501338236,4.20387788535138,4.20490754821183
647,4.26450622309338,4.19777932938448,4.18423767015518,4.18201964304575,4.18318952797958,4.18820653232715,4.19346296518263,4.19800178589271,4.20389572769199,4.20470059524716
648,4.2645735446101,4.19796875541265,4.18431601953553,4.18203980206009,4.18315909805089,4.18815282728303,4.1934330495793,4.19794917035844,4.20391389800487,4.20449383510509
649,4.26463970895727,4.19815715449773,4.18439402826627,4.18206006372621,4.18312901629493,4.18809960452338,4.19340359625263,4.19789716439794,4.20393239466327,4.20428726842037
650,4.26470472081083,4.19834453056907,4.18447169730346,4.18208042690037,4.18309928134487,4.18804686224941,4.19337460331928,4.19784576563248,4.20395121604327,4.20408089582696
651,4.26480831620619,4.1984923164738,4.1845342355251,4.18210170509473,4.18307396938327,4.18801975068617,4.1933491596116,4.19783875327948,4.20389089686984,4.20389089686984
652,4.26496020292539,4.19859300464183,4.18458366564031,4.18212700704558,4.18305567296099,4.18802340464612,4.19332792055576,4.19788744109159,4.20372084024621,4.20372084024621
653,4.2651109733966,4.19869324339487,4.18463304306298,4.18215250056673,4.18303769325629,4.18802736170148,4.19330710866299,4.19793632645326,4.2035508747524,4.2035508747524
654,4.26526063061716,4.1987930345898,4.18468236757777,4.1821781843426,4.18302002927084,4.18803162079368,4.19328672257755,4.19798540844445,4.20338100089307,4.20338100089307
655,4.26540917758962,4.19889238006419,4.18473163897366,4.1822040570613,4.18300268000752,4.1880361808653,4.1932667609446,4.19803468614643,4.20321121917368,4.20321121917368
656,4.26555661732173,4.19899128163666,4.18478085704382,4.18223011741467,4.18298564447026,4.18804104086011,4.19324722241012,4.19808415864174,4.20304153010045,4.20304153010045
657,4.26570295282624,4.19908974110736,4.18483002158545,4.18225636409819,4.18296892166414,4.18804619972296,4.19322810562092,4.19813382501422,4.20287193418026,4.20287193418026
658,4.26584818712087,4.19918776025831,4.18487913239977,4.18228279581109,4.18295251059525,4.18805165639979,4.19320940922463,4.1981836843489,4.2027024319207,4.2027024319207
659,4.26599232322814,4.19928534085388,4.1849281892918,4.18230941125628,4.18293641027072,4.18805740983761,4.19319113186962,4.19823373573205,4.20253302382995,4.20253302382995
660,4.26613536417537,4.19938248464107,4.18497719207028,4.18233620914034,4.1829206196987,4.18806345898445,4.19317327220505,4.19828397825112,4.20236371041681,4.20236371041681
661,4.26627731299448,4.19947919335,4.18502614054763,4.18236318817355,4.18290513788829,4.18806980278935,4.19315582888079,4.19833441099469,4.2021944921906,4.2021944921906
662,4.26641817272198,4.19957546869419,4.18507503453976,4.18239034706988,4.18288996384953,4.18807644020233,4.19313880054743,4.19838503305253,4.20202536966118,4.20202536966118
663,4.26655794639882,4.19967131237098,4.185123873866,4.18241768454699,4.18287509659338,4.18808337017437,4.19312218585623,4.19843584351547,4.20185634333888,4.20185634333888
664,4.26669663707029,4.19976672606181,4.18517265834907,4.18244519932622,4.18286053513171,4.18809059165737,4.19310598345913,4.19848684147549,4.20168741373446,4.20168741373446
665,4.26683424778597,4.19986171143267,4.18522138781487,4.18247289013258,4.18284627847723,4.18809810360416,4.19309019200872,4.19853802602561,4.2015185813591,4.2015185813591
666,4.26697078159962,4.19995627013427,4.18527006209253,4.18250075569477,4.18283232564352,4.18810590496845,4.19307481015822,4.19858939625991,4.20134984672436,4.20134984672436
667,4.26710624156907,4.20005040380257,4.18531868101417,4.18252879474517,4.18281867564496,4.18811399470481,4.19305983656148,4.19864095127351,4.20118121034213,4.20118121034213
668,4.26724063075614,4.20014411405894,4.18536724441495,4.18255700601983,4.18280532749676,4.18812237176868,4.19304526987293,4.19869269016256,4.20101267272461,4.20101267272461
669,4.26737395222658,4.20023740251051,4.18541575213293,4.18258538825845,4.18279228021487,4.18813103511631,4.1930311087476,4.1987446120242,4.20084423438426,4.20084423438426
670,4.26750620904993,4.20033027075051,4.18546420400899,4.18261394020444,4.18277953281604,4.1881399837048,4.19301735184108,4.19879671595656,4.20067589583383,4.20067589583383
671,4.26763740429944,4.20042272035855,4.18551259988677,4.18264266060483,4.18276708431774,4.188149216492,4.19300399780953,4.19884900105873,4.20050765758621,4.20050765758621
672,4.26776754105202,4.20051475290088,4.18556093961257,4.18267154821035,4.18275493373816,4.18815873243658,4.19299104530963,4.19890146643076,4.20033952015452,4.20033952015452
673,4.26789662238815,4.2006063699307,4.18560922303532,4.18270060177534,4.18274308009622,4.18816853049793,4.19297849299863,4.19895411117365,4.20017148405202,4.20017148405202
674,4.26802465139173,4.20069757298845,4.18565745000649,4.18272982005788,4.1827315224115,4.18817860963622,4.19296633953427,4.19900693438932,4.20000354979207,4.20000354979207
675,4.26815163115008,4.20078836360203,4.18570562038002,4.18275920181961,4.18272025970425,4.18818896881236,4.1929545835748,4.19905993518057,4.19983571788813,4.19983571788813
676,4.26827756475377,4.20087874328711,4.18575373401227,4.18278874582588,4.18270929099541,4.18819960698796,4.192943223779,4.19911311265117,4.19966798885372,4.19966798885372
677,4.26840245529664,4.20096871354735,4.18580179076194,4.18281845084566,4.18269861530651,4.18821052312533,4.19293225880612,4.19916646590569,4.19950036320238,4.19950036320238
678,4.2685263058756,4.20105827587471,4.18584979049,4.18284831565157,4.18268823165977,4.18822171618751,4.19292168731588,4.19921999404965,4.19933284144766,4.19933284144766
679,4.26864411975425,4.20113381869231,4.18590665754754,4.18288131637488,4.18270272156816,4.18823412440922,4.1929559136195,4.19918044267805,4.19918044267805,4.19918044267805
680,4.26871171247255,4.20120324286736,4.18597976682308,4.18292487338335,4.18274599638977,4.18825338721826,4.19303881554299,4.19904740176755,4.19904740176755,4.19904740176755
681,4.26877879132842,4.20127241514402,4.18605285471715,4.18296859309859,4.18278943809068,4.1882729115227,4.19312180764885,4.19891439614987,4.19891439614987,4.19891439614987
682,4.26884535733436,4.20134133701261,4.18612592069215,4.18301247448872,4.18283304608494,4.18829269657605,4.19320488942082,4.19878142613012,4.19878142613012,4.19878142613012
683,4.26891141150696,4.20141000994683,4.18619896421387,4.18305651652562,4.18287681978737,4.18831274163228,4.19328806034355,4.19864849201451,4.19864849201451,4.19864849201451
684,4.26897695486679,4.20147843540408,4.1862719847514,4.18310071818491,4.18292075861353,4.18833304594582,4.19337131990252,4.19851559411031,4.19851559411031,4.19851559411031
685,4.26904198843843,4.20154661482572,4.18634498177714,4.18314507844589,4.18296486197973,4.18835360877155,4.193454667584,4.19838273272585,4.19838273272585,4.19838273272585
686,4.26910651325035,4.20161454963729,4.1864179547667,4.18318959629149,4.18300912930294,4.18837442936475,4.19353810287509,4.19824990817047,4.19824990817047,4.19824990817047
687,4.26917053033488,4.20168224124888,4.18649090319892,4.18323427070822,4.18305356000088,4.18839550698112,4.19362162526364,4.19811712075449,4.19811712075449,4.19811712075449
688,4.26923404072819,4.20174969105525,4.1865638265558,4.18327910068615,4.18309815349188,4.18841684087672,4.19370523423828,4.19798437078924,4.19798437078924,4.19798437078924
689,4.26929704547019,4.20181690043622,4.18663672432247,4.18332408521885,4.18314290919496,4.18843843030798,4.19378892928837,4.19785165858699,4.19785165858699,4.19785165858699
690,4.26935954560452,4.20188387075681,4.18670959598716,4.18336922330334,4.18318782652972,4.18846027453167,4.193872709904,4.19771898446093,4.19771898446093,4.19771898446093
691,4.26942154217846,4.20195060336756,4.18678244104116,4.18341451394008,4.1832329049164,4.18848237280487,4.19395657557597,4.19758634872517,4.19758634872517,4.19758634872517
692,4.26948303624295,4.20201709960471,4.18685525897878,4.18345995613287,4.18327814377582,4.18850472438497,4.19404052579576,4.19745375169471,4.19745375169471,4.19745375169471
693,4.26954402885245,4.2020833607905,4.18692804929731,4.1835055488889,4.18332354252935,4.18852732852967,4.19412456005553,4.19732119368543,4.19732119368543,4.19732119368543
694,4.26960452106497,4.20214938823333,4.18700081149703,4.18355129121861,4.18336910059894,4.18855018449691,4.19420867784811,4.19718867501403,4.19718867501404,4.19718867501404
695,4.26966451394198,4.20221518322804,4.18707354508111,4.18359718213575,4.18341481740705,4.18857329154489,4.19429287866694,4.19705619599808,4.19705619599808,4.19705619599808
696,4.2697240085484,4.20228074705609,4.18714624955566,4.18364322065729,4.18346069237668,4.18859664893207,4.1943771620061,4.1969237569559,4.1969237569559,4.1969237569559
697,4.2697830059525,4.20234608098581,4.18721892442961,4.18368940580337,4.18350672493132,4.1886202559171,4.19446152736032,4.19679135820666,4.19679135820666,4.19679135820666
698,4.26984150722591,4.20241118627258,4.18729156921473,4.18373573659734,4.18355291449493,4.18864411175889,4.19454597422488,4.19665900007025,4.19665900007025,4.19665900007025
699,4.26989951344353,4.20247606415909,4.18736418342561,4.18378221206562,4.18359926049197,4.18866821571649,4.19463050209566,4.19652668286734,4.19652668286734,4.19652668286734
700,4.26995702568355,4.20254071587546,4.18743676657963,4.18382883123776,4.18364576234733,4.18869256704918,4.19471511046913,4.19639440691932,4.19639440691932,4.19639440691932
701,4.27001404502734,4.20260514263953,4.18750931819687,4.18387559314638,4.18369241948636,4.18871716501636,4.19479979884229,4.19626217254829,4.19626217254829,4.19626217254829
702,4.2700705725594,4.202669345657,4.18758183780018,4.1839224968271,4.18373923133483,4.18874200887764,4.19488456671271,4.19612998007704,4.19612998007704,4.19612998007704
703,4.27012660936742,4.20273332612164,4.18765432491506,4.18396954131859,4.18378619731891,4.18876709789274,4.19496941357847,4.19599782982906,4.19599782982906,4.19599782982906
704,4.27018215654209,4.20279708521549,4.1877267790697,4.18401672566246,4.18383331686519,4.18879243132152,4.1950543389382,4.19586572212846,4.19586572212845,4.19586572212845
705,4.27023721517722,4.20286062410901,4.18779919979493,4.18406404890326,4.18388058940062,4.18881800842395,4.19513934229101,4.1957336573,4.1957336573,4.1957336573
706,4.27029178636952,4.20292394396132,4.1878715866242,4.18411151008849,4.18392801435256,4.18884382846012,4.19522442313652,4.19560163566909,4.19560163566909,4.19560163566909
707,4.27034587121874,4.20298704592029,4.18794393909353,4.18415910826852,4.18397559114871,4.18886989069022,4.19530958097486,4.19546965756171,4.19546965756171,4.19546965756171
708,4.27040723076715,4.20305242883309,4.18801486275419,4.18421874590213,4.18402045638425,4.18891609504784,4.19534254507784,4.19534254507784,4.19534254507784,4.19534254507784
709,4.27043224758667,4.2031336395907,4.18809273092292,4.18431567984198,4.1840665105298,4.18902103770758,4.19523453845509,4.19523453845509,4.19523453845509,4.19523453845509
710,4.27045707526157,4.20321459487439,4.18817062066462,4.18441272167403,4.18411274675849,4.18912602809198,4.19512655316873,4.19512655316873,4.19512655316873,4.19512655316873
711,4.27048171399759,4.20329529636621,4.18824853140583,4.18450987043929,4.18415916452905,4.18923106580997,4.19501858936302,4.19501858936302,4.19501858936302,4.19501858936302
712,4.27050616400454,4.20337574572811,4.18832646257783,4.18460712518111,4.18420576330154,4.18933615047198,4.19491064718372,4.19491064718373,4.19491064718372,4.19491064718372
713,4.27053042549618,4.20345594460233,4.18840441361662,4.18470448494515,4.1842525425374,4.18944128168987,4.19480272677811,4.19480272677811,4.19480272677811,4.19480272677811
714,4.27055449869015,4.2035358946118,4.18848238396274,4.18480194877943,4.18429950169933,4.18954645907696,4.1946948282949,4.1946948282949,4.1946948282949,4.1946948282949
715,4.27057838380794,4.2036155973604,4.18856037306122,4.18489951573426,4.18434664025134,4.18965168224795,4.19458695188422,4.19458695188422,4.19458695188422,4.19458695188422
716,4.27060208107479,4.20369505443349,4.18863838036142,4.18499718486231,4.18439395765862,4.18975695081888,4.19447909769762,4.19447909769762,4.19447909769762,4.19447909769762
717,4.2706255907196,4.20377426739807,4.18871640531702,4.18509495521855,4.1844414533876,4.18986226440714,4.19437126588801,4.19437126588801,4.19437126588801,4.19437126588801
718,4.27064891297493,4.20385323780322,4.18879444738588,4.18519282586027,4.18448912690579,4.1899676226314,4.19426345660963,4.19426345660963,4.19426345660963,4.19426345660963
719,4.27067204807687,4.20393196718042,4.18887250602994,4.18529079584706,4.18453697768191,4.19007302511163,4.19415567001804,4.19415567001804,4.19415567001804,4.19415567001804
720,4.270694996265,4.20401045704384,4.18895058071518,4.18538886424087,4.18458500518572,4.19017847146898,4.1940479062701,4.19404790627011,4.1940479062701,4.1940479062701
721,4.27071775778234,4.20408870889068,4.18902867091149,4.18548703010589,4.18463320888805,4.19028396132587,4.19394016552392,4.19394016552392,4.19394016552392,4.19394016552392
722,4.27074033287529,4.20416672420145,4.18910677609263,4.18558529250869,4.18468158826077,4.19038949430585,4.19383244793883,4.19383244793883,4.19383244793883,4.19383244793883
723,4.27076272179355,4.20424450444029,4.1891848957361,4.18568365051809,4.18473014277673,4.19049507003366,4.1937247536754,4.19372475367539,4.1937247536754,4.1937247536754
724,4.27078492479004,4.20432205105527,4.18926302932313,4.18578210320525,4.18477887190976,4.19060068813515,4.19361708289535,4.19361708289535,4.19361708289535,4.19361708289535
725,4.27080694212092,4.20439936547863,4.18934117633854,4.18588064964363,4.18482777513463,4.19070634823729,4.19350943576159,4.19350943576159,4.19350943576159,4.19350943576159
726,4.27082877404548,4.20447644912711,4.18941933627072,4.18597928890894,4.18487685192704,4.19081204996809,4.19340181243815,4.19340181243815,4.19340181243815,4.19340181243815
727,4.27085042082608,4.20455330340218,4.18949750861151,4.18607802007927,4.18492610176354,4.19091779295665,4.19329421309019,4.19329421309019,4.19329421309019,4.19329421309019
728,4.27087188272812,4.20462992969036,4.18957569285618,4.18617684223494,4.18497552412158,4.19102357683309,4.19318663788394,4.19318663788394,4.19318663788394,4.19318663788394
729,4.27089316001996,4.20470632936339,4.18965388850333,4.18627575445858,4.1850251184794,4.19112940122851,4.19307908698671,4.19307908698671,4.19307908698671,4.19307908698671
730,4.27091425297292,4.2047825037786,4.18973209505482,4.18637475583514,4.18507488431609,4.19123526577503,4.19297156056685,4.19297156056685,4.19297156056685,4.19297156056685
731,4.27093516186117,4.20485845427907,4.18981031201575,4.18647384545182,4.18512482111152,4.19134117010569,4.19286405879374,4.19286405879374,4.19286405879374,4.19286405879374
732,4.27095588696171,4.2049341821939,4.18988853889436,4.18657302239813,4.1851749283463,4.19144711385452,4.19275658183777,4.19275658183777,4.19275658183777,4.19275658183777
733,4.27097642855431,4.20500968883842,4.18996677520198,4.18667228576586,4.18522520550179,4.19155309665642,4.1926491298703,4.1926491298703,4.1926491298703,4.1926491298703
734,4.2709967869215,4.20508497551451,4.19004502045297,4.18677163464909,4.18527565206008,4.19165911814721,4.19254170306366,4.19254170306366,4.19254170306366,4.19254170306366
735,4.27101696234846,4.20516004351072,4.19012327416466,4.18687106814417,4.18532626750392,4.19176517796359,4.19243430159112,4.19243430159112,4.19243430159112,4.19243430159112
736,4.27103695512303,4.20523489410255,4.19020153585731,4.18697058534975,4.18537705131678,4.19187127574309,4.19232692562687,4.19232692562687,4.19232692562687,4.19232692562687
737,4.27105676553563,4.20530952855266,4.19027980505404,4.18707018536674,4.18542800298272,4.19197741112413,4.19221957534602,4.19221957534602,4.19221957534602,4.19221957534602
738,4.27107639387923,4.20538394811108,4.19035808128081,4.18716986729834,4.18547912198651,4.1920835837459,4.19211225092454,4.19211225092454,4.19211225092454,4.19211225092454
739,4.27110821883225,4.20546047808877,4.19048195639958,4.18726402056598,4.1855897683624,4.1920191115502,4.19201911155021,4.1920191115502,4.19201911155021,4.19201911155021
740,4.27113392731658,4.20553826771974,4.19061336867686,4.18735917560895,4.18570973866431,4.19192910440271,4.19192910440271,4.19192910440271,4.19192910440271,4.19192910440271
741,4.27115955091117,4.20561589704107,4.19074476211495,4.18745447031523,4.18582973727056,4.19183911646941,4.1918391164694,4.1918391164694,4.1918391164694,4.1918391164694
742,4.2711850896939,4.20569336721147,4.19087613615176,4.18754990377179,4.18594976390848,4.19174914785252,4.19174914785252,4.19174914785252,4.19174914785252,4.19174914785252
743,4.27121054374457,4.20577067937755,4.191007490228,4.18764547506856,4.18606981830608,4.19165919865505,4.19165919865505,4.19165919865505,4.19165919865505,4.19165919865505
744,4.27123591314489,4.20584783467399,4.19113882378719,4.18774118329835,4.18618990019216,4.19156926898068,4.19156926898068,4.19156926898068,4.19156926898068,4.19156926898068
745,4.27126119797845,4.20592483422368,4.19127013627561,4.1878370275569,4.1863100092962,4.19147935893383,4.19147935893383,4.19147935893383,4.19147935893383,4.19147935893383
746,4.27128639833067,4.20600167913789,4.19140142714228,4.18793300694284,4.18643014534837,4.19138946861959,4.19138946861959,4.19138946861959,4.19138946861959,4.19138946861959
747,4.27131151428875,4.20607837051646,4.19153269583891,4.18802912055768,4.18655030807954,4.19129959814373,4.19129959814373,4.19129959814373,4.19129959814373,4.19129959814373
748,4.27133654594171,4.20615490944787,4.19166394181994,4.18812536750582,4.18667049722123,4.19120974761269,4.19120974761269,4.19120974761269,4.19120974761269,4.19120974761269
749,4.27136149338027,4.20623129700947,4.19179516454244,4.1882217468945,4.18679071250562,4.19111991713354,4.19111991713354,4.19111991713354,4.19111991713354,4.19111991713354
750,4.27138635669686,4.20630753426764,4.19192636346608,4.18831825783385,4.18691095366552,4.19103010681401,4.19103010681401,4.19103010681401,4.19103010681401,4.19103010681401
751,4.27141113598559,4.20638362227781,4.19205753805321,4.1884148994368,4.18703122043438,4.19094031676244,4.19094031676244,4.19094031676244,4.19094031676244,4.19094031676244
752,4.27143583134222,4.20645956208478,4.1921886877687,4.18851167081915,4.18715151254624,4.19085054708778,4.19085054708778,4.19085054708778,4.19085054708778,4.19085054708778
753,4.2714604428641,4.20653535472274,4.19231981208001,4.1886085710995,4.18727182973575,4.19076079789958,4.19076079789958,4.19076079789958,4.19076079789958,4.19076079789958
754,4.2714849706502,4.20661100121543,4.19245091045711,4.18870559939926,4.18739217173814,4.19067106930797,4.19067106930798,4.19067106930797,4.19067106930797,4.19067106930797
755,4.27150941480101,4.20668650257632,4.19258198237253,4.18880275484263,4.1875125382892,4.19058136142366,4.19058136142367,4.19058136142366,4.19058136142366,4.19058136142366
756,4.27153377541856,4.20676185980872,4.19271302730122,4.18890003655661,4.1876329291253,4.19049167435792,4.19049167435792,4.19049167435792,4.19049167435792,4.19049167435792
757,4.27155805260639,4.20683707390588,4.19284404472066,4.18899744367098,4.18775334398335,4.19040200822255,4.19040200822255,4.19040200822255,4.19040200822255,4.19040200822255
758,4.27158224646949,4.20691214585119,4.19297503411075,4.18909497531825,4.18787378260078,4.19031236312991,4.19031236312991,4.19031236312991,4.19031236312991,4.19031236312991
759,4.27160635711429,4.20698707661825,4.19310599495381,4.18919263063373,4.18799424471556,4.19022273919287,4.19022273919287,4.19022273919287,4.19022273919287,4.19022273919287
760,4.27163038464869,4.20706186717103,4.19323692673456,4.18929040875542,4.18811473006616,4.19013313652483,4.19013313652483,4.19013313652483,4.19013313652483,4.19013313652483
761,4.2716543291819,4.20713651846398,4.19336782894012,4.18938830882407,4.18823523839157,4.19004355523967,4.19004355523967,4.19004355523967,4.19004355523967,4.19004355523967
762,4.27167819082455,4.20721103144216,4.19349870105998,4.18948632998316,4.18835576943126,4.18995399545178,4.18995399545178,4.18995399545178,4.18995399545178,4.18995399545178
763,4.27170196968859,4.20728540704135,4.19362954258595,4.18958447137884,4.18847632292515,4.18986445727602,4.18986445727602,4.18986445727602,4.18986445727602,4.18986445727602
764,4.27172279933422,4.20735779866258,4.193758825267,4.18968139094696,4.18861037985609,4.18977376118663,4.18977376118663,4.18977376118663,4.18977376118663,4.18977376118663
765,4.27174316138229,4.20742980789934,4.19388787074651,4.18977825015341,4.18874626362358,4.18968292923897,4.18968292923898,4.18968292923898,4.18968292923898,4.18968292923898
766,4.27176342961011,4.20750167656675,4.1940168776095,4.1898752230224,4.18888221619015,4.18959211540022,4.18959211540022,4.18959211540022,4.18959211540022,4.18959211540022
767,4.27178360423092,4.20757340561662,4.19414584539873,4.18997230873376,4.18901823686843,4.18950131983031,4.18950131983031,4.18950131983031,4.18950131983031,4.18950131983031
768,4.27180368545894,4.20764499599206,4.19427477365889,4.1900695064701,4.18915432497224,4.18941054268955,4.18941054268955,4.18941054268955,4.18941054268955,4.18941054268955
769,4.27182367350941,4.20771644862756,4.19440366193662,4.19016681541676,4.1892904798167,4.18931978413859,4.18931978413859,4.18931978413859,4.18931978413859,4.18931978413859
770,4.27185550536034,4.20779704354516,4.19453165888746,4.19029047322822,4.18935016679133,4.18923503043751,4.1892350304375,4.1892350304375,4.1892350304375,4.1892350304375
771,4.2718933034922,4.20789388314721,4.19466035653917,4.19045526751284,4.18929267456588,4.18916090294854,4.18916090294854,4.18916090294854,4.18916090294854,4.18916090294854
772,4.27193109842682,4.20799051584582,4.19478909383066,4.19062008981463,4.18923517770693,4.18908680487503,4.18908680487503,4.18908680487502,4.18908680487503,4.18908680487503
773,4.27196888997113,4.20808694324244,4.19491787010659,4.19078493937714,4.18917767631516,4.1890127361975,4.18901273619751,4.1890127361975,4.18901273619751,4.18901273619751
774,4.27200667793529,4.20818316692254,4.19504668471553,4.19094981544965,4.18912017048833,4.18893869689773,4.18893869689773,4.18893869689773,4.18893869689773,4.18893869689773
775,4.27204446213253,4.20827918845585,4.19517553700984,4.19111471728706,4.18906266032139,4.18886468695866,4.18886468695867,4.18886468695866,4.18886468695866,4.18886468695866
776,4.27208224237909,4.20837500939663,4.19530442634572,4.19127964414982,4.18900514590667,4.18879070636441,4.18879070636441,4.18879070636441,4.18879070636441,4.18879070636441
777,4.27212001849423,4.20847063128388,4.19543335208311,4.19144459530377,4.18894762733387,4.18871675510023,4.18871675510023,4.18871675510023,4.18871675510023,4.18871675510023
778,4.27215779030004,4.20856605564155,4.19556231358565,4.19160957002011,4.18889010469025,4.18864283315248,4.18864283315248,4.18864283315248,4.18864283315248,4.18864283315248
779,4.27219555762148,4.20866128397883,4.19569131022069,4.19177456757529,4.18883257806067,4.18856894050861,4.18856894050861,4.18856894050861,4.18856894050861,4.18856894050861
780,4.27223332028627,4.20875631779029,4.19582034135917,4.19193958725093,4.1887750475277,4.18849507715713,4.18849507715713,4.18849507715713,4.18849507715713,4.18849507715713
781,4.27227107812484,4.20885115855619,4.19594940637565,4.1921046283337,4.18871751317174,4.18842124308758,4.18842124308757,4.18842124308758,4.18842124308758,4.18842124308758
782,4.27230883097027,4.20894580774261,4.19607850464821,4.1922696901153,4.18865997507107,4.18834743829051,4.1883474382905,4.18834743829051,4.18834743829051,4.18834743829051
783,4.27234657865822,4.20904026680174,4.19620763555849,4.1924347718923,4.18860243330194,4.18827366275746,4.18827366275746,4.18827366275746,4.18827366275746,4.18827366275746
784,4.27238432102691,4.209134537172,4.19633679849155,4.19259987296614,4.18854488793866,4.18819991648095,4.18819991648095,4.18819991648095,4.18819991648095,4.18819991648095
785,4.27242205791701,4.20922862027834,4.19646599283593,4.19276499264299,4.18848733905368,4.18812619945441,4.18812619945441,4.18812619945441,4.18812619945441,4.18812619945441
786,4.27245978917162,4.20932251753234,4.19659521798356,4.19293013023371,4.18842978671768,4.18805251167222,4.18805251167222,4.18805251167222,4.18805251167222,4.18805251167222
787,4.27249751463624,4.20941623033248,4.19672447332972,4.19309528505375,4.18837223099959,4.18797885312964,4.18797885312964,4.18797885312964,4.18797885312964,4.18797885312964
788,4.27253523415866,4.2095097600643,4.19685375827304,4.19326045642313,4.18831467196672,4.18790522382283,4.18790522382283,4.18790522382283,4.18790522382283,4.18790522382283
789,4.27257294758895,4.20960310810061,4.19698307221542,4.19342564366628,4.18825710968482,4.18783162374878,4.18783162374879,4.18783162374878,4.18783162374879,4.18783162374879
790,4.27261065477941,4.20969627580163,4.19711241456205,4.19359084611207,4.18819954421809,4.18775805290535,4.18775805290535,4.18775805290535,4.18775805290535,4.18775805290535
791,4.27264835558451,4.20978926451521,4.19724178472131,4.19375606309368,4.18814197562932,4.1876845112912,4.18768451129119,4.18768451129119,4.18768451129119,4.18768451129119
792,4.27268604986087,4.20988207557701,4.19737118210477,4.19392129394855,4.18808440397991,4.18761099890578,4.18761099890578,4.18761099890578,4.18761099890578,4.18761099890578
793,4.27272373746713,4.20997471031065,4.19750060612721,4.19408653801833,4.18802682932994,4.18753751574935,4.18753751574935,4.18753751574935,4.18753751574935,4.18753751574935
794,4.27276141826405,4.21006717002788,4.19763005620648,4.19425179464877,4.18796925173822,4.18746406182292,4.18746406182292,4.18746406182292,4.18746406182292,4.18746406182292
795,4.27279909211433,4.21015945602878,4.19775953176354,4.19441706318974,4.18791167126234,4.18739063712825,4.18739063712825,4.18739063712825,4.18739063712825,4.18739063712825
796,4.27283675888265,4.21025156960189,4.19788903222243,4.19458234299512,4.18785408795875,4.18731724166783,4.18731724166783,4.18731724166783,4.18731724166783,4.18731724166783
797,4.27287441843559,4.21034351202442,4.19801855701021,4.1947476334227,4.1877965018828,4.18724387544486,4.18724387544486,4.18724387544486,4.18724387544486,4.18724387544486
798,4.27291207064162,4.21043528456231,4.19814810555691,4.19491293383423,4.18773891308875,4.18717053846323,4.18717053846324,4.18717053846324,4.18717053846324,4.18717053846324
799,4.27294971537101,4.21052688847051,4.19827767729559,4.19507824359527,4.1876813216299,4.18709723072755,4.18709723072755,4.18709723072754,4.18709723072754,4.18709723072754
800,4.27298735249587,4.21061832499305,4.1984072716622,4.19524356207517,4.18762372755857,4.18702395224303,4.18702395224303,4.18702395224303,4.18702395224303,4.18702395224303
801,4.27302498189004,4.2107095953632,4.19853688809564,4.19540888864705,4.18756613092617,4.18695070301558,4.18695070301558,4.18695070301558,4.18695070301558,4.18695070301558
802,4.27306260342909,4.21080070080365,4.19866652603768,4.19557422268767,4.18750853178322,4.18687748305174,4.18687748305174,4.18687748305174,4.18687748305174,4.18687748305174
803,4.27311555083644,4.21086497440905,4.19886624846515,4.19555372464549,4.1874722520893,4.18682544991091,4.18682544991091,4.18682544991091,4.18682544991091,4.18682544991091
804,4.27315555830877,4.21092643485299,4.19907399846389,4.19552010432676,4.18743944653948,4.18677689150162,4.18677689150162,4.18677689150162,4.18677689150162,4.18677689150162
805,4.27319569401444,4.21098769238826,4.19928172473651,4.19548645730401,4.18740663920832,4.18672835846969,4.18672835846969,4.18672835846969,4.18672835846969,4.18672835846969
806,4.27323595745893,4.21104874859393,4.19948942683018,4.1954527836581,4.18737382995985,4.1866798506998,4.1866798506998,4.1866798506998,4.1866798506998,4.1866798506998
807,4.27327634815035,4.21110960503864,4.19969710429512,4.19541908346858,4.18734101866031,4.1866313680774,4.1866313680774,4.1866313680774,4.1866313680774,4.1866313680774
808,4.27331686559943,4.21117026328067,4.19990475668457,4.19538535681375,4.18730820517801,4.18658291048871,4.18658291048871,4.18658291048871,4.18658291048871,4.18658291048871
809,4.2733575093195,4.21123072486809,4.20011238355475,4.19535160377069,4.18727538938343,4.18653447782071,4.18653447782071,4.18653447782071,4.18653447782071,4.18653447782071
810,4.27339827882641,4.21129099133889,4.20031998446474,4.19531782441529,4.18724257114901,4.18648606996113,4.18648606996113,4.18648606996113,4.18648606996113,4.18648606996113
811,4.27343917363861,4.21135106422103,4.20052755897659,4.19528401882227,4.18720975034926,4.18643768679845,4.18643768679845,4.18643768679845,4.18643768679845,4.18643768679845
812,4.273480193277,4.21141094503264,4.20073510665512,4.19525018706527,4.18717692686061,4.18638932822187,4.18638932822187,4.18638932822187,4.18638932822187,4.18638932822187
813,4.27352133726502,4.21147063528201,4.20094262706801,4.19521632921683,4.1871441005614,4.18634099412134,4.18634099412135,4.18634099412135,4.18634099412135,4.18634099412135
814,4.27356260512853,4.21153013646784,4.20115011978568,4.19518244534845,4.18711127133186,4.18629268438753,4.18629268438753,4.18629268438753,4.18629268438753,4.18629268438753
815,4.27360399639587,4.21158945007921,4.20135758438131,4.19514853553059,4.18707843905405,4.1862443989118,4.18624439891179,4.18624439891179,4.18624439891179,4.18624439891179
816,4.27364551059777,4.21164857759578,4.20156502043073,4.19511459983275,4.18704560361184,4.18619613758622,4.18619613758623,4.18619613758622,4.18619613758622,4.18619613758622
817,4.27368714726737,4.21170752048783,4.20177242751249,4.19508063832347,4.18701276489085,4.1861479003036,4.1861479003036,4.1861479003036,4.1861479003036,4.1861479003036
818,4.27372890594017,4.21176628021636,4.20197980520775,4.19504665107034,4.18697992277842,4.18609968695739,4.1860996869574,4.18609968695739,4.18609968695739,4.18609968695739
819,4.27377078615402,4.21182485823324,4.20218715310024,4.19501263814007,4.18694707716358,4.18605149744177,4.18605149744177,4.18605149744177,4.18605149744177,4.18605149744177
820,4.27381278744913,4.21188325598124,4.20239447077629,4.1949785995985,4.18691422793704,4.18600333165156,4.18600333165156,4.18600333165156,4.18600333165156,4.18600333165156
821,4.27385490936798,4.21194147489415,4.20260175782474,4.19494453551059,4.18688137499112,4.18595518948228,4.18595518948228,4.18595518948228,4.18595518948228,4.18595518948228
822,4.27389715145536,4.21199951639689,4.20280901383693,4.19491044594053,4.1868485182197,4.18590707083012,4.18590707083012,4.18590707083012,4.18590707083012,4.18590707083012
823,4.27393951325831,4.21205738190552,4.2030162384067,4.19487633095167,4.18681565751828,4.18585897559191,4.1858589755919,4.1858589755919,4.1858589755919,4.1858589755919
824,4.27398199432614,4.21211507282745,4.20322343113029,4.19484219060659,4.18678279278383,4.18581090366514,4.18581090366514,4.18581090366514,4.18581090366514,4.18581090366514
825,4.27402459421037,4.21217259056142,4.20343059160638,4.19480802496714,4.18674992391488,4.18576285494796,4.18576285494796,4.18576285494796,4.18576285494796,4.18576285494796
826,4.27406731246473,4.21222993649761,4.20363771943601,4.19477383409443,4.18671705081137,4.18571482933917,4.18571482933917,4.18571482933917,4.18571482933917,4.18571482933917
827,4.27411014864515,4.21228711201778,4.2038448142226,4.19473961804885,4.18668417337473,4.18566682673818,4.18566682673818,4.18566682673818,4.18566682673818,4.18566682673818
828,4.27415310230972,4.21234411849525,4.20405187557188,4.19470537689013,4.18665129150778,4.18561884704505,4.18561884704505,4.18561884704505,4.18561884704505,4.18561884704505
829,4.27419617301867,4.21240095729507,4.20425890309188,4.19467111067729,4.18661840511476,4.18557089016047,4.18557089016047,4.18557089016047,4.18557089016047,4.18557089016047
830,4.27423936033441,4.21245762977403,4.20446589639291,4.19463681946876,4.18658551410124,4.18552295598573,4.18552295598573,4.18552295598573,4.18552295598573,4.18552295598573
831,4.27428266382142,4.2125141372808,4.20467285508753,4.1946025033223,4.18655261837414,4.18547504442276,4.18547504442276,4.18547504442276,4.18547504442276,4.18547504442276
832,4.2743260830463,4.21257048115594,4.20487977879052,4.19456816229508,4.1865197178417,4.18542715537409,4.18542715537409,4.18542715537409,4.18542715537409,4.18542715537409
833,4.27436961757773,4.21262666273203,4.20508666711886,4.19453379644365,4.18648681241347,4.18537928874285,4.18537928874285,4.18537928874285,4.18537928874285,4.18537928874285
834,4.27441326698645,4.21268268333369,4.2052935196917,4.19449940582403,4.18645390200022,4.18533144443278,4.18533144443278,4.18533144443278,4.18533144443278,4.18533144443278
835,4.27445703084523,4.21273854427771,4.20550033613034,4.19446499049165,4.18642098651402,4.18528362234821,4.18528362234821,4.18528362234821,4.18528362234821,4.18528362234821
836,4.27450914739655,4.21277320647836,4.20557193487045,4.1944536750014,4.18640912165652,4.18525658291934,4.18525658291935,4.18525658291934,4.18525658291935,4.18525658291935
837,4.27452075701947,4.21279816470324,4.20557666153092,4.19446062347619,4.18641390294478,4.18524597806508,4.18524597806508,4.18524597806508,4.18524597806508,4.18524597806508
838,4.27453254821381,4.21282261267252,4.20558140238591,4.19446759069933,4.18641871697858,4.18523542580997,4.18523542580997,4.18523542580997,4.18523542580997,4.18523542580997
839,4.2745445201772,4.21284655195022,4.20558615761008,4.19447457660733,4.18642356361928,4.18522492600718,4.18522492600718,4.18522492600718,4.18522492600718,4.18522492600718
840,4.27455667211037,4.21286998409661,4.20559092737367,4.19448158113853,4.18642844272897,4.18521447851037,4.18521447851037,4.18521447851037,4.18521447851037,4.18521447851037
841,4.27456900321717,4.21289291066789,4.2055957118426,4.1944886042331,4.18643335417049,4.18520408317375,4.18520408317375,4.18520408317375,4.18520408317375,4.18520408317375
842,4.27458151270459,4.2129153332159,4.20560051117864,4.19449564583301,4.18643829780748,4.18519373985207,4.18519373985207,4.18519373985207,4.18519373985207,4.18519373985207
843,4.27459419978284,4.21293725328793,4.20560532553955,4.19450270588194,4.18644327350439,4.18518344840067,4.18518344840067,4.18518344840067,4.18518344840067,4.18518344840067
844,4.27460706366534,4.21295867242641,4.20561015507915,4.19450978432528,4.18644828112653,4.18517320867546,4.18517320867546,4.18517320867546,4.18517320867546,4.18517320867546
845,4.27462010356876,4.21297959216872,4.20561499994754,4.19451688111009,4.18645332054008,4.18516302053296,4.18516302053296,4.18516302053296,4.18516302053296,4.18516302053296
846,4.27463331871309,4.21300001404697,4.20561986029114,4.19452399618508,4.18645839161211,4.18515288383032,4.18515288383032,4.18515288383033,4.18515288383033,4.18515288383033
847,4.27464670832158,4.21301993958775,4.20562473625285,4.19453112950051,4.18646349421061,4.18514279842534,4.18514279842534,4.18514279842534,4.18514279842534,4.18514279842534
848,4.27466027162085,4.21303937031192,4.20562962797223,4.19453828100823,4.18646862820452,4.18513276417645,4.18513276417645,4.18513276417645,4.18513276417645,4.18513276417645
849,4.27467400784084,4.21305830773451,4.20563453558545,4.19454545066164,4.18647379346373,4.18512278094276,4.18512278094277,4.18512278094276,4.18512278094277,4.18512278094277
850,4.2746879162149,4.21307675336443,4.20563945922557,4.19455263841559,4.18647898985913,4.18511284858408,4.18511284858407,4.18511284858408,4.18511284858408,4.18511284858408
851,4.27470199597974,4.21309470870438,4.20564439902252,4.19455984422644,4.18648421726259,4.18510296696087,4.18510296696087,4.18510296696087,4.18510296696087,4.18510296696087
852,4.2747162463755,4.21311217525058,4.20564935510331,4.19456706805195,4.186489475547,4.18509313593433,4.18509313593434,4.18509313593433,4.18509313593433,4.18509313593433
853,4.27473066664571,4.21312915449275,4.20565432759201,4.19457430985132,4.18649476458627,4.18508335536639,4.18508335536639,4.18508335536639,4.18508335536639,4.18508335536639
854,4.27474525603737,4.21314564791386,4.20565931660995,4.19458156958512,4.18650008425536,4.18507362511967,4.18507362511967,4.18507362511967,4.18507362511967,4.18507362511967
855,4.2747600138009,4.21316165699,4.20566432227578,4.19458884721526,4.18650543443032,4.18506394505755,4.18506394505755,4.18506394505755,4.18506394505755,4.18506394505755
856,4.27477493919018,4.2131771831903,4.20566934470552,4.194596142705,4.1865108149882,4.18505431504416,4.18505431504416,4.18505431504416,4.18505431504416,4.18505431504416
857,4.27479003146255,4.21319222797673,4.20567438401272,4.19460345601887,4.18651622580719,4.18504473494439,4.18504473494439,4.18504473494439,4.18504473494439,4.18504473494439
858,4.27480528987883,4.21320679280405,4.20567944030847,4.19461078712271,4.18652166676656,4.18503520462388,4.18503520462388,4.18503520462388,4.18503520462388,4.18503520462388
859,4.27482071370331,4.21322087911965,4.20568451370153,4.19461813598357,4.18652713774665,4.18502572394906,4.18502572394906,4.18502572394906,4.18502572394906,4.18502572394906
860,4.27483630220375,4.21323448836346,4.2056896042984,4.19462550256977,4.18653263862895,4.18501629278713,4.18501629278713,4.18501629278713,4.18501629278713,4.18501629278713
861,4.27485205465138,4.21324762196786,4.2056947122034,4.19463288685083,4.18653816929606,4.1850069110061,4.18500691100609,4.1850069110061,4.18500691100609,4.18500691100609
862,4.27486797032097,4.21326028135756,4.20569983751873,4.1946402887974,4.18654372963167,4.18499757847474,4.18499757847473,4.18499757847473,4.18499757847473,4.18499757847473
863,4.27488404849071,4.21327246794951,4.20570498034456,4.19464770838136,4.18654931952065,4.18498829506264,4.18498829506264,4.18498829506264,4.18498829506264,4.18498829506264
864,4.27490028844232,4.21328418315287,4.20571014077906,4.19465514557569,4.18655493884897,4.18497906064022,4.18497906064022,4.18497906064022,4.18497906064022,4.18497906064022
865,4.27491668946097,4.21329542836885,4.20571531891853,4.1946626003545,4.18656058750378,4.18496987507868,4.18496987507867,4.18496987507867,4.18496987507867,4.18496987507867
866,4.27493325083534,4.21330620499072,4.20572051485745,4.19467007269299,4.18656626537334,4.18496073825003,4.18496073825003,4.18496073825003,4.18496073825003,4.18496073825003
867,4.27494997185758,4.21331651440366,4.20572572868847,4.19467756256746,4.1865719723471,4.18495165002714,4.18495165002714,4.18495165002715,4.18495165002715,4.18495165002715
868,4.2749668518233,4.21332635798477,4.20573096050259,4.19468506995526,4.18657770831562,4.18494261028369,4.18494261028369,4.18494261028369,4.18494261028369,4.18494261028369
869,4.27498389003161,4.21333573710296,4.20573621038912,4.19469259483478,4.18658347317066,4.18493361889417,4.18493361889417,4.18493361889417,4.18493361889417,4.18493361889417
870,4.27471901320439,4.21336968714125,4.20577999452544,4.19473445151383,4.18662049453421,4.18495527181618,4.18495527181617,4.18495527181618,4.18495527181617,4.18495527181617
871,4.27430344902648,4.2134234817344,4.2058433602826,4.19479375772674,4.18667340761351,4.18499250872325,4.18499250872325,4.18499250872325,4.18499250872325,4.18499250872325
872,4.27388710933661,4.21347738097144,4.20590680271686,4.19485313701655,4.18672639870171,4.18502983425137,4.18502983425136,4.18502983425136,4.18502983425136,4.18502983425136
873,4.27346999108111,4.2135313854229,4.20597032214917,4.19491258977052,4.1867794680844,4.18506724869838,4.18506724869838,4.18506724869838,4.18506724869838,4.18506724869838
874,4.27305209119147,4.21358549565805,4.20603391890825,4.19497211637584,4.18683261604891,4.1851047523635,4.1851047523635,4.18510475236349,4.1851047523635,4.1851047523635
875,4.27263340658425,4.21363971224498,4.20609759333038,4.19503171721973,4.18688584288429,4.18514234554728,4.18514234554728,4.18514234554728,4.18514234554728,4.18514234554728
876,4.27221393416092,4.21369403575067,4.20616134575927,4.19509139268954,4.1869391488813,4.18518002855166,4.18518002855166,4.18518002855166,4.18518002855166,4.18518002855166
877,4.27179367080792,4.21374846674109,4.20622517654584,4.19515114317288,4.18699253433245,4.18521780167996,4.18521780167996,4.18521780167997,4.18521780167997,4.18521780167997
878,4.27137261339654,4.21380300578127,4.20628908604807,4.1952109690576,4.18704599953196,4.18525566523691,4.18525566523691,4.18525566523692,4.18525566523692,4.18525566523692
879,4.27095075878277,4.2138576534354,4.20635307463079,4.19527087073204,4.18709954477576,4.18529361952865,4.18529361952865,4.18529361952865,4.18529361952865,4.18529361952865
880,4.27052810380733,4.21391241026691,4.20641714266563,4.19533084858495,4.18715317036152,4.18533166486273,4.18533166486273,4.18533166486273,4.18533166486273,4.18533166486273
881,4.27010464529549,4.21396727683855,4.2064812905307,4.19539090300569,4.18720687658864,4.18536980154819,4.18536980154819,4.18536980154819,4.18536980154819,4.18536980154819
882,4.26968038005705,4.21402225371243,4.20654551861062,4.19545103438425,4.18726066375823,4.18540802989548,4.18540802989548,4.18540802989548,4.18540802989548,4.18540802989548
883,4.26925530488622,4.21407734145017,4.20660982729624,4.19551124311133,4.18731453217315,4.18544635021658,4.18544635021658,4.18544635021658,4.18544635021658,4.18544635021658
884,4.26882941656159,4.21413254061289,4.20667421698459,4.19557152957843,4.18736848213798,4.1854847628249,4.1854847628249,4.1854847628249,4.1854847628249,4.1854847628249
885,4.26840271184597,4.21418785176139,4.20673868807866,4.19563189417792,4.18742251395903,4.18552326803541,4.18552326803541,4.18552326803541,4.18552326803541,4.18552326803541
886,4.26797518748633,4.21424327545613,4.20680324098734,4.19569233730307,4.1874766279444,4.18556186616455,4.18556186616455,4.18556186616455,4.18556186616455,4.18556186616455
887,4.26754684021375,4.21429881225729,4.2068678761253,4.19575285934816,4.18753082440389,4.18560055753033,4.18560055753032,4.18560055753032,4.18560055753032,4.18560055753032
888,4.26711766674328,4.21435446272496,4.20693259391279,4.19581346070855,4.18758510364909,4.18563934245227,4.18563934245226,4.18563934245226,4.18563934245226,4.18563934245226
889,4.26668766377389,4.21441022741907,4.20699739477562,4.19587414178068,4.18763946599335,4.18567822125148,4.18567822125148,4.18567822125148,4.18567822125148,4.18567822125148
890,4.26625682798833,4.21446610689955,4.20706227914499,4.19593490296218,4.18769391175175,4.18571719425064,4.18571719425064,4.18571719425064,4.18571719425064,4.18571719425064
891,4.26582515605304,4.21452210172636,4.20712724745738,4.19599574465192,4.18774844124123,4.18575626177401,4.18575626177401,4.18575626177402,4.18575626177401,4.18575626177401
892,4.26539264461811,4.21457821245954,4.20719230015448,4.19605666725007,4.18780305478043,4.18579542414747,4.18579542414747,4.18579542414747,4.18579542414747,4.18579542414747
893,4.26495929031714,4.21463443965931,4.20725743768306,4.19611767115813,4.18785775268984,4.18583468169851,4.1858346816985,4.1858346816985,4.1858346816985,4.1858346816985
894,4.26452508976713,4.21469078388613,4.20732266049489,4.19617875677899,4.18791253529174,4.18587403475622,4.18587403475622,4.18587403475622,4.18587403475622,4.18587403475622
895,4.26409003956844,4.21474724570069,4.20738796904662,4.19623992451699,4.18796740291023,4.1859134836514,4.18591348365141,4.1859134836514,4.18591348365141,4.18591348365141
896,4.26365413630462,4.21480382566408,4.20745336379975,4.19630117477797,4.18802235587122,4.18595302871648,4.18595302871647,4.18595302871647,4.18595302871647,4.18595302871647
897,4.26321737654232,4.21486052433781,4.20751884522043,4.1963625079693,4.18807739450247,4.18599267028553,4.18599267028553,4.18599267028553,4.18599267028553,4.18599267028553
898,4.26277975683126,4.21491734228378,4.20758441377955,4.19642392449994,4.18813251913357,4.18603240869438,4.18603240869438,4.18603240869438,4.18603240869438,4.18603240869438
899,4.26234127370405,4.21497428006448,4.20765006995245,4.19648542478049,4.18818773009598,4.18607224428051,4.18607224428051,4.18607224428051,4.18607224428051,4.18607224428051
900,4.26190192367606,4.21503133824297,4.20771581421904,4.19654700922322,4.18824302772302,4.18611217738314,4.18611217738314,4.18611217738314,4.18611217738314,4.18611217738314
901,4.26146170324543,4.21508851738292,4.20778164706358,4.19660867824209,4.18829841234989,4.18615220834322,4.18615220834322,4.18615220834322,4.18615220834322,4.18615220834322
902,4.26102060889286,4.2151458180487,4.2078475689747,4.19667043225283,4.18835388431368,4.18619233750345,4.18619233750345,4.18619233750345,4.18619233750345,4.18619233750345
903,4.26065300535505,4.21519293522654,4.20790395353306,4.19672368594604,4.18840163323469,4.18622495734093,4.18622495734092,4.18622495734092,4.18622495734092,4.18622495734092
904,4.26064504992883,4.21519021641606,4.20791375757056,4.1967354005903,4.18841160308954,4.18622079448094,4.18622079448094,4.18622079448094,4.18622079448094,4.18622079448094
905,4.26063711156714,4.2151874990008,4.2079235327379,4.19674709173706,4.1884215622053,4.18621664055036,4.18621664055036,4.18621664055036,4.18621664055036,4.18621664055036
906,4.26062919022383,4.21518478302924,4.2079332791217,4.19675875943011,4.18843151056991,4.18621249552504,4.18621249552504,4.18621249552504,4.18621249552504,4.18621249552504
907,4.26062128585282,4.21518206854886,4.2079429968094,4.19677040371316,4.18844144817145,4.18620835938087,4.18620835938086,4.18620835938087,4.18620835938086,4.18620835938086
908,4.26061339840808,4.21517935560598,4.20795268588926,4.19678202462979,4.18845137499816,4.18620423209374,4.18620423209375,4.18620423209375,4.18620423209375,4.18620423209375
909,4.26060552784362,4.21517664424591,4.20796234645035,4.19679362222355,4.18846129103838,4.18620011363964,4.18620011363964,4.18620011363964,4.18620011363964,4.18620011363964
910,4.26059767411356,4.21517393451299,4.20797197858244,4.19680519653785,4.18847119628064,4.1861960039945,4.1861960039945,4.1861960039945,4.1861960039945,4.1861960039945
911,4.26058983717204,4.21517122645047,4.20798158237601,4.1968167476161,4.18848109071356,4.18619190313436,4.18619190313436,4.18619190313436,4.18619190313436,4.18619190313436
912,4.26058201697327,4.2151685201007,4.20799115792217,4.19682827550164,4.18849097432593,4.18618781103526,4.18618781103526,4.18618781103526,4.18618781103526,4.18618781103526
913,4.26057421347157,4.21516581550501,4.20800070531265,4.19683978023775,4.18850084710668,4.18618372767327,4.18618372767327,4.18618372767327,4.18618372767327,4.18618372767327
914,4.26056642662127,4.21516311270385,4.20801022463974,4.1968512618677,4.18851070904488,4.18617965302451,4.18617965302451,4.18617965302451,4.18617965302451,4.18617965302451
915,4.26055865637681,4.21516041173674,4.20801971599626,4.19686272043472,4.18852056012975,4.18617558706514,4.18617558706514,4.18617558706514,4.18617558706514,4.18617558706514
916,4.26055090269269,4.21515771264229,4.20802917947557,4.19687415598205,4.18853040035064,4.18617152977135,4.18617152977135,4.18617152977136,4.18617152977135,4.18617152977135
917,4.26054316552349,4.21515501545823,4.20803861517145,4.19688556855288,4.18854022969705,4.18616748111938,4.18616748111938,4.18616748111938,4.18616748111938,4.18616748111938
918,4.26053544482387,4.21515232022146,4.20804802317814,4.19689695819044,4.18855004815864,4.18616344108549,4.18616344108549,4.18616344108549,4.18616344108549,4.18616344108549
919,4.26052774054857,4.21514962696804,4.20805740359026,4.1969083249379,4.18855985572521,4.18615940964601,4.186159409646,4.186159409646,4.186159409646,4.186159409646
920,4.2605200526524,4.21514693573319,4.20806675650281,4.1969196688385,4.18856965238672,4.18615538677728,4.18615538677728,4.18615538677728,4.18615538677728,4.18615538677728
921,4.26051238109026,4.21514424655133,4.20807608201114,4.19693098993547,4.18857943813327,4.18615137245571,4.18615137245571,4.18615137245571,4.18615137245571,4.18615137245571
922,4.26050472581714,4.21514155945611,4.20808538021088,4.19694228827204,4.18858921295511,4.18614736665774,4.18614736665774,4.18614736665774,4.18614736665774,4.18614736665774
923,4.26049708678811,4.21513887448042,4.20809465119799,4.1969535638915,4.18859897684264,4.18614336935987,4.18614336935987,4.18614336935987,4.18614336935987,4.18614336935987
924,4.26048946395832,4.21513619165637,4.20810389506864,4.19696481683714,4.18860872978643,4.18613938053862,4.18613938053862,4.18613938053862,4.18613938053862,4.18613938053862
925,4.26048185728301,4.21513351101535,4.20811311191927,4.19697604715228,4.18861847177718,4.18613540017058,4.18613540017058,4.18613540017058,4.18613540017058,4.18613540017058
926,4.26047426671753,4.21513083258803,4.20812230184649,4.1969872548803,4.18862820280577,4.18613142823238,4.18613142823238,4.18613142823238,4.18613142823238,4.18613142823238
927,4.26046669221729,4.21512815640438,4.20813146494712,4.19699844006459,4.18863792286322,4.18612746470068,4.18612746470068,4.18612746470068,4.18612746470068,4.18612746470068
928,4.26045913373781,4.21512548249365,4.20814060131813,4.1970096027486,4.1886476319407,4.18612350955222,4.18612350955222,4.18612350955222,4.18612350955222,4.18612350955222
929,4.26045159123471,4.21512281088447,4.20814971105663,4.19702074297582,4.18865733002957,4.18611956276376,4.18611956276376,4.18611956276376,4.18611956276376,4.18611956276376
930,4.26044406466368,4.21512014160476,4.20815879425983,4.19703186078977,4.18866701712131,4.18611562431213,4.18611562431213,4.18611562431213,4.18611562431213,4.18611562431213
931,4.26043655398053,4.21511747468181,4.20816785102504,4.19704295623405,4.18867669320759,4.1861116941742,4.1861116941742,4.1861116941742,4.1861116941742,4.1861116941742
932,4.26042905914116,4.21511481014228,4.20817688144966,4.19705402935227,4.18868635828021,4.18610777232688,4.18610777232689,4.18610777232688,4.18610777232688,4.18610777232688
933,4.26042158010156,4.21511214801222,4.20818588563112,4.19706508018814,4.18869601233116,4.18610385874716,4.18610385874716,4.18610385874716,4.18610385874716,4.18610385874716
934,4.26041411681781,4.21510948831705,4.20819486366689,4.19707610878539,4.18870565535257,4.18609995341206,4.18609995341206,4.18609995341206,4.18609995341206,4.18609995341206
935,4.26040666924612,4.21510683108159,4.20820381565448,4.1970871151878,4.18871528733675,4.18609605629865,4.18609605629865,4.18609605629865,4.18609605629865,4.18609605629865
936,4.26039923734278,4.21510417633012,4.20821274169139,4.19709809943924,4.18872490827615,4.18609216738406,4.18609216738407,4.18609216738406,4.18609216738407,4.18609216738407
937,4.26039182106418,4.2151015240863,4.20822164187507,4.19710906158361,4.18873451816341,4.18608828664549,4.18608828664548,4.18608828664549,4.18608828664548,4.18608828664548
938,4.26038442036682,4.21509887437326,4.20823051630299,4.19712000166489,4.18874411699131,4.18608441406014,4.18608441406015,4.18608441406015,4.18608441406015,4.18608441406015
939,4.26037703520728,4.21509622721359,4.20823936507254,4.1971309197271,4.18875370475279,4.18608054960534,4.18608054960534,4.18608054960534,4.18608054960534,4.18608054960534
940,4.26036966554229,4.21509358262932,4.20824818828105,4.19714181581432,4.18876328144101,4.1860766932584,4.1860766932584,4.1860766932584,4.1860766932584,4.1860766932584
941,4.26036231132865,4.21509094064197,4.20825698602577,4.19715268997068,4.18877284704921,4.18607284499674,4.18607284499674,4.18607284499674,4.18607284499674,4.18607284499674
942,4.26035497252326,4.21508830127254,4.20826575840388,4.19716354224042,4.18878240157087,4.18606900479781,4.1860690047978,4.18606900479781,4.1860690047978,4.1860690047978
943,4.26034764908314,4.21508566454154,4.20827450551242,4.19717437266779,4.1887919449996,4.1860651726391,4.1860651726391,4.1860651726391,4.1860651726391,4.1860651726391
944,4.26034034096543,4.21508303046896,4.20828322744836,4.19718518129711,4.18880147732917,4.18606134849819,4.1860613484982,4.18606134849819,4.1860613484982,4.1860613484982
945,4.26033304812734,4.21508039907434,4.20829192430848,4.19719596817277,4.18881099855354,4.18605753235271,4.18605753235271,4.18605753235271,4.18605753235271,4.18605753235271
946,4.26032577052622,4.21507777037672,4.20830059618947,4.1972067333392,4.18882050866683,4.18605372418031,4.18605372418031,4.18605372418031,4.18605372418031,4.18605372418031
947,4.26031850811951,4.2150751443947,4.20830924318783,4.19721747684092,4.18883000766331,4.18604992395874,4.18604992395874,4.18604992395875,4.18604992395874,4.18604992395874
948,4.26031126086477,4.2150725211464,4.20831786539994,4.19722819872248,4.18883949553744,4.18604613166579,4.18604613166579,4.18604613166579,4.18604613166579,4.18604613166579
949,4.26030402871966,4.21506990064952,4.20832646292195,4.19723889902851,4.18884897228385,4.1860423472793,4.1860423472793,4.1860423472793,4.1860423472793,4.1860423472793
950,4.26029681164196,4.2150672829213,4.20833503584988,4.19724957780366,4.18885843789731,4.18603857077718,4.18603857077718,4.18603857077718,4.18603857077718,4.18603857077718
951,4.26028960958953,4.21506466797859,4.20834358427951,4.19726023509268,4.18886789237278,4.18603480213738,4.18603480213738,4.18603480213738,4.18603480213738,4.18603480213738
952,4.2602824225204,4.21506205583776,4.20835210830644,4.19727087094036,4.18887733570538,4.18603104133793,4.18603104133793,4.18603104133793,4.18603104133793,4.18603104133793
953,4.26027525039265,4.21505944651483,4.20836060802605,4.19728148539154,4.18888676789041,4.18602728835691,4.18602728835691,4.18602728835691,4.18602728835691,4.18602728835691
954,4.26026809316448,4.2150568400254,4.2083690835335,4.19729207849109,4.18889618892333,4.18602354317244,4.18602354317244,4.18602354317244,4.18602354317244,4.18602354317244
955,4.26026095079426,4.21505423638465,4.20837753492374,4.19730265028397,4.18890559879976,4.18601980576273,4.18601980576272,4.18601980576273,4.18601980576272,4.18601980576272
956,4.2602538232404,4.2150516356074,4.20838596229145,4.19731320081517,4.1889149975155,4.18601607610601,4.18601607610602,4.18601607610601,4.18601607610602,4.18601607610602
957,4.26024671046146,4.21504903770811,4.20839436573107,4.19732373012975,4.18892438506652,4.18601235418062,4.18601235418062,4.18601235418062,4.18601235418062,4.18601235418062
958,4.26023961241609,4.21504644270082,4.20840274533682,4.19733423827277,4.18893376144895,4.18600863996491,4.18600863996491,4.18600863996491,4.18600863996491,4.18600863996491
959,4.26023252906308,4.21504385059923,4.20841110120263,4.1973447252894,4.18894312665909,4.18600493343731,4.18600493343731,4.18600493343731,4.18600493343731,4.18600493343731
960,4.26022546036131,4.2150412614167,4.20841943342217,4.19735519122482,4.18895248069342,4.18600123457631,4.18600123457632,4.18600123457632,4.18600123457632,4.18600123457632
961,4.2602184062698,4.21503867516622,4.20842774208885,4.19736563612423,4.18896182354855,4.18599754336047,4.18599754336047,4.18599754336047,4.18599754336047,4.18599754336047
962,4.26021136674764,4.21503609186045,4.20843602729579,4.19737606003292,4.18897115522131,4.18599385976838,4.18599385976838,4.18599385976838,4.18599385976838,4.18599385976838
963,4.26020434175408,4.21503351151169,4.20844428913583,4.19738646299621,4.18898047570867,4.1859901837787,4.1859901837787,4.1859901837787,4.1859901837787,4.1859901837787
964,4.26019733124844,4.21503093413195,4.20845252770152,4.19739684505944,4.18898978500776,4.18598651537018,4.18598651537017,4.18598651537018,4.18598651537018,4.18598651537018
965,4.2601903351902,4.21502835973288,4.20846074308513,4.19740720626799,4.18899908311588,4.18598285452158,4.18598285452158,4.18598285452158,4.18598285452158,4.18598285452158
966,4.26018335353893,4.21502578832585,4.20846893537861,4.1974175466673,4.18900837003051,4.18597920121176,4.18597920121176,4.18597920121176,4.18597920121176,4.18597920121176
967,4.26017638625431,4.21502321992187,4.20847710467362,4.19742786630282,4.1890176457493,4.18597555541962,4.18597555541962,4.18597555541962,4.18597555541962,4.18597555541962
968,4.26016943329613,4.2150206545317,4.2084852510615,4.19743816522003,4.18902691027003,4.18597191712412,4.18597191712412,4.18597191712412,4.18597191712412,4.18597191712412
969,4.26016249462432,4.21501809216577,4.2084933746333,4.19744844346446,4.18903616359069,4.18596828630429,4.18596828630429,4.18596828630429,4.18596828630429,4.18596828630429
970,4.26015557019889,4.21501553283423,4.20850147547973,4.19745870108166,4.1890454057094,4.18596466293921,4.18596466293922,4.18596466293922,4.18596466293922,4.18596466293922
971,4.26014865998002,4.21501297654692,4.20850955369119,4.19746893811721,4.18905463662447,4.18596104700804,4.18596104700804,4.18596104700804,4.18596104700804,4.18596104700804
972,4.26014176392793,4.21501042331343,4.20851760935776,4.1974791546167,4.18906385633436,4.18595743848996,4.18595743848996,4.18595743848996,4.18595743848996,4.18595743848996
973,4.26013488200301,4.21500787314307,4.20852564256916,4.19748935062579,4.18907306483769,4.18595383736426,4.18595383736426,4.18595383736426,4.18595383736426,4.18595383736426
974,4.26012801416574,4.21500532604486,4.20853365341485,4.19749952619008,4.18908226213326,4.18595024361024,4.18595024361024,4.18595024361024,4.18595024361024,4.18595024361024
975,4.26012116037675,4.21500278202757,4.20854164198388,4.19750968135529,4.18909144822002,4.1859466572073,4.1859466572073,4.1859466572073,4.1859466572073,4.1859466572073
976,4.26011432059673,4.21500024109969,4.20854960836501,4.19751981616707,4.18910062309707,4.18594307813488,4.18594307813489,4.18594307813488,4.18594307813488,4.18594307813488
977,4.26010749478654,4.2149977032695,4.20855755264664,4.19752993067115,4.18910978676371,4.18593950637249,4.1859395063725,4.18593950637249,4.18593950637249,4.18593950637249
978,4.2601006829071,4.21499516854497,4.20856547491685,4.19754002491323,4.18911893921936,4.18593594189969,4.1859359418997,4.1859359418997,4.1859359418997,4.1859359418997
979,4.26009388491949,4.21499263693388,4.20857337526336,4.19755009893906,4.18912808046362,4.18593238469612,4.18593238469612,4.18593238469612,4.18593238469612,4.18593238469612
980,4.26008710078489,4.21499010844371,4.20858125377353,4.19756015279438,4.18913721049625,4.18592883474145,4.18592883474144,4.18592883474145,4.18592883474144,4.18592883474144
981,4.26008033046459,4.21498758308178,4.2085891105344,4.19757018652495,4.18914632931717,4.18592529201543,4.18592529201542,4.18592529201542,4.18592529201542,4.18592529201542
982,4.26007357392,4.21498506085511,4.20859694563264,4.19758020017651,4.18915543692645,4.18592175649786,4.18592175649786,4.18592175649786,4.18592175649786,4.18592175649786
983,4.26006683111265,4.21498254177052,4.20860475915459,4.19759019379485,4.18916453332432,4.18591822816862,4.18591822816862,4.18591822816862,4.18591822816862,4.18591822816862
984,4.26006010200416,4.21498002583461,4.20861255118619,4.19760016742574,4.18917361851117,4.18591470700762,4.18591470700762,4.18591470700762,4.18591470700762,4.18591470700762
985,4.26005338655629,4.21497751305376,4.20862032181309,4.19761012111495,4.18918269248755,4.18591119299487,4.18591119299487,4.18591119299487,4.18591119299487,4.18591119299487
986,4.26004668473092,4.21497500343413,4.20862807112054,4.19762005490826,4.18919175525415,4.1859076861104,4.1859076861104,4.1859076861104,4.1859076861104,4.1859076861104
987,4.26003999649004,4.21497249698166,4.20863579919343,4.19762996885144,4.18920080681184,4.18590418633432,4.18590418633432,4.18590418633432,4.18590418633432,4.18590418633432
988,4.26003332179572,4.21496999370211,4.20864350611632,4.19763986299026,4.18920984716163,4.18590069364679,4.18590069364679,4.18590069364679,4.18590069364679,4.18590069364679
989,4.26002666061019,4.21496749360102,4.20865119197337,4.1976497373705,4.18921887630466,4.18589720802805,4.18589720802805,4.18589720802805,4.18589720802805,4.18589720802805
990,4.26002001289576,4.21496499668373,4.20865885684842,4.19765959203792,4.18922789424228,4.18589372945838,4.18589372945838,4.18589372945838,4.18589372945838,4.18589372945838
991,4.26001337861489,4.21496250295539,4.20866650082492,4.19766942703825,4.18923690097594,4.18589025791812,4.18589025791812,4.18589025791812,4.18589025791812,4.18589025791812
992,4.26000675773012,4.21496001242095,4.20867412398598,4.19767924241726,4.18924589650725,4.18588679338768,4.18588679338769,4.18588679338769,4.18588679338769,4.18588679338769
993,4.26000015020414,4.2149575250852,4.20868172641431,4.19768903822067,4.18925488083799,4.18588333584754,4.18588333584754,4.18588333584754,4.18588333584754,4.18588333584754
994,4.25999355599971,4.2149550409527,4.20868930819231,4.1976988144942,4.18926385397008,4.1858798852782,4.1858798852782,4.1858798852782,4.1858798852782,4.1858798852782
995,4.25998697507974,4.21495256002785,4.20869686940196,4.19770857128356,4.18927281590557,4.18587644166027,4.18587644166026,4.18587644166026,4.18587644166026,4.18587644166026
996,4.25998040740723,4.21495008231491,4.20870441012492,4.19771830863442,4.18928176664669,4.18587300497437,4.18587300497436,4.18587300497437,4.18587300497436,4.18587300497436
997,4.2599738529453,4.2149476078179,4.20871193044247,4.19772802659248,4.18929070619579,4.18586957520121,4.18586957520121,4.18586957520121,4.18586957520121,4.18586957520121
998,4.25996731165721,4.21494513654072,4.2087194304355,4.19773772520337,4.18929963455539,4.18586615232156,4.18586615232156,4.18586615232156,4.18586615232156,4.18586615232156
999,4.25996078350629,4.21494266848706,4.20872691018458,4.19774740451271,4.18930855172813,4.18586273631625,4.18586273631625,4.18586273631624,4.18586273631625,4.18586273631625
1000,4.259954268456,4.21494020366049,4.20873436976988,4.19775706456614,4.1893174577168,4.18585932716614,4.18585932716614,4.18585932716614,4.18585932716614,4.18585932716614
1001,4.25994776646993,4.21493774206439,4.20874180927122,4.19776670540921,4.18932635252435,4.18585592485218,4.18585592485218,4.18585592485218,4.18585592485218,4.18585592485218
1002,4.25994127751176,4.21493528370199,4.20874922876805,4.19777632708749,4.18933523615386,4.18585252935537,4.18585252935537,4.18585252935537,4.18585252935537,4.18585252935537
1003,4.25993480154528,4.21493282857637,4.20875662833946,4.19778592964651,4.18934410860854,4.18584914065677,4.18584914065677,4.18584914065677,4.18584914065677,4.18584914065677
1004,4.25992833853443,4.21493037669042,4.20876400806419,4.19779551313176,4.18935296989176,4.18584575873749,4.18584575873749,4.18584575873749,4.18584575873749,4.18584575873749
1005,4.25992188844321,4.21492792804693,4.20877136802057,4.19780507758871,4.18936182000702,4.18584238357871,4.18584238357871,4.18584238357871,4.18584238357871,4.18584238357871
1006,4.25991545123577,4.21492548264854,4.20877870828661,4.1978146230628,4.18937065895796,4.18583901516167,4.18583901516166,4.18583901516167,4.18583901516166,4.18583901516166
1007,4.25990902687635,4.21492304049769,4.20878602893995,4.19782414959944,4.18937948674835,4.18583565346765,4.18583565346765,4.18583565346764,4.18583565346764,4.18583565346764
1008,4.25990261532932,4.21492060159674,4.20879333005784,4.19783365724399,4.18938830338211,4.185832298478,4.185832298478,4.185832298478,4.185832298478,4.185832298478
1009,4.25989621655915,4.21491816594788,4.20880061171721,4.19784314604177,4.1893971088633,4.18582895017413,4.18582895017414,4.18582895017414,4.18582895017414,4.18582895017414
1010,4.25988983053042,4.21491573355317,4.20880787399459,4.19785261603811,4.18940590319607,4.18582560853753,4.18582560853753,4.18582560853753,4.18582560853753,4.18582560853753
1011,4.25988345720781,4.21491330441454,4.20881511696618,4.19786206727823,4.18941468638476,4.1858222735497,4.1858222735497,4.1858222735497,4.1858222735497,4.1858222735497
1012,4.25987709655615,4.21491087853377,4.20882234070778,4.19787149980735,4.18942345843382,4.18581894519222,4.18581894519222,4.18581894519222,4.18581894519222,4.18581894519222
1013,4.25987074854034,4.21490845591254,4.20882954529488,4.19788091367066,4.18943221934782,4.18581562344675,4.18581562344675,4.18581562344675,4.18581562344675,4.18581562344675
1014,4.25986441312541,4.21490603655239,4.20883673080257,4.19789030891328,4.18944096913149,4.18581230829498,4.18581230829498,4.18581230829498,4.18581230829498,4.18581230829498
1015,4.25985809027648,4.21490362045471,4.2088438973056,4.19789968558029,4.18944970778965,4.18580899971866,4.18580899971865,4.18580899971866,4.18580899971866,4.18580899971866
1016,4.2598517799588,4.21490120762082,4.20885104487837,4.19790904371672,4.18945843532727,4.1858056976996,4.1858056976996,4.1858056976996,4.1858056976996,4.1858056976996
1017,4.25984548213773,4.21489879805188,4.2088581735949,4.19791838336759,4.18946715174947,4.18580240221969,4.18580240221969,4.18580240221969,4.18580240221969,4.18580240221969
1018,4.25983919677874,4.21489639174892,4.20886528352888,4.19792770457782,4.18947585706146,4.18579911326084,4.18579911326083,4.18579911326083,4.18579911326083,4.18579911326083
1019,4.25983292384738,4.21489398871292,4.20887237475364,4.19793700739232,4.18948455126857,4.18579583080503,4.18579583080503,4.18579583080503,4.18579583080503,4.18579583080503
1020,4.25982666330935,4.21489158894467,4.20887944734215,4.19794629185591,4.1894932343763,4.18579255483433,4.18579255483432,4.18579255483433,4.18579255483432,4.18579255483432
1021,4.25982041513043,4.21488919244489,4.20888650136702,4.1979555580134,4.18950190639023,4.18578928533081,4.18578928533081,4.1857892853308,4.1857892853308,4.1857892853308
1022,4.25981417927652,4.21488679921418,4.20889353690053,4.19796480590953,4.18951056731609,4.18578602227663,4.18578602227663,4.18578602227663,4.18578602227663,4.18578602227663
1023,4.25980795571362,4.21488440925305,4.20890055401458,4.19797403558896,4.18951921715973,4.18578276565401,4.18578276565401,4.18578276565401,4.18578276565401,4.18578276565401
1024,4.25980174440785,4.21488202256187,4.20890755278077,4.19798324709635,4.18952785592709,4.18577951544521,4.18577951544522,4.18577951544521,4.18577951544521,4.18577951544521
1025,4.25979554532542,4.21487963914095,4.20891453327029,4.19799244047625,4.18953648362425,4.18577627163257,4.18577627163257,4.18577627163257,4.18577627163257,4.18577627163257
1026,4.25978935843268,4.21487725899045,4.20892149555404,4.19800161577318,4.18954510025742,4.18577303419845,4.18577303419845,4.18577303419845,4.18577303419845,4.18577303419845
1027,4.25978318369603,4.21487488211046,4.20892843970253,4.1980107730316,4.18955370583292,4.18576980312529,4.18576980312529,4.18576980312529,4.18576980312529,4.18576980312529
1028,4.25977702108204,4.21487250850098,4.20893536578597,4.19801991229589,4.18956230035717,4.18576657839559,4.18576657839559,4.18576657839559,4.18576657839559,4.18576657839559
1029,4.25977087055734,4.21487013816188,4.20894227387418,4.1980290336104,4.18957088383673,4.1857633599919,4.1857633599919,4.18576335999189,4.18576335999189,4.18576335999189
1030,4.2597647320887,4.21486777109297,4.20894916403666,4.1980381370194,4.18957945627825,4.18576014789681,4.1857601478968,4.1857601478968,4.1857601478968,4.1857601478968
1031,4.25975860564297,4.21486540729395,4.20895603634259,4.19804722256709,4.18958801768851,4.18575694209298,4.18575694209298,4.18575694209298,4.18575694209298,4.18575694209298
1032,4.25975249118711,4.21486304676443,4.20896289086079,4.19805629029762,4.1895965680744,4.18575374256313,4.18575374256313,4.18575374256313,4.18575374256313,4.18575374256313
1033,4.2597463886882,4.21486068950393,4.20896972765973,4.19806534025507,4.18960510744292,4.18575054929003,4.18575054929003,4.18575054929003,4.18575054929003,4.18575054929003
1034,4.25974029811341,4.21485833551188,4.20897654680757,4.19807437248346,4.18961363580116,4.1857473622565,4.1857473622565,4.1857473622565,4.1857473622565,4.1857473622565
1035,4.25973421943003,4.21485598478763,4.20898334837212,4.19808338702674,4.18962215315636,4.18574418144543,4.18574418144543,4.18574418144543,4.18574418144543,4.18574418144543
1036,4.25972815260543,4.21485363733046,4.20899013242085,4.19809238392878,4.18963065951584,4.18574100683973,4.18574100683973,4.18574100683973,4.18574100683973,4.18574100683973
1037,4.2597220976071,4.21485129313953,4.20899689902091,4.19810136323341,4.18963915488702,4.1857378384224,4.1857378384224,4.18573783842241,4.18573783842241,4.18573783842241
1038,4.25971605440265,4.21484895221395,4.20900364823913,4.19811032498434,4.18964763927746,4.18573467617649,4.18573467617649,4.1857346761765,4.18573467617649,4.18573467617649
1039,4.25971002295974,4.21484661455273,4.209010380142,4.19811926922528,4.18965611269478,4.18573152008509,4.18573152008509,4.18573152008509,4.18573152008509,4.18573152008509
1040,4.25970400324621,4.21484428015481,4.20901709479566,4.19812819599981,4.18966457514675,4.18572837013135,4.18572837013135,4.18572837013135,4.18572837013135,4.18572837013135
1041,4.25969799522996,4.21484194901907,4.20902379226595,4.19813710535147,4.1896730266412,4.18572522629847,4.18572522629847,4.18572522629847,4.18572522629847,4.18572522629847
1042,4.25969199887896,4.21483962114427,4.20903047261838,4.19814599732371,4.18968146718611,4.18572208856971,4.18572208856971,4.18572208856971,4.18572208856971,4.18572208856971
1043,4.25968601416135,4.21483729652915,4.20903713591814,4.19815487195991,4.1896898967895,4.18571895692839,4.18571895692839,4.18571895692839,4.18571895692839,4.18571895692839
1044,4.25968004104533,4.21483497517232,4.20904378223009,4.19816372930339,4.18969831545954,4.18571583135786,4.18571583135787,4.18571583135786,4.18571583135787,4.18571583135787
1045,4.2596740794992,4.21483265707238,4.20905041161875,4.19817256939739,4.18970672320449,4.18571271184156,4.18571271184156,4.18571271184156,4.18571271184156,4.18571271184156
1046,4.25966812949139,4.21483034222781,4.20905702414837,4.19818139228504,4.18971512003269,4.18570959836294,4.18570959836294,4.18570959836294,4.18570959836294,4.18570959836294
1047,4.25966219099041,4.21482803063703,4.20906361988285,4.19819019800944,4.18972350595259,4.18570649090554,4.18570649090554,4.18570649090554,4.18570649090554,4.18570649090554
1048,4.25965626396488,4.21482572229841,4.20907019888577,4.1981989866136,4.18973188097273,4.18570338945292,4.18570338945292,4.18570338945292,4.18570338945292,4.18570338945292
1049,4.25965034838351,4.21482341721024,4.20907676122041,4.19820775814044,4.18974024510175,4.18570029398873,4.18570029398873,4.18570029398873,4.18570029398873,4.18570029398873
1050,4.25964444421511,4.21482111537076,4.20908330694973,4.19821651263281,4.18974859834838,4.18569720449664,4.18569720449664,4.18569720449664,4.18569720449664,4.18569720449664
1051,4.25963855142862,4.21481881677812,4.20908983613639,4.19822525013348,4.18975694072145,4.18569412096039,4.18569412096039,4.18569412096039,4.18569412096039,4.18569412096039
1052,4.25963266999302,4.21481652143043,4.20909634884271,4.19823397068514,4.18976527222987,4.18569104336376,4.18569104336377,4.18569104336377,4.18569104336377,4.18569104336377
1053,4.25962679987747,4.21481422932572,4.20910284513074,4.19824267433039,4.18977359288265,4.18568797169061,4.18568797169061,4.18568797169061,4.18568797169061,4.18568797169061
1054,4.25962094105115,4.21481194046198,4.20910932506219,4.19825136111177,4.18978190268889,4.18568490592481,4.1856849059248,4.18568490592481,4.1856849059248,4.1856849059248
1055,4.2596150934834,4.2148096548371,4.20911578869849,4.19826003107172,4.18979020165778,4.1856818460503,4.1856818460503,4.1856818460503,4.1856818460503,4.1856818460503
1056,4.25960925714361,4.21480737244899,4.20912223610074,4.1982686842526,4.18979848979859,4.18567879205109,4.1856787920511,4.18567879205109,4.18567879205109,4.18567879205109
1057,4.2596034320013,4.21480509329542,4.20912866732978,4.19827732069671,4.18980676712067,4.18567574391123,4.18567574391122,4.18567574391123,4.18567574391123,4.18567574391123
1058,4.25959761802608,4.21480281737413,4.20913508244609,4.19828594044623,4.18981503363349,4.1856727016148,4.18567270161479,4.18567270161479,4.18567270161479,4.18567270161479
1059,4.25959181518767,4.21480054468283,4.2091414815099,4.19829454354328,4.18982328934657,4.18566966514595,4.18566966514595,4.18566966514595,4.18566966514595,4.18566966514595
1060,4.25958602345585,4.21479827521915,4.20914786458113,4.19830313002989,4.18983153426953,4.18566663448889,4.18566663448889,4.18566663448889,4.18566663448889,4.18566663448889
1061,4.25958024280055,4.21479600898067,4.20915423171937,4.198311699948,4.18983976841207,4.18566360962787,4.18566360962787,4.18566360962786,4.18566360962787,4.18566360962787
1062,4.25957447319173,4.21479374596492,4.20916058298399,4.19832025333948,4.18984799178398,4.18566059054718,4.18566059054718,4.18566059054718,4.18566059054718,4.18566059054718
1063,4.25956871459951,4.2147914861694,4.20916691843399,4.1983287902461,4.18985620439512,4.18565757723118,4.18565757723118,4.18565757723118,4.18565757723118,4.18565757723118
1064,4.25956296699409,4.2147892295915,4.20917323812811,4.19833731070954,4.18986440625542,4.18565456966427,4.18565456966427,4.18565456966427,4.18565456966427,4.18565456966427
1065,4.25955723034573,4.21478697622864,4.2091795421248,4.19834581477141,4.18987259737492,4.1856515678309,4.1856515678309,4.1856515678309,4.1856515678309,4.1856515678309
1066,4.25955150462484,4.21478472607812,4.20918583048224,4.19835430247322,4.18988077776372,4.18564857171557,4.18564857171557,4.18564857171557,4.18564857171557,4.18564857171557
1067,4.25954578980187,4.21478247913725,4.20919210325829,4.1983627738564,4.189888947432,4.18564558130284,4.18564558130284,4.18564558130284,4.18564558130284,4.18564558130284
1068,4.25954008584741,4.21478023540325,4.20919836051054,4.19837122896227,4.18989710639002,4.1856425965773,4.1856425965773,4.1856425965773,4.1856425965773,4.1856425965773
1069,4.25953439273213,4.21477799487332,4.20920460229628,4.19837966783211,4.18990525464811,4.18563961752361,4.18563961752361,4.18563961752361,4.18563961752361,4.18563961752361
1070,4.25952871042677,4.21477575754459,4.20921082867257,4.19838809050705,4.18991339221667,4.18563664412647,4.18563664412647,4.18563664412647,4.18563664412647,4.18563664412647
1071,4.25952303890221,4.21477352341417,4.20921703969612,4.19839649702818,4.1899215191062,4.18563367637062,4.18563367637062,4.18563367637062,4.18563367637062,4.18563367637062
1072,4.25951737812939,4.21477129247914,4.2092232354234,4.19840488743647,4.18992963532724,4.18563071424087,4.18563071424087,4.18563071424087,4.18563071424087,4.18563071424087
1073,4.25951172807934,4.21476906473649,4.20922941591061,4.19841326177282,4.18993774089043,4.18562775772206,4.18562775772206,4.18562775772206,4.18562775772206,4.18562775772206
1074,4.25950608872321,4.2147668401832,4.20923558121363,4.19842162007804,4.18994583580645,4.18562480679909,4.18562480679909,4.18562480679909,4.18562480679909,4.18562480679909
1075,4.25950046003224,4.2147646188162,4.20924173138813,4.19842996239283,4.18995392008608,4.18562186145691,4.1856218614569,4.1856218614569,4.1856218614569,4.1856218614569
1076,4.25949484197773,4.21476240063241,4.20924786648943,4.19843828875781,4.18996199374017,4.18561892168049,4.18561892168049,4.18561892168049,4.18561892168049,4.18561892168049
1077,4.2594892345311,4.21476018562865,4.20925398657266,4.1984465992135,4.1899700567796,4.1856159874549,4.1856159874549,4.1856159874549,4.1856159874549,4.1856159874549
1078,4.25948363766385,4.21475797380175,4.20926009169261,4.19845489380035,4.18997810921537,4.18561305876521,4.18561305876521,4.18561305876521,4.18561305876521,4.18561305876521
1079,4.25947805134759,4.21475576514847,4.20926618190385,4.19846317255871,4.18998615105852,4.18561013559657,4.18561013559657,4.18561013559657,4.18561013559657,4.18561013559657
1080,4.25947247555399,4.21475355966559,4.20927225726066,4.19847143552882,4.18999418232015,4.18560721793416,4.18560721793416,4.18560721793416,4.18560721793416,4.18560721793416
1081,4.25946691025484,4.21475135734978,4.20927831781704,4.19847968275085,4.19000220301142,4.18560430576321,4.18560430576321,4.18560430576321,4.18560430576321,4.18560430576321
1082,4.25946135542202,4.21474915819773,4.20928436362676,4.19848791426486,4.19001021314361,4.185601399069,4.18560139906901,4.185601399069,4.185601399069,4.185601399069
1083,4.25945581102748,4.21474696220604,4.20929039474332,4.19849613011083,4.19001821272798,4.18559849783687,4.18559849783687,4.18559849783687,4.18559849783687,4.18559849783687
1084,4.25945027704327,4.21474476937134,4.20929641121993,4.19850433032865,4.19002620177592,4.18559560205218,4.18559560205218,4.18559560205218,4.18559560205218,4.18559560205218
1085,4.25944475344152,4.2147425796902,4.20930241310957,4.1985125149581,4.19003418029885,4.18559271170036,4.18559271170035,4.18559271170036,4.18559271170035,4.18559271170035
1086,4.25943924019448,4.21474039315912,4.20930840046495,4.19852068403888,4.19004214830824,4.18558982676687,4.18558982676686,4.18558982676687,4.18558982676687,4.18558982676687
1087,4.25943373727446,4.21473820977462,4.20931437333853,4.19852883761058,4.19005010581568,4.18558694723723,4.18558694723723,4.18558694723723,4.18558694723723,4.18558694723723
1088,4.25942824465387,4.21473602953316,4.2093203317825,4.19853697571272,4.19005805283273,4.185584073097,4.18558407309701,4.185584073097,4.185584073097,4.185584073097
1089,4.2594227623052,4.21473385243119,4.20932627584882,4.19854509838472,4.19006598937109,4.1855812043318,4.1855812043318,4.1855812043318,4.1855812043318,4.1855812043318
1090,4.25941729020103,4.21473167846511,4.20933220558917,4.19855320566588,4.19007391544246,4.18557834092727,4.18557834092727,4.18557834092727,4.18557834092727,4.18557834092727
1091,4.25941182831404,4.21472950763129,4.20933812105501,4.19856129759545,4.19008183105864,4.18557548286911,4.18557548286911,4.18557548286912,4.18557548286911,4.18557548286911
1092,4.259406376617,4.21472733992608,4.20934402229752,4.19856937421254,4.19008973623146,4.18557263014308,4.18557263014308,4.18557263014308,4.18557263014308,4.18557263014308
1093,4.25940093508274,4.2147251753458,4.20934990936765,4.19857743555619,4.19009763097282,4.18556978273496,4.18556978273496,4.18556978273496,4.18556978273496,4.18556978273496
1094,4.25939550368422,4.21472301388673,4.20935578231609,4.19858548166535,4.19010551529466,4.18556694063059,4.18556694063059,4.18556694063059,4.18556694063059,4.18556694063059
1095,4.25939008239443,4.21472085554516,4.20936164119331,4.19859351257885,4.19011338920898,4.18556410381585,4.18556410381585,4.18556410381585,4.18556410381585,4.18556410381585
1096,4.2593846711865,4.21471870031731,4.2093674860495,4.19860152833546,4.19012125272785,4.18556127227668,4.18556127227668,4.18556127227668,4.18556127227668,4.18556127227668
1097,4.25937927003361,4.21471654819937,4.20937331693465,4.19860952897382,4.19012910586336,4.18555844599904,4.18555844599904,4.18555844599904,4.18555844599904,4.18555844599904
1098,4.25937387890905,4.21471439918756,4.20937913389847,4.19861751453249,4.19013694862769,4.18555562496895,4.18555562496895,4.18555562496895,4.18555562496895,4.18555562496895
1099,4.25936849778618,4.214712253278,4.20938493699045,4.19862548504994,4.19014478103302,4.18555280917248,4.18555280917248,4.18555280917248,4.18555280917248,4.18555280917248
1100,4.25936312663846,4.21471011046685,4.20939072625984,4.19863344056455,4.19015260309164,4.18554999859573,4.18554999859573,4.18554999859573,4.18554999859573,4.18554999859573
1101,4.25935776543942,4.21470797075021,4.20939650175564,4.19864138111457,4.19016041481585,4.18554719322486,4.18554719322486,4.18554719322486,4.18554719322486,4.18554719322486
1102,4.25935241416268,4.21470583412417,4.20940226352664,4.19864930673819,4.19016821621801,4.18554439304607,4.18554439304606,4.18554439304606,4.18554439304606,4.18554439304606
1103,4.25934707278194,4.21470370058478,4.20940801162139,4.19865721747349,4.19017600731052,4.18554159804557,4.18554159804558,4.18554159804558,4.18554159804558,4.18554159804558
1104,4.25934174127099,4.21470157012808,4.20941374608818,4.19866511335846,4.19018378810584,4.18553880820969,4.18553880820969,4.18553880820969,4.18553880820969,4.18553880820969
1105,4.25933641960372,4.21469944275011,4.20941946697509,4.19867299443098,4.19019155861648,4.18553602352472,4.18553602352473,4.18553602352472,4.18553602352473,4.18553602352473
1106,4.25933110775407,4.21469731844683,4.20942517432998,4.19868086072885,4.19019931885496,4.18553324397706,4.18553324397706,4.18553324397706,4.18553324397706,4.18553324397706
1107,4.25932580569609,4.21469519721423,4.20943086820046,4.19868871228976,4.19020706883391,4.18553046955311,4.18553046955311,4.18553046955311,4.18553046955311,4.18553046955311
1108,4.25932051340389,4.21469307904827,4.20943654863391,4.19869654915131,4.19021480856594,4.18552770023933,4.18552770023934,4.18552770023934,4.18552770023934,4.18552770023934
1109,4.25931523085169,4.21469096394485,4.20944221567753,4.19870437135103,4.19022253806373,4.18552493602224,4.18552493602223,4.18552493602223,4.18552493602223,4.18552493602223
1110,4.25930995801377,4.21468885189992,4.20944786937822,4.1987121789263,4.19023025734002,4.18552217688836,4.18552217688836,4.18552217688835,4.18552217688835,4.18552217688835
1111,4.2593046948645,4.21468674290935,4.20945350978273,4.19871997191444,4.19023796640757,4.18551942282428,4.18551942282428,4.18551942282428,4.18551942282428,4.18551942282428
1112,4.25929944137832,4.21468463696903,4.20945913693754,4.19872775035268,4.19024566527918,4.18551667381665,4.18551667381665,4.18551667381665,4.18551667381665,4.18551667381665
1113,4.25929419752979,4.21468253407478,4.20946475088892,4.19873551427813,4.19025335396771,4.18551392985214,4.18551392985214,4.18551392985214,4.18551392985214,4.18551392985214
1114,4.2592889632935,4.21468043422246,4.20947035168293,4.19874326372781,4.19026103248603,4.18551119091745,4.18551119091746,4.18551119091745,4.18551119091745,4.18551119091745
1115,4.25928373864416,4.21467833740789,4.20947593936541,4.19875099873864,4.1902687008471,4.18550845699936,4.18550845699936,4.18550845699936,4.18550845699936,4.18550845699936
1116,4.25927852355655,4.21467624362685,4.20948151398197,4.19875871934748,4.19027635906386,4.18550572808466,4.18550572808465,4.18550572808466,4.18550572808466,4.18550572808466
1117,4.2592733180055,4.21467415287515,4.20948707557802,4.19876642559105,4.19028400714933,4.18550300416019,4.18550300416019,4.18550300416019,4.18550300416019,4.18550300416019
1118,4.25926812196597,4.21467206514853,4.20949262419876,4.19877411750598,4.19029164511656,4.18550028521284,4.18550028521284,4.18550028521284,4.18550028521284,4.18550028521284
1119,4.25926293541298,4.21466998044276,4.20949815988915,4.19878179512883,4.19029927297862,4.18549757122953,4.18549757122953,4.18549757122953,4.18549757122953,4.18549757122953
1120,4.25925775832162,4.21466789875356,4.20950368269395,4.19878945849603,4.19030689074863,4.18549486219724,4.18549486219724,4.18549486219724,4.18549486219724,4.18549486219724
1121,4.25925259066704,4.21466582007665,4.20950919265774,4.19879710764394,4.19031449843976,4.18549215810297,4.18549215810298,4.18549215810297,4.18549215810298,4.18549215810298
1122,4.25924743242453,4.21466374440773,4.20951468982484,4.19880474260881,4.19032209606518,4.18548945893378,4.18548945893378,4.18548945893378,4.18548945893378,4.18548945893378
1123,4.25924228356941,4.2146616717425,4.20952017423939,4.19881236342681,4.19032968363812,4.18548676467676,4.18548676467675,4.18548676467676,4.18548676467675,4.18548676467675
1124,4.25923714407708,4.21465960207663,4.20952564594532,4.198819970134,4.19033726117184,4.18548407531903,4.18548407531903,4.18548407531903,4.18548407531903,4.18548407531903
1125,4.25923201392303,4.21465753540576,4.20953110498636,4.19882756276633,4.19034482867964,4.18548139084777,4.18548139084778,4.18548139084777,4.18548139084778,4.18548139084778
1126,4.25922689308285,4.21465547172555,4.20953655140601,4.19883514135969,4.19035238617483,4.18547871125021,4.18547871125021,4.18547871125021,4.18547871125021,4.18547871125021
1127,4.25922178153216,4.21465341103163,4.20954198524761,4.19884270594984,4.19035993367078,4.1854760365136,4.18547603651359,4.18547603651359,4.18547603651359,4.18547603651359
1128,4.2592166792467,4.21465135331962,4.20954740655426,4.19885025657247,4.19036747118088,4.18547336662521,4.18547336662521,4.18547336662521,4.18547336662521,4.18547336662521
1129,4.25921158620224,4.21464929858514,4.20955281536887,4.19885779326316,4.19037499871854,4.18547070157241,4.18547070157241,4.18547070157241,4.18547070157241,4.18547070157241
1130,4.25920650237469,4.21464724682374,4.20955821173415,4.19886531605741,4.19038251629722,4.18546804134256,4.18546804134256,4.18546804134256,4.18546804134256,4.18546804134256
1131,4.25920142773998,4.21464519803104,4.20956359569262,4.19887282499059,4.19039002393039,4.18546538592307,4.18546538592308,4.18546538592307,4.18546538592307,4.18546538592307
1132,4.25919636227415,4.2146431522026,4.20956896728659,4.19888032009801,4.19039752163157,4.18546273530142,4.18546273530142,4.18546273530142,4.18546273530142,4.18546273530142
1133,4.25919130595329,4.21464110933397,4.20957432655819,4.19888780141488,4.1904050094143,4.18546008946508,4.18546008946507,4.18546008946508,4.18546008946508,4.18546008946508
1134,4.25918625875359,4.2146390694207,4.20957967354932,4.19889526897628,4.19041248729214,4.18545744840159,4.18545744840159,4.18545744840159,4.18545744840159,4.18545744840159
1135,4.2591812206513,4.21463703245832,4.20958500830173,4.19890272281726,4.19041995527869,4.18545481209854,4.18545481209854,4.18545481209854,4.18545481209854,4.18545481209854
1136,4.25917619162275,4.21463499844237,4.20959033085695,4.19891016297271,4.19042741338756,4.18545218054353,4.18545218054353,4.18545218054353,4.18545218054353,4.18545218054353
1137,4.25917117164435,4.21463296736835,4.20959564125633,4.19891758947745,4.19043486163242,4.18544955372422,4.18544955372422,4.18544955372422,4.18544955372422,4.18544955372422
1138,4.25916616069258,4.21463093923175,4.20960093954103,4.19892500236622,4.19044230002694,4.1854469316283,4.1854469316283,4.1854469316283,4.1854469316283,4.1854469316283
1139,4.25916115874398,4.2146289140281,4.20960622575199,4.19893240167365,4.19044972858481,4.1854443142435,4.18544431424349,4.1854443142435,4.1854443142435,4.1854443142435
1140,4.25915616577519,4.21462689175286,4.20961149993,4.19893978743427,4.19045714731976,4.18544170155759,4.18544170155758,4.18544170155758,4.18544170155758,4.18544170155758
1141,4.2591511817629,4.21462487240151,4.20961676211566,4.19894715968253,4.19046455624554,4.18543909355837,4.18543909355837,4.18543909355837,4.18543909355837,4.18543909355837
1142,4.25914620668391,4.21462285596951,4.20962201234936,4.19895451845278,4.19047195537593,4.18543649023371,4.1854364902337,4.18543649023371,4.1854364902337,4.1854364902337
1143,4.25914124051504,4.21462084245233,4.20962725067132,4.19896186377926,4.19047934472472,4.18543389157146,4.18543389157147,4.18543389157147,4.18543389157147,4.18543389157147
1144,4.25913628323321,4.21461883184541,4.20963247712157,4.19896919569615,4.19048672430573,4.18543129755959,4.18543129755959,4.18543129755959,4.18543129755959,4.18543129755959
1145,4.25913133481544,4.21461682414419,4.20963769173997,4.1989765142375,4.19049409413281,4.18542870818602,4.18542870818602,4.18542870818602,4.18542870818602,4.18542870818602
1146,4.25912639523876,4.21461481934412,4.20964289456619,4.19898381943729,4.19050145421983,4.18542612343876,4.18542612343876,4.18542612343876,4.18542612343876,4.18542612343876
1147,4.25912146448034,4.2146128174406,4.2096480856397,4.1989911113294,4.19050880458067,4.18542354330586,4.18542354330586,4.18542354330586,4.18542354330586,4.18542354330586
1148,4.25911654251738,4.21461081842906,4.20965326499982,4.19899838994762,4.19051614522922,4.18542096777539,4.18542096777538,4.18542096777538,4.18542096777538,4.18542096777538
1149,4.25911162932714,4.21460882230491,4.20965843268566,4.19900565532563,4.19052347617944,4.18541839683544,4.18541839683544,4.18541839683544,4.18541839683544,4.18541839683544
1150,4.25910672488701,4.21460682906356,4.2096635887362,4.19901290749703,4.19053079744527,4.18541583047419,4.18541583047419,4.18541583047419,4.18541583047419,4.18541583047419
1151,4.25910182917438,4.21460483870039,4.2096687331902,4.19902014649533,4.19053810904067,4.18541326867981,4.18541326867981,4.18541326867981,4.18541326867981,4.18541326867981
1152,4.25909694216677,4.2146028512108,4.20967386608626,4.19902737235394,4.19054541097962,4.18541071144052,4.18541071144052,4.18541071144052,4.18541071144052,4.18541071144052
1153,4.25909206384173,4.21460086659017,4.20967898746281,4.19903458510617,4.19055270327615,4.18540815874459,4.1854081587446,4.18540815874459,4.1854081587446,4.1854081587446
1154,4.25908719417691,4.21459888483388,4.20968409735807,4.19904178478527,4.19055998594426,4.18540561058032,4.18540561058032,4.18540561058032,4.18540561058032,4.18540561058032
1155,4.25908233315,4.2145969059373,4.20968919581016,4.19904897142436,4.190567258998,4.18540306693603,4.18540306693604,4.18540306693604,4.18540306693604,4.18540306693604
1156,4.25907748073877,4.2145949298958,4.20969428285696,4.19905614505648,4.19057452245143,4.18540052780011,4.18540052780011,4.18540052780011,4.18540052780011,4.18540052780011
1157,4.25907263692108,4.21459295670475,4.2096993585362,4.19906330571458,4.19058177631863,4.18539799316095,4.18539799316095,4.18539799316095,4.18539799316095,4.18539799316095
1158,4.25906780167485,4.21459098635948,4.20970442288547,4.19907045343153,4.19058902061368,4.185395463007,4.185395463007,4.185395463007,4.185395463007,4.185395463007
1159,4.25906297497805,4.21458901885535,4.20970947594214,4.19907758824008,4.1905962553507,4.18539293732674,4.18539293732674,4.18539293732674,4.18539293732674,4.18539293732674
1160,4.25905815680873,4.21458705418772,4.20971451774345,4.19908471017291,4.19060348054381,4.18539041610867,4.18539041610867,4.18539041610868,4.18539041610868,4.18539041610868
1161,4.25905334714502,4.21458509235191,4.20971954832647,4.1990918192626,4.19061069620714,4.18538789934137,4.18538789934137,4.18538789934137,4.18538789934137,4.18538789934137
1162,4.25904854596511,4.21458313334327,4.20972456772809,4.19909891554165,4.19061790235486,4.1853853870134,4.18538538701341,4.1853853870134,4.18538538701341,4.18538538701341
1163,4.25904375324725,4.21458117715712,4.20972957598503,4.19910599904244,4.19062509900113,4.1853828791134,4.18538287911341,4.1853828791134,4.1853828791134,4.1853828791134
1164,4.25903896896976,4.2145792237888,4.20973457313388,4.1991130697973,4.19063228616013,4.18538037563003,4.18538037563003,4.18538037563003,4.18538037563003,4.18538037563003
1165,4.25903419311104,4.21457727323364,4.20973955921102,4.19912012783844,4.19063946384604,4.18537787655196,4.18537787655196,4.18537787655196,4.18537787655196,4.18537787655196
1166,4.25902942564956,4.21457532548694,4.20974453425271,4.19912717319798,4.1906466320731,4.18537538186794,4.18537538186794,4.18537538186794,4.18537538186794,4.18537538186794
1167,4.25902466656383,4.21457338054403,4.20974949829502,4.19913420590798,4.1906537908555,4.18537289156673,4.18537289156673,4.18537289156673,4.18537289156673,4.18537289156673
1168,4.25901991583245,4.21457143840023,4.20975445137387,4.19914122600036,4.19066094020748,4.18537040563712,4.18537040563712,4.18537040563712,4.18537040563712,4.18537040563712
1169,4.25901517343409,4.21456949905083,4.20975939352504,4.19914823350698,4.19066808014328,4.18536792406796,4.18536792406795,4.18536792406796,4.18536792406795,4.18536792406795
1170,4.25901043934745,4.21456756249116,4.20976432478411,4.19915522845962,4.19067521067718,4.1853654468481,4.1853654468481,4.1853654468481,4.1853654468481,4.1853654468481
1171,4.25900571355135,4.21456562871651,4.20976924518654,4.19916221088995,4.19068233182343,4.18536297396644,4.18536297396644,4.18536297396644,4.18536297396644,4.18536297396644
1172,4.25900099602462,4.21456369772219,4.20977415476762,4.19916918082955,4.1906894435963,4.18536050541194,4.18536050541194,4.18536050541194,4.18536050541194,4.18536050541194
1173,4.25899628674622,4.21456176950349,4.20977905356247,4.19917613830994,4.19069654601009,4.18535804117356,4.18535804117356,4.18535804117356,4.18535804117356,4.18535804117356
1174,4.25899158569511,4.21455984405571,4.20978394160609,4.1991830833625,4.19070363907908,4.1853555812403,4.1853555812403,4.1853555812403,4.1853555812403,4.1853555812403
1175,4.25898689285037,4.21455792137416,4.20978881893329,4.19919001601857,4.19071072281759,4.1853531256012,4.18535312560121,4.18535312560121,4.18535312560121,4.18535312560121
1176,4.25898220819109,4.21455600145412,4.20979368557873,4.19919693630937,4.19071779723994,4.18535067424535,4.18535067424535,4.18535067424535,4.18535067424535,4.18535067424535
1177,4.25897753169647,4.21455408429089,4.20979854157696,4.19920384426605,4.19072486236043,4.18534822716184,4.18534822716184,4.18534822716184,4.18534822716184,4.18534822716184
1178,4.25897286334577,4.21455216987974,4.20980338696234,4.19921073991966,4.19073191819343,4.18534578433982,4.18534578433981,4.18534578433981,4.18534578433981,4.18534578433981
1179,4.25896820311828,4.21455025821598,4.20980822176907,4.19921762330117,4.19073896475324,4.18534334576846,4.18534334576845,4.18534334576845,4.18534334576845,4.18534334576845
1180,4.25896355099338,4.21454834929489,4.20981304603124,4.19922449444145,4.19074600205425,4.18534091143696,4.18534091143696,4.18534091143696,4.18534091143696,4.18534091143696
1181,4.25895890695053,4.21454644311175,4.20981785978276,4.19923135337129,4.19075303011077,4.18533848133458,4.18533848133458,4.18533848133458,4.18533848133458,4.18533848133458
1182,4.25895427096921,4.21454453966185,4.2098226630574,4.19923820012139,4.19076004893721,4.18533605545058,4.18533605545059,4.18533605545059,4.18533605545059,4.18533605545059
1183,4.25894964302901,4.21454263894048,4.20982745588879,4.19924503472237,4.1907670585479,4.18533363377429,4.18533363377429,4.18533363377429,4.18533363377429,4.18533363377429
1184,4.25894502310954,4.21454074094291,4.2098322383104,4.19925185720478,4.19077405895724,4.18533121629503,4.18533121629503,4.18533121629503,4.18533121629503,4.18533121629503
1185,4.25894041119049,4.21453884566444,4.20983701035558,4.19925866759902,4.1907810501796,4.18532880300218,4.18532880300218,4.18532880300218,4.18532880300218,4.18532880300218
1186,4.25893580725165,4.21453695310031,4.20984177205751,4.19926546593547,4.19078803222936,4.18532639388514,4.18532639388514,4.18532639388514,4.18532639388514,4.18532639388514
1187,4.2589312112728,4.21453506324586,4.20984652344924,4.19927225224438,4.19079500512093,4.18532398893336,4.18532398893336,4.18532398893336,4.18532398893336,4.18532398893336
1188,4.25892662323383,4.21453317609633,4.20985126456366,4.19927902655596,4.19080196886869,4.1853215881363,4.18532158813631,4.18532158813631,4.18532158813631,4.18532158813631
1189,4.25892204311469,4.21453129164702,4.20985599543354,4.19928578890028,4.19080892348705,4.18531919148349,4.18531919148348,4.18531919148348,4.18531919148348,4.18531919148348
1190,4.25891747089538,4.2145294098932,4.20986071609149,4.19929253930736,4.19081586899042,4.18531679896443,4.18531679896443,4.18531679896443,4.18531679896443,4.18531679896443
1191,4.25891290655597,4.21452753083016,4.20986542657,4.19929927780711,4.1908228053932,4.18531441056871,4.18531441056871,4.18531441056871,4.18531441056871,4.18531441056871
1192,4.25890835007657,4.21452565445318,4.20987012690141,4.19930600442938,4.19082973270982,4.18531202628592,4.18531202628593,4.18531202628593,4.18531202628593,4.18531202628593
1193,4.25890380143739,4.21452378075752,4.20987481711791,4.19931271920393,4.19083665095467,4.18530964610571,4.18530964610571,4.18530964610571,4.18530964610571,4.18530964610571
1194,4.25889926061865,4.21452190973851,4.20987949725156,4.19931942216041,4.19084356014219,4.18530727001773,4.18530727001773,4.18530727001774,4.18530727001773,4.18530727001773
1195,4.25889472760068,4.21452004139138,4.20988416733431,4.19932611332841,4.19085046028681,4.18530489801168,4.18530489801168,4.18530489801168,4.18530489801168,4.18530489801168
1196,4.25889020236384,4.21451817571145,4.2098888273979,4.19933279273743,4.19085735140293,4.18530253007729,4.18530253007729,4.18530253007729,4.18530253007729,4.18530253007729
1197,4.25888568488857,4.21451631269399,4.20989347747403,4.19933946041688,4.190864233505,4.18530016620431,4.18530016620431,4.18530016620431,4.18530016620431,4.18530016620431
1198,4.25888117515533,4.21451445233429,4.20989811759419,4.19934611639609,4.19087110660743,4.18529780638253,4.18529780638254,4.18529780638253,4.18529780638254,4.18529780638254
1199,4.25887667314471,4.21451259462761,4.20990274778977,4.19935276070431,4.19087797072467,4.18529545060179,4.18529545060179,4.18529545060179,4.18529545060179,4.18529545060179
1200,4.25887217883728,4.21451073956928,4.20990736809201,4.1993593933707,4.19088482587113,4.18529309885192,4.18529309885192,4.18529309885192,4.18529309885192,4.18529309885192
1201,4.25886769221372,4.21450888715458,4.20991197853204,4.19936601442433,4.19089167206126,4.18529075112281,4.18529075112282,4.18529075112281,4.18529075112281,4.18529075112281
1202,4.25886321325476,4.21450703737877,4.20991657914083,4.19937262389421,4.19089850930949,4.18528840740439,4.18528840740439,4.18528840740439,4.18528840740439,4.18528840740439
1203,4.2588587419412,4.21450519023718,4.20992116994924,4.19937922180923,4.19090533763025,4.18528606768658,4.18528606768658,4.18528606768658,4.18528606768658,4.18528606768658
1204,4.25885427825384,4.21450334572507,4.20992575098799,4.19938580819824,4.19091215703798,4.18528373195938,4.18528373195937,4.18528373195938,4.18528373195938,4.18528373195938
1205,4.25884982217362,4.21450150383775,4.20993032228768,4.19939238308997,4.19091896754711,4.18528140021277,4.18528140021277,4.18528140021277,4.18528140021277,4.18528140021277
1206,4.2588453736815,4.21449966457052,4.20993488387875,4.1993989465131,4.19092576917207,4.18527907243681,4.18527907243681,4.18527907243681,4.18527907243681,4.18527907243681
1207,4.25884093275846,4.21449782791868,4.20993943579156,4.19940549849619,4.19093256192729,4.18527674862156,4.18527674862156,4.18527674862156,4.18527674862156,4.18527674862156
1208,4.25883649938561,4.21449599387753,4.20994397805631,4.19941203906775,4.19093934582722,4.18527442875711,4.18527442875712,4.18527442875711,4.18527442875712,4.18527442875712
1209,4.25883207354408,4.21449416244236,4.20994851070306,4.1994185682562,4.19094612088628,4.18527211283361,4.1852721128336,4.1852721128336,4.1852721128336,4.1852721128336
1210,4.25882765521505,4.21449233360849,4.20995303376178,4.19942508608988,4.1909528871189,4.18526980084118,4.18526980084118,4.18526980084118,4.18526980084118,4.18526980084118
1211,4.25882324437977,4.21449050737122,4.2099575472623,4.19943159259703,4.1909596445395,4.18526749277003,4.18526749277004,4.18526749277004,4.18526749277004,4.18526749277004
1212,4.25881884101955,4.21448868372585,4.20996205123432,4.19943808780583,4.19096639316252,4.18526518861039,4.18526518861039,4.18526518861039,4.18526518861039,4.18526518861039
1213,4.25881444511574,4.21448686266771,4.2099665457074,4.19944457174438,4.19097313300237,4.18526288835248,4.18526288835248,4.18526288835248,4.18526288835248,4.18526288835248
1214,4.25881005664976,4.21448504419212,4.20997103071101,4.19945104444069,4.19097986407347,4.18526059198659,4.18526059198659,4.18526059198659,4.18526059198659,4.18526059198659
1215,4.25880567560309,4.21448322829437,4.20997550627449,4.19945750592268,4.19098658639026,4.18525829950302,4.18525829950302,4.18525829950302,4.18525829950302,4.18525829950302
1216,4.25880130195726,4.2144814149698,4.20997997242704,4.1994639562182,4.19099329996713,4.18525601089211,4.18525601089211,4.18525601089211,4.18525601089211,4.18525601089211
1217,4.25879693569387,4.21447960421371,4.20998442919773,4.19947039535504,4.19100000481851,4.18525372614423,4.18525372614423,4.18525372614423,4.18525372614423,4.18525372614423
1218,4.25879257679453,4.21447779602146,4.20998887661555,4.19947682336087,4.19100670095879,4.18525144524976,4.18525144524976,4.18525144524976,4.18525144524976,4.18525144524976
1219,4.25878822524094,4.21447599038835,4.20999331470934,4.19948324026331,4.1910133884024,4.18524916819913,4.18524916819913,4.18524916819913,4.18524916819913,4.18524916819913
1220,4.25878388101487,4.21447418730973,4.20999774350782,4.1994896460899,4.19102006716373,4.18524689498279,4.18524689498279,4.18524689498279,4.18524689498279,4.18524689498279
1221,4.25877954409813,4.21447238678093,4.21000216303959,4.19949604086809,4.19102673725717,4.18524462559122,4.18524462559122,4.18524462559122,4.18524462559122,4.18524462559122
1222,4.25877521447256,4.21447058879727,4.21000657333317,4.19950242462524,4.19103339869712,4.18524236001493,4.18524236001493,4.18524236001493,4.18524236001493,4.18524236001493
1223,4.25877089212009,4.21446879335411,4.21001097441691,4.19950879738865,4.19104005149797,4.18524009824445,4.18524009824446,4.18524009824445,4.18524009824445,4.18524009824445
1224,4.2587665770227,4.2144670004468,4.21001536631905,4.19951515918555,4.1910466956741,4.18523784027036,4.18523784027036,4.18523784027036,4.18523784027036,4.18523784027036
1225,4.2587622691624,4.21446521007066,4.21001974906775,4.19952151004308,4.19105333123988,4.18523558608325,4.18523558608325,4.18523558608325,4.18523558608325,4.18523558608325
1226,4.25875796852127,4.21446342222107,4.21002412269103,4.19952784998829,4.19105995820971,4.18523333567373,4.18523333567373,4.18523333567373,4.18523333567373,4.18523333567373
1227,4.25875367508144,4.21446163689336,4.2100284872168,4.19953417904815,4.19106657659793,4.18523108903246,4.18523108903246,4.18523108903246,4.18523108903246,4.18523108903246
1228,4.25874938882512,4.21445985408291,4.21003284267283,4.19954049724959,4.19107318641892,4.18522884615012,4.18522884615013,4.18522884615012,4.18522884615013,4.18522884615013
1229,4.25874510973453,4.21445807378508,4.21003718908682,4.19954680461942,4.19107978768703,4.18522660701742,4.18522660701742,4.18522660701742,4.18522660701742,4.18522660701742
1230,4.25874083779196,4.21445629599522,4.21004152648633,4.19955310118441,4.19108638041661,4.18522437162509,4.18522437162509,4.18522437162509,4.18522437162509,4.18522437162509
1231,4.25873657297979,4.21445452070871,4.21004585489881,4.19955938697121,4.19109296462201,4.1852221399639,4.18522213996389,4.18522213996389,4.18522213996389,4.18522213996389
1232,4.25873231528037,4.21445274792092,4.2100501743516,4.19956566200644,4.19109954031756,4.18521991202462,4.18521991202462,4.18521991202462,4.18521991202462,4.18521991202462
1233,4.25872806467619,4.21445097762723,4.21005448487193,4.19957192631661,4.1911061075176,4.18521768779809,4.18521768779809,4.18521768779809,4.18521768779809,4.18521768779809
1234,4.25872382114974,4.21444920982302,4.21005878648692,4.19957817992817,4.19111266623644,4.18521546727514,4.18521546727514,4.18521546727514,4.18521546727514,4.18521546727514
1235,4.25871958468358,4.21444744450368,4.21006307922358,4.19958442286747,4.19111921648842,4.18521325044665,4.18521325044666,4.18521325044665,4.18521325044665,4.18521325044665
1236,4.25871535526031,4.21444568166461,4.21006736310879,4.19959065516083,4.19112575828783,4.18521103730353,4.18521103730352,4.18521103730353,4.18521103730352,4.18521103730352
1237,4.25871113286261,4.21444392130118,4.21007163816936,4.19959687683445,4.19113229164899,4.18520882783669,4.18520882783668,4.18520882783668,4.18520882783668,4.18520882783668
1238,4.25870691747318,4.21444216340878,4.21007590443196,4.19960308791448,4.19113881658618,4.18520662203708,4.18520662203708,4.18520662203708,4.18520662203708,4.18520662203708
1239,4.2587027090748,4.21444040798285,4.21008016192317,4.19960928842697,4.1911453331137,4.1852044198957,4.1852044198957,4.1852044198957,4.1852044198957,4.1852044198957
1240,4.25869850765026,4.21443865501877,4.21008441066945,4.19961547839793,4.19115184124582,4.18520222140355,4.18520222140355,4.18520222140355,4.18520222140355,4.18520222140355
1241,4.25869431318245,4.21443690451196,4.21008865069716,4.19962165785328,4.19115834099682,4.18520002655167,4.18520002655167,4.18520002655167,4.18520002655167,4.18520002655167
1242,4.25869012565427,4.21443515645784,4.21009288203254,4.19962782681885,4.19116483238095,4.18519783533111,4.18519783533111,4.18519783533111,4.18519783533111,4.18519783533111
1243,4.2586859450487,4.21443341085181,4.21009710470175,4.19963398532042,4.19117131541248,4.18519564773297,4.18519564773296,4.18519564773297,4.18519564773297,4.18519564773297
1244,4.25868177134878,4.21443166768931,4.21010131873082,4.19964013338368,4.19117779010566,4.18519346374835,4.18519346374835,4.18519346374835,4.18519346374835,4.18519346374835
1245,4.25867760453754,4.21442992696578,4.2101055241457,4.19964627103424,4.19118425647471,4.1851912833684,4.18519128336841,4.18519128336841,4.18519128336841,4.18519128336841
1246,4.25867344459812,4.21442818867664,4.21010972097221,4.19965239829767,4.19119071453386,4.1851891065843,4.1851891065843,4.1851891065843,4.1851891065843,4.1851891065843
1247,4.2586692915137,4.21442645281733,4.21011390923609,4.19965851519942,4.19119716429734,4.18518693338723,4.18518693338723,4.18518693338723,4.18518693338723,4.18518693338723
1248,4.25866514526748,4.21442471938329,4.21011808896296,4.1996646217649,4.19120360577935,4.1851847637684,4.18518476376841,4.1851847637684,4.1851847637684,4.1851847637684
1249,4.25866100584274,4.21442298836998,4.21012226017834,4.19967071801944,4.1912100389941,4.18518259771908,4.18518259771908,4.18518259771908,4.18518259771908,4.18518259771908
1250,4.25865687322281,4.21442125977284,4.21012642290766,4.1996768039883,4.19121646395578,4.18518043523052,4.18518043523052,4.18518043523052,4.18518043523052,4.18518043523052
1251,4.25865274739105,4.21441953358734,4.21013057717623,4.19968287969666,4.19122288067856,4.18517827629403,4.18517827629403,4.18517827629403,4.18517827629403,4.18517827629403
1252,4.25864862833088,4.21441780980894,4.21013472300927,4.19968894516963,4.19122928917663,4.18517612090093,4.18517612090093,4.18517612090093,4.18517612090093,4.18517612090093
1253,4.25864451602576,4.2144160884331,4.21013886043191,4.19969500043224,4.19123568946413,4.18517396904257,4.18517396904257,4.18517396904257,4.18517396904257,4.18517396904257
1254,4.25864041045921,4.21441436945531,4.21014298946916,4.19970104550947,4.19124208155522,4.18517182071033,4.18517182071033,4.18517182071033,4.18517182071033,4.18517182071033
1255,4.25863631161481,4.21441265287103,4.21014711014594,4.19970708042621,4.19124846546404,4.1851696758956,4.18516967589559,4.18516967589559,4.18516967589559,4.18516967589559
1256,4.25863221947617,4.21441093867575,4.21015122248708,4.19971310520728,4.19125484120472,4.1851675345898,4.1851675345898,4.1851675345898,4.1851675345898,4.1851675345898
1257,4.25862813402693,4.21440922686497,4.2101553265173,4.19971911987744,4.19126120879138,4.1851653967844,4.1851653967844,4.1851653967844,4.1851653967844,4.1851653967844
1258,4.25862405525082,4.21440751743417,4.21015942226122,4.19972512446136,4.19126756823813,4.18516326247086,4.18516326247086,4.18516326247086,4.18516326247086,4.18516326247086
1259,4.25861998313159,4.21440581037886,4.21016350974338,4.19973111898367,4.19127391955907,4.18516113164069,4.18516113164069,4.18516113164069,4.18516113164069,4.18516113164069
1260,4.25861591765305,4.21440410569453,4.2101675889882,4.19973710346889,4.19128026276827,4.18515900428541,4.18515900428541,4.18515900428541,4.18515900428541,4.18515900428541
1261,4.25861185879905,4.21440240337671,4.21017166002002,4.19974307794152,4.19128659787982,4.18515688039658,4.18515688039658,4.18515688039658,4.18515688039658,4.18515688039658
1262,4.2586078065535,4.21440070342089,4.21017572286308,4.19974904242592,4.19129292490777,4.18515475996577,4.18515475996577,4.18515475996577,4.18515475996577,4.18515475996577
1263,4.25860376090034,4.21439900582262,4.21017977754153,4.19975499694645,4.19129924386619,4.18515264298457,4.18515264298457,4.18515264298457,4.18515264298457,4.18515264298457
1264,4.25859972182356,4.2143973105774,4.21018382407942,4.19976094152736,4.19130555476911,4.18515052944463,4.18515052944463,4.18515052944463,4.18515052944463,4.18515052944463
1265,4.25859568930721,4.21439561768079,4.2101878625007,4.19976687619285,4.19131185763055,4.18514841933758,4.18514841933758,4.18514841933758,4.18514841933758,4.18514841933758
1266,4.25859166333539,4.21439392712831,4.21019189282923,4.19977280096703,4.19131815246454,4.1851463126551,4.1851463126551,4.1851463126551,4.1851463126551,4.1851463126551
1267,4.25858764389221,4.21439223891549,4.21019591508879,4.19977871587397,4.19132443928507,4.18514420938889,4.18514420938889,4.18514420938889,4.18514420938889,4.18514420938889
1268,4.25858363096189,4.21439055303789,4.21019992930306,4.19978462093763,4.19133071810615,4.18514210953068,4.18514210953068,4.18514210953068,4.18514210953068,4.18514210953068
1269,4.25857962452862,4.21438886949108,4.2102039354956,4.19979051618196,4.19133698894174,4.1851400130722,4.1851400130722,4.1851400130722,4.1851400130722,4.1851400130722
1270,4.2585756245767,4.21438718827061,4.21020793368992,4.19979640163078,4.19134325180582,4.18513792000524,4.18513792000524,4.18513792000524,4.18513792000524,4.18513792000524
1271,4.25857163109044,4.21438550937204,4.21021192390942,4.19980227730788,4.19134950671234,4.18513583032158,4.18513583032158,4.18513583032158,4.18513583032158,4.18513583032158
1272,4.25856764405421,4.21438383279094,4.21021590617741,4.19980814323697,4.19135575367524,4.18513374401305,4.18513374401305,4.18513374401304,4.18513374401305,4.18513374401305
1273,4.25856366345242,4.2143821585229,4.2102198805171,4.1998139994417,4.19136199270845,4.18513166107148,4.18513166107148,4.18513166107149,4.18513166107148,4.18513166107148
1274,4.25855968926953,4.21438048656348,4.21022384695165,4.19981984594563,4.19136822382589,4.18512958148877,4.18512958148876,4.18512958148876,4.18512958148876,4.18512958148876
1275,4.25855572149005,4.2143788169083,4.21022780550407,4.19982568277229,4.19137444704146,4.18512750525677,4.18512750525677,4.18512750525677,4.18512750525677,4.18512750525677
1276,4.25855176009852,4.21437714955294,4.21023175619731,4.19983150994511,4.19138066236906,4.18512543236741,4.18512543236741,4.18512543236741,4.18512543236741,4.18512543236741
1277,4.25854780507953,4.214375484493,4.21023569905425,4.19983732748747,4.19138686982254,4.18512336281264,4.18512336281264,4.18512336281264,4.18512336281264,4.18512336281264
1278,4.25854385641773,4.21437382172407,4.21023963409767,4.19984313542268,4.19139306941578,4.18512129658441,4.18512129658441,4.18512129658441,4.18512129658441,4.18512129658441
1279,4.25853991409779,4.2143721612418,4.21024356135024,4.19984893377397,4.19139926116264,4.18511923367471,4.18511923367472,4.18511923367471,4.18511923367471,4.18511923367471
1280,4.25853597810445,4.21437050304176,4.21024748083456,4.19985472256454,4.19140544507693,4.18511717407555,4.18511717407555,4.18511717407555,4.18511717407555,4.18511717407555
1281,4.25853204842248,4.21436884711962,4.21025139257316,4.19986050181748,4.1914116211725,4.18511511777895,4.18511511777895,4.18511511777895,4.18511511777895,4.18511511777895
1282,4.25852812503668,4.214367193471,4.21025529658845,4.19986627155584,4.19141778946313,4.18511306477698,4.18511306477698,4.18511306477698,4.18511306477698,4.18511306477698
1283,4.25852420793193,4.21436554209152,4.21025919290278,4.1998720318026,4.19142394996264,4.1851110150617,4.18511101506171,4.18511101506171,4.18511101506171,4.18511101506171
1284,4.25852029709313,4.21436389297683,4.2102630815384,4.19987778258067,4.19143010268479,4.18510896862523,4.18510896862523,4.18510896862523,4.18510896862523,4.18510896862523
1285,4.25851639250522,4.2143622461226,4.21026696251749,4.19988352391291,4.19143624764336,4.18510692545969,4.18510692545969,4.18510692545969,4.18510692545969,4.18510692545969
1286,4.25851249415321,4.21436060152445,4.21027083586212,4.1998892558221,4.19144238485209,4.18510488555721,4.18510488555721,4.18510488555721,4.18510488555721,4.18510488555721
1287,4.2585086020221,4.21435895917806,4.2102747015943,4.19989497833094,4.19144851432472,4.18510284890997,4.18510284890997,4.18510284890997,4.18510284890997,4.18510284890997
1288,4.258504716097,4.21435731907911,4.21027855973596,4.19990069146211,4.19145463607498,4.18510081551016,4.18510081551017,4.18510081551017,4.18510081551017,4.18510081551017
1289,4.25850083636303,4.21435568122323,4.21028241030893,4.19990639523817,4.19146075011658,4.18509878535001,4.18509878535001,4.18509878535001,4.18509878535001,4.18509878535001
1290,4.25849696280533,4.21435404560616,4.21028625333494,4.19991208968167,4.19146685646321,4.18509675842174,4.18509675842174,4.18509675842174,4.18509675842174,4.18509675842174
1291,4.25849309540913,4.21435241222354,4.21029008883569,4.19991777481507,4.19147295512853,4.18509473471761,4.18509473471761,4.18509473471761,4.18509473471761,4.18509473471761
1292,4.25848923415968,4.21435078107108,4.21029391683275,4.19992345066076,4.19147904612624,4.1850927142299,4.1850927142299,4.1850927142299,4.1850927142299,4.1850927142299
1293,4.25848537904226,4.21434915214446,4.21029773734763,4.19992911724108,4.19148512946996,4.18509069695092,4.18509069695092,4.18509069695092,4.18509069695092,4.18509069695092
1294,4.2584815300422,4.21434752543944,4.21030155040174,4.19993477457829,4.19149120517334,4.185088682873,4.185088682873,4.185088682873,4.185088682873,4.185088682873
1295,4.25847768714489,4.21434590095166,4.21030535601645,4.19994042269461,4.19149727324999,4.18508667198848,4.18508667198848,4.18508667198848,4.18508667198848,4.18508667198848
1296,4.25847385033575,4.21434427867689,4.210309154213,4.19994606161217,4.19150333371352,4.18508466428973,4.18508466428973,4.18508466428973,4.18508466428973,4.18508466428973
1297,4.25847001960024,4.21434265861082,4.21031294501259,4.19995169135307,4.19150938657751,4.18508265976915,4.18508265976915,4.18508265976915,4.18508265976915,4.18508265976915
1298,4.25846619492386,4.21434104074921,4.21031672843631,4.19995731193933,4.19151543185554,4.18508065841915,4.18508065841915,4.18508065841915,4.18508065841915,4.18508065841915
1299,4.25846237629215,4.21433942508778,4.21032050450519,4.19996292339288,4.19152146956117,4.18507866023216,4.18507866023216,4.18507866023217,4.18507866023217,4.18507866023217
1300,4.2584585636907,4.21433781162228,4.21032427324018,4.19996852573565,4.19152749970793,4.18507666520065,4.18507666520065,4.18507666520065,4.18507666520065,4.18507666520065
1301,4.25845475710515,4.21433620034845,4.21032803466213,4.19997411898945,4.19153352230937,4.18507467331709,4.18507467331709,4.18507467331709,4.18507467331709,4.18507467331709
1302,4.25845095652114,4.21433459126206,4.21033178879184,4.19997970317606,4.19153953737897,4.18507268457398,4.18507268457398,4.18507268457398,4.18507268457398,4.18507268457398
1303,4.25844716192441,4.21433298435885,4.21033553565004,4.19998527831719,4.19154554493026,4.18507069896385,4.18507069896385,4.18507069896385,4.18507069896385,4.18507069896385
1304,4.2584433733007,4.21433137963462,4.21033927525732,4.19999084443448,4.19155154497668,4.18506871647924,4.18506871647924,4.18506871647924,4.18506871647924,4.18506871647924
1305,4.2584395906358,4.21432977708513,4.21034300763426,4.19999640154953,4.19155753753173,4.18506673711271,4.18506673711271,4.18506673711271,4.18506673711271,4.18506673711271
1306,4.25843581391553,4.21432817670616,4.21034673280135,4.20000194968387,4.19156352260884,4.18506476085685,4.18506476085685,4.18506476085685,4.18506476085685,4.18506476085685
1307,4.25843204312579,4.2143265784935,4.21035045077899,4.20000748885895,4.19156950022143,4.18506278770427,4.18506278770427,4.18506278770427,4.18506278770427,4.18506278770427
1308,4.25842827825245,4.21432498244296,4.21035416158749,4.20001301909618,4.19157547038294,4.1850608176476,4.1850608176476,4.18506081764759,4.18506081764759,4.18506081764759
1309,4.25842451928152,4.21432338855032,4.21035786524711,4.20001854041691,4.19158143310676,4.18505885067948,4.18505885067948,4.18505885067948,4.18505885067948,4.18505885067948
1310,4.25842076619895,4.21432179681141,4.21036156177803,4.20002405284242,4.19158738840625,4.18505688679259,4.18505688679259,4.18505688679259,4.18505688679259,4.18505688679259
1311,4.25841701899078,4.21432020722202,4.21036525120036,4.20002955639393,4.19159333629482,4.18505492597961,4.18505492597962,4.18505492597962,4.18505492597962,4.18505492597962
1312,4.2584132776431,4.21431861977801,4.21036893353412,4.20003505109262,4.19159927678577,4.18505296823328,4.18505296823328,4.18505296823327,4.18505296823328,4.18505296823328
1313,4.25840954214201,4.21431703447516,4.21037260879928,4.20004053695957,4.19160520989248,4.1850510135463,4.1850510135463,4.1850510135463,4.1850510135463,4.1850510135463
1314,4.25840581247367,4.21431545130934,4.21037627701569,4.20004601401586,4.19161113562823,4.18504906191144,4.18504906191144,4.18504906191144,4.18504906191144,4.18504906191144
1315,4.25840208862426,4.21431387027639,4.21037993820318,4.20005148228244,4.19161705400634,4.18504711332148,4.18504711332147,4.18504711332148,4.18504711332148,4.18504711332148
1316,4.25839837058002,4.21431229137215,4.21038359238147,4.20005694178027,4.19162296504009,4.1850451677692,4.1850451677692,4.1850451677692,4.1850451677692,4.1850451677692
1317,4.25839465832721,4.21431071459247,4.21038723957023,4.20006239253021,4.19162886874274,4.18504322524743,4.18504322524743,4.18504322524743,4.18504322524743,4.18504322524743
1318,4.25839095185216,4.21430913993321,4.21039087978907,4.20006783455305,4.19163476512755,4.18504128574899,4.18504128574899,4.18504128574899,4.18504128574899,4.18504128574899
1319,4.25838706861023,4.21430743715339,4.21039438746176,4.20007315451879,4.1916405508613,4.18504038638168,4.18503925375321,4.18503925375322,4.18503925375322,4.18503925375322
1320,4.25838222500126,4.21430504718172,4.21039722349634,4.20007786587869,4.19164578232264,4.18504497922624,4.18503671922328,4.18503671922327,4.18503671922327,4.18503671922327
1321,4.2583773882892,4.2143026601783,4.21040005347834,4.2000825693169,4.19165100716261,4.1850495683655,4.18503418830229,4.18503418830229,4.18503418830229,4.18503418830229
1322,4.25837255845788,4.21430027613673,4.21040287742539,4.20008726485261,4.19165622538745,4.18505415381265,4.18503166098182,4.18503166098182,4.18503166098182,4.18503166098182
1323,4.25836773549126,4.21429789505066,4.21040569535504,4.20009195250492,4.19166143700359,4.18505873558068,4.18502913725346,4.18502913725346,4.18502913725346,4.18502913725346
1324,4.25836291937333,4.21429551691376,4.21040850728477,4.20009663229284,4.19166664201768,4.18506331368227,4.18502661710884,4.18502661710884,4.18502661710884,4.18502661710884
1325,4.25835811008817,4.21429314171972,4.21041131323201,4.20010130423528,4.19167184043654,4.18506788812982,4.18502410053961,4.18502410053961,4.18502410053961,4.18502410053961
1326,4.25835330761988,4.2142907694623,4.21041411321411,4.20010596835109,4.1916770322672,4.18507245893549,4.18502158753748,4.18502158753748,4.18502158753748,4.18502158753748
1327,4.25834851195267,4.21428840013527,4.21041690724838,4.20011062465902,4.19168221751686,4.18507702611116,4.18501907809416,4.18501907809416,4.18501907809416,4.18501907809416
1328,4.25834372307077,4.21428603373241,4.21041969535205,4.20011527317774,4.19168739619289,4.18508158966847,4.18501657220142,4.18501657220142,4.18501657220142,4.18501657220142
1329,4.2583389409585,4.21428367024758,4.21042247754227,4.20011991392583,4.19169256830282,4.18508614961884,4.18501406985104,4.18501406985104,4.18501406985104,4.18501406985104
1330,4.25833416560023,4.21428130967461,4.21042525383615,4.20012454692182,4.19169773385437,4.18509070597344,4.18501157103485,4.18501157103485,4.18501157103485,4.18501157103485
1331,4.25832939698039,4.21427895200741,4.21042802425071,4.20012917218414,4.19170289285537,4.18509525874321,4.18500907574469,4.18500907574469,4.18500907574469,4.18500907574469
1332,4.25832463508347,4.21427659723988,4.21043078880295,4.20013378973115,4.19170804531386,4.18509980793889,4.18500658397245,4.18500658397245,4.18500658397245,4.18500658397245
1333,4.25831987989399,4.21427424536599,4.21043354750973,4.20013839958116,4.19171319123796,4.185104353571,4.18500409571004,4.18500409571004,4.18500409571004,4.18500409571004
1334,4.25831513139657,4.21427189637969,4.21043630038791,4.20014300175237,4.19171833063596,4.18510889564985,4.18500161094941,4.18500161094941,4.18500161094941,4.18500161094941
1335,4.25831038957588,4.21426955027498,4.21043904745427,4.20014759626294,4.19172346351629,4.18511343418556,4.18499912968252,4.18499912968252,4.18499912968252,4.18499912968252
1336,4.25830565441659,4.2142672070459,4.21044178872552,4.20015218313095,4.19172858988749,4.18511796918806,4.18499665190137,4.18499665190137,4.18499665190137,4.18499665190137
1337,4.25830092590351,4.21426486668649,4.21044452421829,4.20015676237441,4.19173370975824,4.18512250066708,4.184994177598,4.184994177598,4.184994177598,4.184994177598
1338,4.25829620402143,4.21426252919083,4.21044725394917,4.20016133401128,4.19173882313731,4.18512702863217,4.18499170676446,4.18499170676446,4.18499170676446,4.18499170676446
1339,4.25829148875525,4.21426019455301,4.21044997793466,4.20016589805945,4.1917439300336,4.18513155309272,4.18498923939283,4.18498923939283,4.18498923939283,4.18498923939283
1340,4.25828678008988,4.21425786276716,4.21045269619123,4.20017045453673,4.19174903045614,4.18513607405795,4.18498677547523,4.18498677547523,4.18498677547523,4.18498677547523
1341,4.2582820780103,4.21425553382743,4.21045540873526,4.20017500346088,4.19175412441405,4.18514059153688,4.1849843150038,4.1849843150038,4.1849843150038,4.1849843150038
1342,4.25827738250155,4.21425320772801,4.21045811558307,4.20017954484963,4.19175921191652,4.18514510553842,4.1849818579707,4.1849818579707,4.1849818579707,4.1849818579707
1343,4.2582726935487,4.21425088446306,4.21046081675093,4.20018407872059,4.19176429297287,4.18514961607129,4.18497940436814,4.18497940436814,4.18497940436814,4.18497940436814
1344,4.25826801113691,4.21424856402681,4.21046351225502,4.20018860509134,4.19176936759252,4.18515412314407,4.18497695418833,4.18497695418833,4.18497695418833,4.18497695418833
1345,4.25826333525134,4.21424624641352,4.21046620211149,4.20019312397943,4.19177443578496,4.18515862676519,4.18497450742352,4.18497450742352,4.18497450742352,4.18497450742352
1346,4.25825866587724,4.21424393161742,4.21046888633639,4.20019763540232,4.19177949755977,4.18516312694294,4.18497206406598,4.18497206406598,4.18497206406598,4.18497206406598
1347,4.25825400299988,4.21424161963282,4.21047156494575,4.20020213937742,4.19178455292661,4.1851676236855,4.18496962410801,4.18496962410801,4.18496962410801,4.18496962410801
1348,4.25824934660459,4.214239310454,4.21047423795549,4.20020663592209,4.19178960189522,4.18517211700087,4.18496718754194,4.18496718754194,4.18496718754194,4.18496718754194
1349,4.25824469667677,4.21423700407529,4.21047690538151,4.20021112505362,4.19179464447542,4.18517660689694,4.18496475436011,4.18496475436011,4.18496475436011,4.18496475436011
1350,4.25824005320182,4.21423470049105,4.21047956723963,4.20021560678927,4.1917996806771,4.18518109338149,4.18496232455491,4.18496232455491,4.18496232455491,4.18496232455491
1351,4.25823541616523,4.21423239969564,4.2104822235456,4.20022008114626,4.19180471051022,4.18518557646217,4.18495989811872,4.18495989811872,4.18495989811872,4.18495989811872
1352,4.25823078555254,4.21423010168343,4.21048487431513,4.2002245481417,4.19180973398479,4.1851900561465,4.18495747504398,4.18495747504398,4.18495747504398,4.18495747504398
1353,4.25822616134929,4.21422780644883,4.21048751956384,4.20022900779271,4.19181475111091,4.1851945324419,4.18495505532313,4.18495505532313,4.18495505532313,4.18495505532313
1354,4.2582215435411,4.21422551398627,4.21049015930732,4.20023346011632,4.19181976189873,4.18519900535568,4.18495263894865,4.18495263894865,4.18495263894865,4.18495263894865
1355,4.25821693211365,4.21422322429019,4.21049279356107,4.20023790512953,4.19182476635843,4.18520347489503,4.18495022591302,4.18495022591303,4.18495022591302,4.18495022591302
1356,4.25821232705262,4.21422093735504,4.21049542234056,4.20024234284929,4.19182976450031,4.18520794106703,4.18494781620879,4.18494781620879,4.18494781620879,4.18494781620879
1357,4.25820772834378,4.21421865317531,4.21049804566118,4.2002467732925,4.19183475633465,4.18521240387869,4.18494540982847,4.18494540982847,4.18494540982847,4.18494540982847
1358,4.25820313597291,4.21421637174549,4.21050066353826,4.200251196476,4.19183974187182,4.18521686333691,4.18494300676465,4.18494300676465,4.18494300676465,4.18494300676465
1359,4.25819864118974,4.21421415820129,4.21050277192995,4.20025566926734,4.19184477297783,4.18522136737047,4.18494065476584,4.18494065476584,4.18494065476584,4.18494065476584
1360,4.25819470289708,4.21421234008672,4.21050183624752,4.20026047754644,4.19185011041279,4.18522615695545,4.1849385939635,4.1849385939635,4.1849385939635,4.1849385939635
1361,4.25819076980688,4.21421052390788,4.21050090125027,4.20026527792231,4.19185544095359,4.18523094262518,4.18493653588347,4.18493653588347,4.18493653588347,4.18493653588347
1362,4.2581868419076,4.21420870966232,4.21049996693564,4.20027007041624,4.19186076461203,4.18523572438731,4.18493448051971,4.18493448051971,4.18493448051971,4.18493448051971
1363,4.25818291918771,4.21420689734762,4.2104990333011,4.20027485504933,4.19186608140002,4.18524050224946,4.18493242786619,4.18493242786619,4.18493242786619,4.18493242786619
1364,4.25817900163575,4.2142050869613,4.2104981003442,4.20027963184252,4.19187139132952,4.18524527621912,4.1849303779169,4.1849303779169,4.1849303779169,4.1849303779169
1365,4.25817508924027,4.21420327850086,4.21049716806255,4.20028440081661,4.19187669441252,4.18525004630374,4.18492833066586,4.18492833066586,4.18492833066586,4.18492833066586
1366,4.25817118198989,4.2142014719638,4.2104962364538,4.20028916199225,4.19188199066112,4.18525481251068,4.18492628610712,4.18492628610712,4.18492628610712,4.18492628610712
1367,4.25816727987327,4.21419966734757,4.21049530551569,4.20029391538992,4.19188728008742,4.18525957484723,4.18492424423473,4.18492424423473,4.18492424423473,4.18492424423473
1368,4.2581633828791,4.21419786464963,4.21049437524596,4.20029866102998,4.19189256270362,4.18526433332062,4.18492220504277,4.18492220504277,4.18492220504277,4.18492220504277
1369,4.25815949099611,4.2141960638674,4.21049344564246,4.20030339893263,4.19189783852194,4.18526908793799,4.18492016852537,4.18492016852537,4.18492016852537,4.18492016852537
1370,4.25815560421308,4.21419426499829,4.21049251670307,4.20030812911796,4.19190310755463,4.18527383870644,4.18491813467663,4.18491813467663,4.18491813467663,4.18491813467663
1371,4.25815172251883,4.21419246803969,4.21049158842569,4.2003128516059,4.19190836981403,4.185278585633,4.18491610349072,4.18491610349072,4.18491610349072,4.18491610349072
1372,4.25814784590221,4.21419067298896,4.21049066080831,4.20031756641629,4.19191362531247,4.18528332872462,4.18491407496179,4.18491407496179,4.18491407496179,4.18491407496179
1373,4.2581439743521,4.21418887984346,4.21048973384894,4.20032227356878,4.19191887406235,4.18528806798823,4.18491204908404,4.18491204908404,4.18491204908404,4.18491204908404
1374,4.25814010785747,4.21418708860053,4.21048880754564,4.20032697308295,4.19192411607608,4.18529280343066,4.18491002585167,4.18491002585166,4.18491002585167,4.18491002585167
1375,4.25813624640725,4.2141852992575,4.21048788189652,4.20033166497825,4.19192935136613,4.18529753505871,4.18490800525891,4.18490800525891,4.18490800525891,4.18490800525891
1376,4.25813238999047,4.21418351181167,4.21048695689973,4.200336349274,4.19193457994496,4.18530226287912,4.18490598730001,4.18490598730001,4.18490598730001,4.18490598730001
1377,4.25812853859617,4.21418172626034,4.21048603255344,4.2003410259894,4.1919398018251,4.18530698689857,4.18490397196924,4.18490397196924,4.18490397196924,4.18490397196924
1378,4.25812469221343,4.21417994260077,4.21048510885591,4.20034569514356,4.19194501701907,4.18531170712371,4.18490195926089,4.18490195926089,4.18490195926089,4.18490195926089
1379,4.25812085083136,4.21417816083024,4.21048418580537,4.20035035675546,4.19195022553944,4.18531642356111,4.18489994916926,4.18489994916925,4.18489994916926,4.18489994916926
1380,4.25811701443912,4.214176380946,4.21048326340013,4.20035501084401,4.19195542739877,4.18532113621732,4.18489794168866,4.18489794168866,4.18489794168866,4.18489794168866
1381,4.25811318302591,4.2141746029453,4.21048234163853,4.20035965742795,4.19196062260967,4.18532584509882,4.18489593681346,4.18489593681346,4.18489593681346,4.18489593681346
1382,4.25810935658093,4.21417282682535,4.21048142051894,4.20036429652597,4.19196581118475,4.18533055021207,4.184893934538,4.184893934538,4.184893934538,4.184893934538
1383,4.25810553509345,4.21417105258339,4.21048050003976,4.20036892815664,4.19197099313664,4.18533525156346,4.18489193485666,4.18489193485666,4.18489193485666,4.18489193485666
1384,4.25810171855277,4.2141692802166,4.21047958019942,4.20037355233845,4.19197616847798,4.18533994915936,4.18488993776385,4.18488993776385,4.18488993776385,4.18488993776385
1385,4.2580979069482,4.2141675097222,4.2104786609964,4.20037816908977,4.19198133722143,4.18534464300609,4.18488794325398,4.18488794325398,4.18488794325398,4.18488794325398
1386,4.2580941002691,4.21416574109737,4.21047774242919,4.20038277842889,4.19198649937965,4.18534933310992,4.18488595132147,4.18488595132147,4.18488595132147,4.18488595132147
1387,4.25809029850488,4.21416397433927,4.21047682449631,4.20038738037399,4.1919916549653,4.1853540194771,4.18488396196078,4.18488396196079,4.18488396196078,4.18488396196078
1388,4.25808650164495,4.21416220944509,4.21047590719632,4.2003919749432,4.19199680399108,4.18535870211383,4.18488197516638,4.18488197516638,4.18488197516638,4.18488197516638
1389,4.25808270967878,4.21416044641197,4.21047499052779,4.20039656215452,4.19200194646966,4.18536338102627,4.18487999093275,4.18487999093275,4.18487999093275,4.18487999093275
1390,4.25807892259585,4.21415868523707,4.21047407448935,4.20040114202588,4.19200708241375,4.18536805622056,4.18487800925439,4.18487800925439,4.18487800925439,4.18487800925439
1391,4.25807514038569,4.21415692591752,4.21047315907961,4.20040571457513,4.19201221183602,4.18537272770278,4.18487603012581,4.18487603012581,4.18487603012581,4.18487603012581
1392,4.25807136303784,4.21415516845047,4.21047224429724,4.20041027982004,4.19201733474918,4.185377395479,4.18487405354156,4.18487405354156,4.18487405354156,4.18487405354156
1393,4.2580675905419,4.21415341283303,4.21047133014092,4.20041483777827,4.19202245116592,4.18538205955526,4.18487207949618,4.18487207949617,4.18487207949617,4.18487207949617
1394,4.25806382288749,4.21415165906235,4.21047041660935,4.20041938846744,4.19202756109894,4.18538671993753,4.18487010798423,4.18487010798423,4.18487010798423,4.18487010798423
1395,4.25806006006423,4.2141499071355,4.21046950370127,4.20042393190506,4.19203266456093,4.1853913766318,4.1848681390003,4.1848681390003,4.1848681390003,4.1848681390003
1396,4.25805630206183,4.21414815704962,4.21046859141542,4.20042846810857,4.19203776156457,4.18539602964399,4.184866172539,4.184866172539,4.184866172539,4.184866172539
1397,4.25805254886998,4.2141464088018,4.21046767975057,4.20043299709536,4.19204285212258,4.18540067898001,4.18486420859493,4.18486420859493,4.18486420859493,4.18486420859493
1398,4.25804880047843,4.21414466238912,4.21046676870552,4.20043751888271,4.1920479362476,4.18540532464574,4.18486224716272,4.18486224716272,4.18486224716272,4.18486224716272
1399,4.25804505687695,4.21414291780869,4.21046585827906,4.20044203348785,4.19205301395234,4.18540996664703,4.18486028823702,4.18486028823702,4.18486028823702,4.18486028823702
1400,4.25804131805531,4.2141411750576,4.21046494847003,4.20044654092792,4.19205808524945,4.1854146049897,4.1848583318125,4.1848583318125,4.1848583318125,4.1848583318125
1401,4.25803758400337,4.21413943413292,4.21046403927728,4.20045104122,4.1920631501516,4.18541923967954,4.18485637788382,4.18485637788382,4.18485637788382,4.18485637788382
1402,4.25803385471097,4.21413769503171,4.21046313069969,4.20045553438111,4.19206820867146,4.18542387072234,4.18485442644568,4.18485442644568,4.18485442644568,4.18485442644568
1403,4.258030130168,4.21413595775106,4.21046222273612,4.20046002042819,4.19207326082165,4.18542849812382,4.18485247749279,4.18485247749279,4.18485247749279,4.18485247749279
1404,4.25802641036436,4.21413422228804,4.21046131538547,4.2004644993781,4.19207830661482,4.18543312188972,4.18485053101987,4.18485053101987,4.18485053101987,4.18485053101987
1405,4.25802269529001,4.2141324886397,4.21046040864668,4.20046897124767,4.19208334606359,4.18543774202573,4.18484858702166,4.18484858702165,4.18484858702166,4.18484858702166
1406,4.25801898493491,4.21413075680311,4.21045950251866,4.20047343605362,4.19208837918058,4.18544235853752,4.1848466454929,4.1848466454929,4.1848466454929,4.1848466454929
1407,4.25801527928906,4.21412902677532,4.21045859700036,4.20047789381266,4.19209340597838,4.18544697143075,4.18484470642837,4.18484470642837,4.18484470642837,4.18484470642837
1408,4.25801157834249,4.21412729855339,4.21045769209076,4.20048234454138,4.19209842646959,4.18545158071103,4.18484276982284,4.18484276982284,4.18484276982284,4.18484276982284
1409,4.25800788208525,4.21412557213436,4.21045678778882,4.20048678825635,4.19210344066678,4.18545618638399,4.18484083567112,4.18484083567111,4.18484083567111,4.18484083567111
1410,4.25800419050744,4.21412384751529,4.21045588409352,4.20049122497406,4.19210844858251,4.18546078845521,4.184838903968,4.184838903968,4.184838903968,4.184838903968
1411,4.25800050359913,4.21412212469323,4.21045498100388,4.20049565471093,4.19211345022933,4.18546538693025,4.18483697470831,4.18483697470832,4.18483697470831,4.18483697470831
1412,4.25799682135048,4.21412040366521,4.21045407851891,4.20050007748335,4.19211844561978,4.18546998181466,4.18483504788691,4.1848350478869,4.18483504788691,4.18483504788691
1413,4.25799314375165,4.21411868442827,4.21045317663764,4.20050449330762,4.19212343476637,4.18547457311396,4.18483312349862,4.18483312349862,4.18483312349862,4.18483312349862
1414,4.25798947079282,4.21411696697947,4.21045227535911,4.20050890220002,4.19212841768159,4.18547916083368,4.18483120153833,4.18483120153832,4.18483120153833,4.18483120153833
1415,4.25798580246423,4.21411525131584,4.21045137468237,4.20051330417672,4.19213339437795,4.18548374497928,4.1848292820009,4.1848292820009,4.1848292820009,4.1848292820009
1416,4.2579821387561,4.21411353743441,4.21045047460649,4.20051769925389,4.19213836486789,4.18548832555625,4.18482736488124,4.18482736488125,4.18482736488124,4.18482736488124
1417,4.2579784796587,4.21411182533222,4.21044957513054,4.20052208744759,4.19214332916388,4.18549290257003,4.18482545017426,4.18482545017426,4.18482545017426,4.18482545017426
1418,4.25797482516232,4.21411011500631,4.21044867625361,4.20052646877387,4.19214828727835,4.18549747602607,4.18482353787487,4.18482353787487,4.18482353787487,4.18482353787487
1419,4.25797117525731,4.2141084064537,4.21044777797479,4.2005308432487,4.1921532392237,4.18550204592978,4.184821627978,4.18482162797801,4.184821627978,4.184821627978
1420,4.25796752993397,4.21410669967145,4.21044688029319,4.20053521088801,4.19215818501235,4.18550661228655,4.18481972047862,4.18481972047862,4.18481972047862,4.18481972047862
1421,4.25796388918271,4.21410499465657,4.21044598320792,4.20053957170767,4.19216312465665,4.18551117510179,4.18481781537167,4.18481781537167,4.18481781537167,4.18481781537167
1422,4.25796025299391,4.2141032914061,4.2104450867181,4.2005439257235,4.19216805816898,4.18551573438085,4.18481591265214,4.18481591265214,4.18481591265214,4.18481591265214
1423,4.257956621358,4.21410158991708,4.21044419082287,4.20054827295127,4.19217298556166,4.1855202901291,4.18481401231501,4.18481401231501,4.18481401231501,4.18481401231501
1424,4.25795299426542,4.21409989018653,4.21044329552138,4.20055261340668,4.19217790684702,4.18552484235187,4.18481211435527,4.18481211435528,4.18481211435528,4.18481211435528
1425,4.25794937170663,4.2140981922115,4.21044240081276,4.20055694710541,4.19218282203735,4.18552939105447,4.18481021876797,4.18481021876797,4.18481021876797,4.18481021876797
1426,4.25794575367216,4.214096495989,4.21044150669619,4.20056127406308,4.19218773114493,4.18553393624223,4.1848083255481,4.1848083255481,4.1848083255481,4.1848083255481
1427,4.2579421401525,4.21409480151609,4.21044061317082,4.20056559429523,4.19219263418202,4.18553847792044,4.18480643469072,4.18480643469072,4.18480643469072,4.18480643469072
1428,4.25793853113822,4.21409310878978,4.21043972023584,4.2005699078174,4.19219753116086,4.18554301609437,4.18480454619088,4.18480454619088,4.18480454619088,4.18480454619088
1429,4.25793492661988,4.21409141780711,4.21043882789042,4.20057421464505,4.19220242209365,4.18554755076931,4.18480266004364,4.18480266004365,4.18480266004364,4.18480266004364
1430,4.25793132658808,4.21408972856513,4.21043793613375,4.2005785147936,4.19220730699258,4.18555208195049,4.18480077624409,4.18480077624409,4.18480077624409,4.18480077624409
1431,4.25792773103343,4.21408804106087,4.21043704496503,4.20058280827841,4.19221218586983,4.18555660964315,4.18479889478732,4.18479889478732,4.18479889478732,4.18479889478732
1432,4.2579241399466,4.21408635529134,4.21043615438347,4.20058709511482,4.19221705873755,4.18556113385253,4.18479701566842,4.18479701566842,4.18479701566842,4.18479701566842
1433,4.25792055331822,4.21408467125362,4.21043526438825,4.20059137531811,4.19222192560786,4.18556565458384,4.18479513888252,4.18479513888252,4.18479513888252,4.18479513888252
1434,4.257916971139,4.21408298894473,4.21043437497861,4.20059564890349,4.19222678649287,4.18557017184229,4.18479326442475,4.18479326442475,4.18479326442475,4.18479326442475
1435,4.25791339339967,4.21408130836171,4.21043348615377,4.20059991588617,4.19223164140466,4.18557468563305,4.18479139229024,4.18479139229025,4.18479139229024,4.18479139229024
1436,4.25790982009094,4.21407962950161,4.21043259791294,4.20060417628127,4.19223649035529,4.1855791959613,4.18478952247416,4.18478952247416,4.18478952247416,4.18478952247416
1437,4.2579062512036,4.21407795236146,4.21043171025538,4.20060843010389,4.19224133335679,4.18558370283222,4.18478765497167,4.18478765497166,4.18478765497166,4.18478765497166
1438,4.25790268672843,4.21407627693831,4.21043082318031,4.20061267736909,4.19224617042117,4.18558820625096,4.18478578977794,4.18478578977793,4.18478578977793,4.18478578977793
1439,4.25789912665622,4.21407460322923,4.21042993668697,4.20061691809186,4.19225100156043,4.18559270622265,4.18478392688816,4.18478392688816,4.18478392688816,4.18478392688816
1440,4.25789557097782,4.21407293123123,4.21042905077462,4.20062115228718,4.19225582678654,4.18559720275243,4.18478206629755,4.18478206629755,4.18478206629755,4.18478206629755
1441,4.25789201968408,4.21407126094139,4.21042816544251,4.20062537996995,4.19226064611142,4.18560169584541,4.18478020800131,4.18478020800131,4.18478020800131,4.18478020800131
1442,4.25788847276588,4.21406959235676,4.21042728068988,4.20062960115505,4.19226545954702,4.18560618550671,4.18477835199467,4.18477835199467,4.18477835199467,4.18477835199467
1443,4.25788493021413,4.21406792547437,4.21042639651602,4.20063381585732,4.19227026710521,4.18561067174143,4.18477649827288,4.18477649827288,4.18477649827288,4.18477649827288
1444,4.25788139201973,4.21406626029132,4.21042551292019,4.20063802409153,4.19227506879788,4.18561515455463,4.18477464683118,4.18477464683118,4.18477464683118,4.18477464683118
1445,4.25787785817366,4.21406459680463,4.21042462990166,4.20064222587244,4.19227986463686,4.18561963395143,4.18477279766483,4.18477279766483,4.18477279766483,4.18477279766483
1446,4.25787432866686,4.21406293501138,4.21042374745971,4.20064642121476,4.19228465463399,4.18562410993686,4.18477095076911,4.18477095076912,4.18477095076911,4.18477095076911
1447,4.25787080349033,4.21406127490864,4.21042286559359,4.20065061013313,4.19228943880106,4.18562858251599,4.18476910613931,4.18476910613931,4.18476910613931,4.18476910613931
1448,4.2578672826351,4.21405961649347,4.21042198430263,4.20065479264218,4.19229421714986,4.18563305169386,4.18476726377072,4.18476726377072,4.18476726377072,4.18476726377072
1449,4.2578637660922,4.21405795976293,4.21042110358609,4.20065896875651,4.19229898969212,4.18563751747552,4.18476542365866,4.18476542365866,4.18476542365866,4.18476542365866
1450,4.25786025385268,4.21405630471409,4.21042022344328,4.20066313849063,4.19230375643959,4.18564197986598,4.18476358579844,4.18476358579844,4.18476358579844,4.18476358579844
1451,4.25785674590762,4.21405465134406,4.21041934387347,4.20066730185905,4.19230851740395,4.18564643887026,4.1847617501854,4.1847617501854,4.1847617501854,4.1847617501854
1452,4.25785324224812,4.21405299964987,4.21041846487598,4.20067145887622,4.19231327259691,4.18565089449337,4.18475991681488,4.18475991681488,4.18475991681488,4.18475991681488
1453,4.25784974286533,4.21405134962863,4.21041758645011,4.20067560955657,4.19231802203009,4.18565534674032,4.18475808568224,4.18475808568224,4.18475808568224,4.18475808568224
1454,4.25784624775037,4.21404970127742,4.21041670859514,4.20067975391446,4.19232276571514,4.18565979561608,4.18475625678284,4.18475625678285,4.18475625678284,4.18475625678284
1455,4.25784275689443,4.21404805459332,4.21041583131041,4.20068389196425,4.19232750366367,4.18566424112563,4.18475443011207,4.18475443011208,4.18475443011207,4.18475443011207
1456,4.25783927028868,4.21404640957341,4.21041495459522,4.20068802372022,4.19233223588724,4.18566868327394,4.18475260566532,4.18475260566532,4.18475260566532,4.18475260566532
1457,4.25783578792436,4.2140447662148,4.21041407844888,4.20069214919663,4.19233696239743,4.18567312206599,4.18475078343798,4.18475078343798,4.18475078343798,4.18475078343798
1458,4.25783230979266,4.21404312451458,4.21041320287071,4.20069626840771,4.19234168320575,4.18567755750671,4.18474896342547,4.18474896342547,4.18474896342547,4.18474896342547
1459,4.25782883588487,4.21404148446984,4.21041232786003,4.20070038136762,4.19234639832372,4.18568198960106,4.18474714562321,4.18474714562321,4.18474714562321,4.18474714562321
1460,4.25782536619226,4.21403984607769,4.21041145341616,4.20070448809053,4.19235110776282,4.18568641835397,4.18474533002664,4.18474533002664,4.18474533002664,4.18474533002664
1461,4.25782190070611,4.21403820933524,4.21041057953843,4.20070858859052,4.19235581153451,4.18569084377036,4.18474351663121,4.18474351663121,4.18474351663121,4.18474351663121
1462,4.25781843941777,4.21403657423958,4.21040970622616,4.20071268288167,4.19236050965022,4.18569526585516,4.18474170543236,4.18474170543236,4.18474170543236,4.18474170543236
1463,4.25781498231855,4.21403494078783,4.21040883347867,4.200716770978,4.19236520212136,4.18569968461327,4.18473989642558,4.18473989642558,4.18473989642558,4.18473989642558
1464,4.25781152939982,4.21403330897711,4.21040796129533,4.20072085289351,4.19236988895931,4.18570410004959,4.18473808960633,4.18473808960633,4.18473808960633,4.18473808960633
1465,4.25780808065297,4.21403167880454,4.21040708967544,4.20072492864213,4.19237457017543,4.18570851216903,4.18473628497011,4.18473628497011,4.18473628497011,4.18473628497011
1466,4.25780463606939,4.21403005026723,4.21040621861835,4.20072899823781,4.19237924578107,4.18571292097646,4.18473448251243,4.18473448251243,4.18473448251243,4.18473448251243
1467,4.25780119564052,4.21402842336231,4.21040534812338,4.20073306169439,4.19238391578751,4.18571732647676,4.18473268222878,4.18473268222878,4.18473268222878,4.18473268222878
1468,4.25779775935779,4.21402679808691,4.2104044781899,4.20073711902574,4.19238858020606,4.1857217286748,4.1847308841147,4.1847308841147,4.1847308841147,4.1847308841147
1469,4.25779432721266,4.21402517443818,4.21040360881723,4.20074117024565,4.19239323904797,4.18572612757544,4.18472908816572,4.18472908816572,4.18472908816572,4.18472908816572
1470,4.25779089919663,4.21402355241322,4.21040274000473,4.20074521536788,4.19239789232446,4.18573052318354,4.18472729437738,4.18472729437738,4.18472729437738,4.18472729437738
1471,4.2577874753012,4.2140219320092,4.21040187175173,4.20074925440618,4.19240254004677,4.18573491550393,4.18472550274524,4.18472550274525,4.18472550274524,4.18472550274524
1472,4.2577840555179,4.21402031322324,4.21040100405759,4.20075328737423,4.19240718222608,4.18573930454146,4.18472371326487,4.18472371326487,4.18472371326487,4.18472371326487
1473,4.25778063983827,4.21401869605251,4.21040013692166,4.20075731428569,4.19241181887353,4.18574369030097,4.18472192593184,4.18472192593184,4.18472192593184,4.18472192593184
1474,4.25777722825388,4.21401708049416,4.21039927034328,4.20076133515419,4.19241645000028,4.18574807278727,4.18472014074174,4.18472014074174,4.18472014074174,4.18472014074174
1475,4.25777382075631,4.21401546654533,4.21039840432181,4.2007653499933,4.19242107561743,4.18575245200518,4.18471835769016,4.18471835769016,4.18471835769016,4.18471835769016
1476,4.25777041733719,4.21401385420317,4.21039753885661,4.20076935881658,4.19242569573607,4.18575682795949,4.18471657677272,4.18471657677272,4.18471657677272,4.18471657677272
1477,4.25776701798812,4.21401224346488,4.21039667394703,4.20077336163755,4.19243031036727,4.18576120065504,4.18471479798503,4.18471479798503,4.18471479798503,4.18471479798503
1478,4.25776362270076,4.21401063432759,4.21039580959242,4.20077735846968,4.19243491952206,4.18576557009658,4.18471302132273,4.18471302132272,4.18471302132272,4.18471302132272
1479,4.25776023146678,4.2140090267885,4.21039494579215,4.20078134932642,4.19243952321145,4.18576993628893,4.18471124678144,4.18471124678144,4.18471124678144,4.18471124678144
1480,4.25775684427786,4.21400742084476,4.21039408254557,4.20078533422118,4.19244412144645,4.18577429923684,4.18470947435683,4.18470947435683,4.18470947435683,4.18470947435683
1481,4.25775346112572,4.21400581649355,4.21039321985206,4.20078931316732,4.19244871423801,4.18577865894511,4.18470770404456,4.18470770404456,4.18470770404456,4.18470770404456
1482,4.25775008200208,4.21400421373207,4.21039235771096,4.20079328617819,4.19245330159707,4.18578301541848,4.18470593584028,4.18470593584029,4.18470593584029,4.18470593584029
1483,4.25774670689868,4.2140026125575,4.21039149612165,4.20079725326709,4.19245788353455,4.18578736866172,4.1847041697397,4.1847041697397,4.1847041697397,4.1847041697397
1484,4.25774333580729,4.21400101296702,4.21039063508348,4.2008012144473,4.19246246006134,4.18579171867958,4.1847024057385,4.18470240573849,4.18470240573849,4.18470240573849
1485,4.25773996871969,4.21399941495785,4.21038977459584,4.20080516973205,4.1924670311883,4.1857960654768,4.18470064383236,4.18470064383237,4.18470064383237,4.18470064383237
1486,4.25773660562771,4.21399781852715,4.21038891465808,4.20080911913454,4.19247159692629,4.18580040905813,4.18469888401703,4.18469888401703,4.18469888401703,4.18469888401703
1487,4.25773324652314,4.21399622367215,4.21038805526956,4.20081306266794,4.19247615728612,4.18580474942827,4.1846971262882,4.1846971262882,4.1846971262882,4.1846971262882
1488,4.25772989139786,4.21399463039005,4.21038719642967,4.20081700034536,4.19248071227859,4.18580908659197,4.18469537064163,4.18469537064163,4.18469537064163,4.18469537064163
1489,4.2577265402437,4.21399303867807,4.21038633813777,4.20082093217993,4.19248526191447,4.18581342055393,4.18469361707304,4.18469361707303,4.18469361707303,4.18469361707303
1490,4.25772319305256,4.21399144853341,4.21038548039323,4.2008248581847,4.19248980620449,4.18581775131886,4.18469186557818,4.18469186557819,4.18469186557819,4.18469186557819
1491,4.25771984981635,4.21398985995331,4.21038462319542,4.2008287783727,4.1924943451594,4.18582207889147,4.18469011615284,4.18469011615284,4.18469011615284,4.18469011615284
1492,4.25771651052698,4.21398827293497,4.21038376654373,4.20083269275693,4.19249887878988,4.18582640327644,4.18468836879277,4.18468836879277,4.18468836879277,4.18468836879277
1493,4.25771317517638,4.21398668747564,4.21038291043751,4.20083660135036,4.19250340710661,4.18583072447848,4.18468662349376,4.18468662349375,4.18468662349376,4.18468662349376
1494,4.25770984375653,4.21398510357253,4.21038205487615,4.20084050416592,4.19250793012024,4.18583504250226,4.18468488025159,4.1846848802516,4.18468488025159,4.18468488025159
1495,4.2577065162594,4.2139835212229,4.21038119985903,4.2008444012165,4.19251244784139,4.18583935735245,4.18468313906208,4.18468313906209,4.18468313906209,4.18468313906209
1496,4.25770319267698,4.21398194042397,4.21038034538552,4.20084829251496,4.19251696028068,4.18584366903372,4.18468139992104,4.18468139992104,4.18468139992104,4.18468139992104
1497,4.2576998730013,4.21398036117301,4.21037949145498,4.20085217807414,4.19252146744867,4.18584797755074,4.18467966282429,4.18467966282429,4.18467966282429,4.18467966282429
1498,4.25769655722439,4.21397878346724,4.21037863806682,4.20085605790683,4.19252596935593,4.18585228290817,4.18467792776765,4.18467792776765,4.18467792776765,4.18467792776765
1499,4.2576932453383,4.21397720730393,4.2103777852204,4.20085993202581,4.19253046601299,4.18585658511063,4.18467619474698,4.18467619474698,4.18467619474698,4.18467619474698
1500,4.2576899373351,4.21397563268035,4.21037693291511,4.20086380044381,4.19253495743035,4.1858608841628,4.18467446375812,4.18467446375812,4.18467446375812,4.18467446375812
1501,4.25768663320689,4.21397405959375,4.21037608115032,4.20086766317352,4.1925394436185,4.18586518006929,4.18467273479693,4.18467273479694,4.18467273479694,4.18467273479694
1502,4.25768333294577,4.21397248804139,4.21037522992541,4.20087152022762,4.19254392458789,4.18586947283474,4.1846710078593,4.1846710078593,4.1846710078593,4.1846710078593
1503,4.25768003654387,4.21397091802056,4.21037437923977,4.20087537161873,4.19254840034897,4.18587376246376,4.18466928294109,4.18466928294109,4.18466928294109,4.18466928294109
1504,4.25767674399334,4.21396934952851,4.21037352909277,4.20087921735948,4.19255287091214,4.18587804896098,4.18466756003819,4.18466756003819,4.18466756003819,4.18466756003819
1505,4.25767345528634,4.21396778256254,4.21037267948382,4.20088305746241,4.19255733628781,4.18588233233101,4.18466583914652,4.18466583914652,4.18466583914652,4.18466583914652
1506,4.25767017041507,4.21396621711994,4.21037183041226,4.20088689194008,4.19256179648634,4.18588661257844,4.18466412026197,4.18466412026197,4.18466412026197,4.18466412026197
1507,4.25766688937171,4.21396465319798,4.21037098187752,4.20089072080499,4.19256625151806,4.18589088970789,4.18466240338047,4.18466240338046,4.18466240338047,4.18466240338047
1508,4.25766361214849,4.21396309079396,4.21037013387896,4.20089454406961,4.1925707013933,4.18589516372392,4.18466068849794,4.18466068849794,4.18466068849794,4.18466068849794
1509,4.25766033873764,4.21396152990519,4.21036928641596,4.2008983617464,4.19257514612236,4.18589943463114,4.18465897561033,4.18465897561033,4.18465897561033,4.18465897561033
1510,4.25765706913143,4.21395997052896,4.21036843948793,4.20090217384776,4.19257958571551,4.18590370243411,4.18465726471358,4.18465726471358,4.18465726471358,4.18465726471358
1511,4.25765380332213,4.21395841266258,4.21036759309423,4.20090598038607,4.19258402018301,4.18590796713742,4.18465555580364,4.18465555580364,4.18465555580364,4.18465555580364
1512,4.25765054130202,4.21395685630336,4.21036674723426,4.20090978137368,4.19258844953507,4.18591222874562,4.1846538488765,4.1846538488765,4.1846538488765,4.1846538488765
1513,4.25764728306343,4.21395530144862,4.2103659019074,4.20091357682292,4.1925928737819,4.18591648726328,4.18465214392812,4.18465214392811,4.18465214392811,4.18465214392811
1514,4.25764402859868,4.21395374809568,4.21036505711304,4.20091736674605,4.19259729293369,4.18592074269494,4.18465044095448,4.18465044095448,4.18465044095448,4.18465044095448
1515,4.25764077790011,4.21395219624186,4.21036421285058,4.20092115115536,4.1926017070006,4.18592499504516,4.18464873995159,4.18464873995158,4.18464873995159,4.18464873995159
1516,4.25763753096009,4.21395064588449,4.2103633691194,4.20092493006304,4.19260611599275,4.18592924431848,4.18464704091544,4.18464704091544,4.18464704091544,4.18464704091544
1517,4.257634287771,4.21394909702091,4.21036252591887,4.20092870348131,4.19261051992027,4.18593349051942,4.18464534384205,4.18464534384206,4.18464534384206,4.18464534384206
1518,4.25763104832523,4.21394754964846,4.21036168324841,4.20093247142231,4.19261491879324,4.18593773365252,4.18464364872746,4.18464364872746,4.18464364872746,4.18464364872746
1519,4.25762781261522,4.21394600376447,4.2103608411074,4.20093623389819,4.19261931262174,4.1859419737223,4.18464195556767,4.18464195556767,4.18464195556767,4.18464195556767
1520,4.25762458063339,4.2139444593663,4.21035999949523,4.20093999092104,4.1926237014158,4.18594621073327,4.18464026435874,4.18464026435874,4.18464026435874,4.18464026435874
1521,4.2576213523722,4.21394291645129,4.21035915841128,4.20094374250294,4.19262808518545,4.18595044468994,4.18463857509672,4.18463857509673,4.18463857509672,4.18463857509672
1522,4.2576181278241,4.21394137501682,4.21035831785495,4.20094748865592,4.19263246394068,4.18595467559683,4.18463688777767,4.18463688777767,4.18463688777767,4.18463688777767
1523,4.2576149069816,4.21393983506022,4.21035747782564,4.200951229392,4.19263683769149,4.18595890345842,4.18463520239766,4.18463520239766,4.18463520239766,4.18463520239766
1524,4.2576116898372,4.21393829657888,4.21035663832272,4.20095496472315,4.19264120644781,4.1859631282792,4.18463351895276,4.18463351895276,4.18463351895276,4.18463351895276
1525,4.25760847638343,4.21393675957015,4.2103557993456,4.20095869466132,4.19264557021959,4.18596735006367,4.18463183743906,4.18463183743906,4.18463183743906,4.18463183743906
1526,4.25760526661281,4.21393522403143,4.21035496089367,4.20096241921843,4.19264992901673,4.18597156881629,4.18463015785266,4.18463015785266,4.18463015785266,4.18463015785266
1527,4.25760206051791,4.21393368996008,4.21035412296631,4.20096613840637,4.19265428284913,4.18597578454154,4.18462848018966,4.18462848018966,4.18462848018966,4.18462848018966
1528,4.2575988580913,4.21393215735348,4.21035328556293,4.20096985223701,4.19265863172663,4.1859799972439,4.18462680444619,4.18462680444619,4.18462680444619,4.18462680444619
1529,4.25759565932557,4.21393062620904,4.21035244868292,4.20097356072215,4.19266297565911,4.18598420692781,4.18462513061835,4.18462513061835,4.18462513061835,4.18462513061835
1530,4.25759246421333,4.21392909652414,4.21035161232567,4.20097726387362,4.19266731465636,4.18598841359774,4.18462345870229,4.18462345870229,4.18462345870229,4.18462345870229
1531,4.25758927274722,4.21392756829617,4.21035077649057,4.20098096170316,4.1926716487282,4.18599261725813,4.18462178869414,4.18462178869414,4.18462178869414,4.18462178869414
1532,4.25758608491986,4.21392604152255,4.21034994117703,4.20098465422253,4.1926759778844,4.18599681791342,4.18462012059006,4.18462012059005,4.18462012059006,4.18462012059006
1533,4.25758290072392,4.21392451620067,4.21034910638442,4.20098834144344,4.19268030213471,4.18600101556805,4.1846184543862,4.18461845438619,4.1846184543862,4.1846184543862
1534,4.25757972015207,4.21392299232795,4.21034827211216,4.20099202337756,4.19268462148887,4.18600521022646,4.18461679007873,4.18461679007873,4.18461679007873,4.18461679007873
1535,4.25757654319703,4.2139214699018,4.21034743835964,4.20099570003655,4.19268893595659,4.18600940189306,4.18461512766383,4.18461512766383,4.18461512766383,4.18461512766383
1536,4.25757336985148,4.21391994891965,4.21034660512625,4.20099937143203,4.19269324554757,4.18601359057227,4.18461346713769,4.18461346713769,4.18461346713769,4.18461346713769
1537,4.25757020010816,4.21391842937891,4.21034577241138,4.20100303757559,4.19269755027146,4.18601777626851,4.1846118084965,4.1846118084965,4.1846118084965,4.1846118084965
1538,4.25756703395982,4.21391691127702,4.21034494021443,4.20100669847879,4.19270185013792,4.18602195898618,4.18461015173646,4.18461015173646,4.18461015173646,4.18461015173646
1539,4.25756387139921,4.21391539461142,4.21034410853481,4.20101035415318,4.19270614515657,4.18602613872968,4.18460849685378,4.18460849685378,4.18460849685378,4.18460849685378
1540,4.25756071241911,4.21391387937953,4.21034327737191,4.20101400461025,4.19271043533701,4.18603031550341,4.18460684384469,4.18460684384469,4.18460684384469,4.18460684384469
1541,4.25755755701232,4.21391236557881,4.21034244672512,4.20101764986148,4.19271472068883,4.18603448931175,4.18460519270542,4.18460519270542,4.18460519270542,4.18460519270542
1542,4.25755440517165,4.21391085320671,4.21034161659385,4.20102128991832,4.19271900122159,4.18603866015909,4.1846035434322,4.1846035434322,4.1846035434322,4.1846035434322
1543,4.25755125688992,4.21390934226066,4.21034078697749,4.2010249247922,4.19272327694482,4.1860428280498,4.18460189602128,4.18460189602128,4.18460189602128,4.18460189602128
1544,4.25754811215998,4.21390783273814,4.21033995787544,4.20102855449448,4.19272754786805,4.18604699298825,4.18460025046892,4.18460025046891,4.18460025046892,4.18460025046892
1545,4.25754497097469,4.2139063246366,4.21033912928709,4.20103217903656,4.19273181400076,4.18605115497881,4.18459860677137,4.18459860677137,4.18459860677137,4.18459860677137
1546,4.25754183332694,4.21390481795351,4.21033830121185,4.20103579842975,4.19273607535244,4.18605531402584,4.18459696492492,4.18459696492492,4.18459696492492,4.18459696492492
1547,4.2575386992096,4.21390331268633,4.21033747364911,4.20103941268536,4.19274033193254,4.18605947013367,4.18459532492584,4.18459532492584,4.18459532492584,4.18459532492584
1548,4.25753556861559,4.21390180883255,4.21033664659829,4.20104302181468,4.1927445837505,4.18606362330668,4.18459368677043,4.18459368677043,4.18459368677043,4.18459368677043
1549,4.25753244153784,4.21390030638965,4.21033582005876,4.20104662582893,4.19274883081571,4.18606777354919,4.18459205045498,4.18459205045498,4.18459205045498,4.18459205045498
1550,4.25752931796929,4.21389880535511,4.21033499402994,4.20105022473934,4.19275307313758,4.18607192086554,4.1845904159758,4.1845904159758,4.1845904159758,4.1845904159758
1551,4.25752619790291,4.21389730572641,4.21033416851122,4.20105381855712,4.19275731072548,4.18607606526005,4.1845887833292,4.1845887833292,4.1845887833292,4.1845887833292
1552,4.25752308133165,4.21389580750105,4.21033334350202,4.20105740729343,4.19276154358875,4.18608020673705,4.18458715251152,4.18458715251152,4.18458715251152,4.18458715251152
1553,4.25751996824852,4.21389431067653,4.21033251900171,4.20106099095939,4.19276577173672,4.18608434530086,4.18458552351907,4.18458552351907,4.18458552351907,4.18458552351907
1554,4.25751685864651,4.21389281525035,4.21033169500971,4.20106456956612,4.1927699951787,4.18608848095578,4.18458389634821,4.18458389634821,4.18458389634821,4.18458389634821
1555,4.25751375251867,4.21389132122001,4.21033087152543,4.2010681431247,4.19277421392397,4.18609261370613,4.18458227099527,4.18458227099527,4.18458227099527,4.18458227099527
1556,4.25751064985801,4.21388982858304,4.21033004854825,4.20107171164619,4.1927784279818,4.1860967435562,4.18458064745663,4.18458064745663,4.18458064745663,4.18458064745663
1557,4.25750755065761,4.21388833733694,4.21032922607758,4.20107527514159,4.19278263736144,4.18610087051027,4.18457902572864,4.18457902572864,4.18457902572864,4.18457902572864
1558,4.25750445491052,4.21388684747924,4.21032840411282,4.20107883362193,4.19278684207212,4.18610499457265,4.18457740580768,4.18457740580768,4.18457740580768,4.18457740580768
1559,4.25750136260984,4.21388535900746,4.21032758265337,4.20108238709817,4.19279104212301,4.18610911574761,4.18457578769013,4.18457578769013,4.18457578769013,4.18457578769013
1560,4.25749827374867,4.21388387191913,4.21032676169865,4.20108593558124,4.19279523752332,4.18611323403943,4.18457417137239,4.18457417137239,4.18457417137239,4.18457417137239
1561,4.25749518832013,4.21388238621179,4.21032594124805,4.20108947908206,4.19279942828222,4.18611734945237,4.18457255685084,4.18457255685085,4.18457255685084,4.18457255685084
1562,4.25749210631736,4.21388090188297,4.21032512130097,4.20109301761154,4.19280361440884,4.18612146199069,4.18457094412191,4.18457094412191,4.18457094412191,4.18457094412191
1563,4.25748902773349,4.21387941893021,4.21032430185682,4.20109655118051,4.1928077959123,4.18612557165867,4.184569333182,4.184569333182,4.184569333182,4.184569333182
1564,4.25748595256169,4.21387793735108,4.210323482915,4.20110007979984,4.19281197280171,4.18612967846054,4.18456772402754,4.18456772402754,4.18456772402754,4.18456772402754
1565,4.25748288079517,4.21387645714311,4.21032266447491,4.20110360348031,4.19281614508614,4.18613378240055,4.18456611665496,4.18456611665495,4.18456611665496,4.18456611665496
1566,4.25747981242709,4.21387497830386,4.21032184653597,4.20110712223269,4.19282031277466,4.18613788348295,4.18456451106069,4.1845645110607,4.18456451106069,4.18456451106069
1567,4.25747674745069,4.21387350083091,4.21032102909757,4.20111063606777,4.19282447587631,4.18614198171195,4.1845629072412,4.1845629072412,4.1845629072412,4.1845629072412
1568,4.25747368585918,4.2138720247218,4.21032021215911,4.20111414499625,4.19282863440011,4.18614607709181,4.18456130519293,4.18456130519294,4.18456130519294,4.18456130519294
1569,4.25747062764582,4.21387054997412,4.21031939572001,4.20111764902885,4.19283278835505,4.18615016962672,4.18455970491236,4.18455970491236,4.18455970491236,4.18455970491236
1570,4.25746757280385,4.21386907658543,4.21031857977967,4.20112114817622,4.19283693775013,4.18615425932092,4.18455810639595,4.18455810639595,4.18455810639595,4.18455810639595
1571,4.25746452132655,4.21386760455332,4.21031776433749,4.20112464244902,4.1928410825943,4.18615834617861,4.18455650964018,4.18455650964018,4.18455650964018,4.18455650964018
1572,4.25746147320723,4.21386613387537,4.21031694939288,4.20112813185787,4.19284522289651,4.186162430204,4.18455491464154,4.18455491464154,4.18455491464154,4.18455491464154
1573,4.25745842843916,4.21386466454917,4.21031613494525,4.20113161641336,4.19284935866566,4.18616651140128,4.18455332139653,4.18455332139653,4.18455332139653,4.18455332139653
1574,4.2574553870157,4.21386319657231,4.210315320994,4.20113509612607,4.19285348991067,4.18617058977464,4.18455172990165,4.18455172990165,4.18455172990165,4.18455172990165
1575,4.25745234893016,4.21386172994239,4.21031450753854,4.20113857100652,4.19285761664042,4.18617466532828,4.18455014015342,4.18455014015342,4.18455014015342,4.18455014015342
1576,4.25744931417589,4.21386026465701,4.21031369457828,4.20114204106524,4.19286173886377,4.18617873806638,4.18454855214836,4.18454855214836,4.18454855214836,4.18454855214836
1577,4.25744628274627,4.21385880071379,4.21031288211261,4.20114550631272,4.19286585658956,4.1861828079931,4.18454696588299,4.18454696588299,4.18454696588299,4.18454696588299
1578,4.25744325463466,4.21385733811032,4.21031207014096,4.20114896675942,4.19286996982661,4.18618687511261,4.18454538135385,4.18454538135386,4.18454538135386,4.18454538135386
1579,4.25744022983448,4.21385587684421,4.21031125866273,4.20115242241577,4.19287407858373,4.18619093942909,4.1845437985575,4.1845437985575,4.1845437985575,4.1845437985575
1580,4.25743720833913,4.21385441691312,4.21031044767732,4.20115587329219,4.19287818286969,4.18619500094669,4.18454221749047,4.18454221749047,4.18454221749047,4.18454221749047
1581,4.25743419014203,4.21385295831463,4.21030963718415,4.20115931939907,4.19288228269328,4.18619905966955,4.18454063814932,4.18454063814933,4.18454063814932,4.18454063814932
1582,4.25743117523663,4.21385150104639,4.21030882718262,4.20116276074675,4.19288637806322,4.18620311560182,4.18453906053064,4.18453906053064,4.18453906053064,4.18453906053064
1583,4.2574281636164,4.21385004510603,4.21030801767215,4.20116619734558,4.19289046898824,4.18620716874765,4.18453748463099,4.18453748463099,4.18453748463099,4.18453748463099
1584,4.25742515527477,4.21384859049119,4.21030720865214,4.20116962920586,4.19289455547705,4.18621121911117,4.18453591044696,4.18453591044695,4.18453591044695,4.18453591044695
1585,4.25742215020527,4.2138471371995,4.210306400122,4.20117305633789,4.19289863753833,4.1862152666965,4.18453433797513,4.18453433797513,4.18453433797513,4.18453433797513
1586,4.25741914840138,4.21384568522863,4.21030559208114,4.2011764787519,4.19290271518076,4.18621931150777,4.18453276721211,4.18453276721211,4.18453276721211,4.18453276721211
1587,4.25741614985661,4.21384423457621,4.21030478452898,4.20117989645814,4.19290678841298,4.18622335354909,4.1845311981545,4.1845311981545,4.1845311981545,4.1845311981545
1588,4.25741315456451,4.21384278523989,4.21030397746491,4.2011833094668,4.19291085724362,4.18622739282457,4.18452963079892,4.18452963079893,4.18452963079892,4.18452963079892
1589,4.25741016251861,4.21384133721735,4.21030317088836,4.20118671778809,4.19291492168128,4.18623142933832,4.184528065142,4.184528065142,4.184528065142,4.184528065142
1590,4.25740717371247,4.21383989050625,4.21030236479874,4.20119012143213,4.19291898173457,4.18623546309443,4.18452650118035,4.18452650118035,4.18452650118035,4.18452650118035
1591,4.25740418813967,4.21383844510424,4.21030155919545,4.20119352040908,4.19292303741205,4.18623949409699,4.18452493891063,4.18452493891063,4.18452493891063,4.18452493891063
1592,4.2574012057938,4.21383700100902,4.21030075407791,4.20119691472903,4.19292708872227,4.18624352235011,4.18452337832946,4.18452337832946,4.18452337832946,4.18452337832946
1593,4.25739822666846,4.21383555821825,4.21029994944552,4.20120030440207,4.19293113567378,4.18624754785785,4.18452181943352,4.18452181943352,4.18452181943352,4.18452181943352
1594,4.25739525075727,4.21383411672961,4.21029914529771,4.20120368943824,4.19293517827508,4.18625157062429,4.18452026221945,4.18452026221945,4.18452026221945,4.18452026221945
1595,4.25739227805386,4.21383267654081,4.21029834163388,4.2012070698476,4.19293921653466,4.18625559065349,4.18451870668393,4.18451870668393,4.18451870668393,4.18451870668393
1596,4.25738930855188,4.21383123764951,4.21029753845346,4.20121044564012,4.19294325046101,4.18625960794953,4.18451715282363,4.18451715282362,4.18451715282362,4.18451715282362
1597,4.25738634224499,4.21382980005341,4.21029673575584,4.20121381682581,4.19294728006259,4.18626362251645,4.18451560063523,4.18451560063523,4.18451560063523,4.18451560063523
1598,4.25738337912686,4.21382836375023,4.21029593354044,4.20121718341461,4.19295130534783,4.18626763435832,4.18451405011542,4.18451405011543,4.18451405011543,4.18451405011543
1599,4.25738041919119,4.21382692873765,4.21029513180669,4.20122054541646,4.19295532632517,4.18627164347917,4.18451250126092,4.18451250126092,4.18451250126092,4.18451250126092
1600,4.25737746243168,4.2138254950134,4.21029433055399,4.20122390284126,4.19295934300299,4.18627564988305,4.18451095406841,4.18451095406841,4.18451095406841,4.18451095406841
1601,4.25737450884206,4.21382406257517,4.21029352978175,4.20122725569891,4.19296335538968,4.18627965357398,4.18450940853461,4.18450940853461,4.18450940853461,4.18450940853461
1602,4.25737155841604,4.21382263142069,4.2102927294894,4.20123060399925,4.19296736349362,4.18628365455601,4.18450786465625,4.18450786465625,4.18450786465625,4.18450786465625
1603,4.25736861114738,4.21382120154767,4.21029192967635,4.20123394775212,4.19297136732314,4.18628765283314,4.18450632243005,4.18450632243005,4.18450632243005,4.18450632243005
1604,4.25736566702985,4.21381977295385,4.210291130342,4.20123728696733,4.19297536688658,4.1862916484094,4.18450478185274,4.18450478185274,4.18450478185274,4.18450478185274
1605,4.25736272605721,4.21381834563697,4.21029033148579,4.20124062165468,4.19297936219224,4.1862956412888,4.18450324292108,4.18450324292108,4.18450324292108,4.18450324292108
1606,4.25735978822326,4.21381691959472,4.21028953310713,4.2012439518239,4.19298335324843,4.18629963147534,4.1845017056318,4.18450170563181,4.18450170563181,4.18450170563181
1607,4.25735685352181,4.21381549482487,4.21028873520543,4.20124727748475,4.19298734006341,4.18630361897301,4.18450016998168,4.18450016998168,4.18450016998168,4.18450016998168
1608,4.25735392194665,4.21381407132517,4.2102879377801,4.20125059864695,4.19299132264543,4.18630760378583,4.18449863596747,4.18449863596746,4.18449863596747,4.18449863596747
1609,4.25735099349165,4.21381264909334,4.21028714083058,4.20125391532018,4.19299530100274,4.18631158591776,4.18449710358594,4.18449710358594,4.18449710358594,4.18449710358594
1610,4.25734806815062,4.21381122812716,4.21028634435627,4.2012572275141,4.19299927514356,4.18631556537279,4.18449557283388,4.18449557283387,4.18449557283388,4.18449557283388
1611,4.25734514591745,4.21380980842437,4.21028554835659,4.20126053523835,4.19300324507608,4.1863195421549,4.18449404370806,4.18449404370807,4.18449404370807,4.18449404370807
1612,4.25734222678599,4.21380838998272,4.21028475283097,4.20126383850257,4.19300721080849,4.18632351626805,4.1844925162053,4.1844925162053,4.1844925162053,4.1844925162053
1613,4.25733931075014,4.2138069728,4.21028395777881,4.20126713731634,4.19301117234896,4.18632748771622,4.18449099032238,4.18449099032238,4.18449099032238,4.18449099032238
1614,4.2573363978038,4.21380555687396,4.21028316319954,4.20127043168923,4.19301512970563,4.18633145650335,4.18448946605612,4.18448946605612,4.18448946605612,4.18448946605612
1615,4.25733348794088,4.21380414220237,4.21028236909259,4.20127372163079,4.19301908288663,4.18633542263339,4.18448794340334,4.18448794340333,4.18448794340334,4.18448794340334
1616,4.25733058115532,4.21380272878302,4.21028157545737,4.20127700715055,4.19302303190007,4.1863393861103,4.18448642236084,4.18448642236084,4.18448642236084,4.18448642236084
1617,4.25732767744104,4.21380131661368,4.2102807822933,4.201280288258,4.19302697675405,4.18634334693802,4.18448490292548,4.18448490292548,4.18448490292548,4.18448490292548
1618,4.25732477679203,4.21379990569215,4.21027998959978,4.20128356496263,4.19303091745663,4.18634730512048,4.18448338509407,4.18448338509408,4.18448338509408,4.18448338509408
1619,4.25732187920223,4.2137984960162,4.21027919737627,4.20128683727388,4.19303485401589,4.18635126066161,4.18448186886348,4.18448186886348,4.18448186886348,4.18448186886348
1620,4.25731898466564,4.21379708758364,4.21027840562217,4.20129010520118,4.19303878643986,4.18635521356533,4.18448035423054,4.18448035423055,4.18448035423055,4.18448035423055
1621,4.25731609317625,4.21379568039226,4.2102776143369,4.20129336875396,4.19304271473655,4.18635916383555,4.18447884119213,4.18447884119213,4.18447884119213,4.18447884119213
1622,4.25731320472808,4.21379427443986,4.21027682351989,4.20129662794158,4.19304663891399,4.1863631114762,4.1844773297451,4.1844773297451,4.1844773297451,4.1844773297451
1623,4.25731031931513,4.21379286972427,4.21027603317056,4.20129988277342,4.19305055898015,4.18636705649116,4.18447581988633,4.18447581988632,4.18447581988633,4.18447581988633
1624,4.25730743693147,4.21379146624326,4.21027524328834,4.20130313325881,4.193054474943,4.18637099888436,4.18447431161269,4.18447431161269,4.18447431161269,4.18447431161269
1625,4.25730455757112,4.21379006399468,4.21027445387264,4.20130637940706,4.19305838681051,4.18637493865966,4.18447280492108,4.18447280492108,4.18447280492108,4.18447280492108
1626,4.25730168122818,4.21378866297633,4.21027366492289,4.20130962122748,4.19306229459059,4.18637887582099,4.18447129980839,4.18447129980839,4.18447129980839,4.18447129980839
1627,4.2572988078967,4.21378726318604,4.21027287643852,4.20131285872932,4.19306619829117,4.18638281037218,4.18446979627152,4.18446979627152,4.18446979627152,4.18446979627152
1628,4.25729593757078,4.21378586462165,4.21027208841894,4.20131609192184,4.19307009792015,4.18638674231715,4.18446829430737,4.18446829430738,4.18446829430737,4.18446829430737
1629,4.25729307024453,4.21378446728097,4.21027130086359,4.20131932081426,4.19307399348541,4.18639067165975,4.18446679391287,4.18446679391288,4.18446679391288,4.18446679391288
1630,4.25729020591206,4.21378307116184,4.21027051377188,4.20132254541578,4.19307788499482,4.18639459840384,4.18446529508494,4.18446529508494,4.18446529508494,4.18446529508494
1631,4.25728734456751,4.21378167626211,4.21026972714326,4.20132576573559,4.19308177245622,4.18639852255329,4.1844637978205,4.18446379782051,4.1844637978205,4.1844637978205
1632,4.257284486205,4.21378028257963,4.21026894097713,4.20132898178285,4.19308565587744,4.18640244411195,4.1844623021165,4.1844623021165,4.1844623021165,4.1844623021165
1633,4.25728163081873,4.21377889011222,4.21026815527294,4.20133219356667,4.1930895352663,4.18640636308367,4.18446080796986,4.18446080796986,4.18446080796986,4.18446080796986
1634,4.25727877840283,4.21377749885777,4.2102673700301,4.20133540109619,4.19309341063061,4.18641027947228,4.18445931537756,4.18445931537756,4.18445931537756,4.18445931537756
1635,4.25727592895151,4.21377610881412,4.21026658524804,4.20133860438049,4.19309728197812,4.18641419328163,4.18445782433653,4.18445782433653,4.18445782433653,4.18445782433653
1636,4.25727308245895,4.21377471997912,4.21026580092619,4.20134180342862,4.19310114931661,4.18641810451554,4.18445633484374,4.18445633484374,4.18445633484374,4.18445633484374
1637,4.25727023891938,4.21377333235065,4.21026501706399,4.20134499824966,4.19310501265382,4.18642201317783,4.18445484689617,4.18445484689617,4.18445484689617,4.18445484689617
1638,4.257267398327,4.21377194592657,4.21026423366085,4.20134818885261,4.19310887199748,4.18642591927233,4.18445336049079,4.18445336049079,4.18445336049079,4.18445336049079
1639,4.25726456067607,4.21377056070476,4.21026345071622,4.20135137524647,4.19311272735531,4.18642982280285,4.18445187562458,4.18445187562458,4.18445187562458,4.18445187562458
1640,4.25726172596082,4.2137691766831,4.21026266822949,4.20135455744024,4.193116578735,4.18643372377318,4.18445039229454,4.18445039229454,4.18445039229454,4.18445039229454
1641,4.25725889417551,4.21376779385946,4.21026188620015,4.20135773544286,4.1931204261442,4.18643762218714,4.18444891049767,4.18444891049767,4.18444891049767,4.18444891049767
1642,4.25725606531444,4.21376641223174,4.21026110462757,4.20136090926328,4.19312426959062,4.18644151804851,4.18444743023096,4.18444743023096,4.18444743023096,4.18444743023096
1643,4.25725323937188,4.21376503179781,4.21026032351123,4.2013640789104,4.19312810908187,4.1864454113611,4.18444595149143,4.18444595149143,4.18444595149143,4.18444595149143
1644,4.25725041634213,4.21376365255559,4.21025954285053,4.20136724439312,4.19313194462558,4.18644930212866,4.1844444742761,4.18444447427609,4.1844444742761,4.1844444742761
1645,4.2572475962195,4.21376227450296,4.21025876264492,4.2013704057203,4.19313577622938,4.18645319035501,4.18444299858198,4.18444299858198,4.18444299858198,4.18444299858198
1646,4.25724477899833,4.21376089763783,4.21025798289381,4.20137356290081,4.19313960390085,4.18645707604388,4.18444152440613,4.18444152440612,4.18444152440612,4.18444152440612
1647,4.25724196467295,4.2137595219581,4.21025720359666,4.20137671594346,4.19314342764756,4.18646095919906,4.18444005174555,4.18444005174555,4.18444005174555,4.18444005174555
1648,4.25723915323771,4.21375814746169,4.21025642475288,4.20137986485707,4.19314724747708,4.1864648398243,4.18443858059732,4.18443858059732,4.18443858059732,4.18443858059732
1649,4.25723634468699,4.2137567741465,4.21025564636192,4.20138300965041,4.19315106339695,4.18646871792336,4.18443711095846,4.18443711095847,4.18443711095847,4.18443711095847
1650,4.25723353901515,4.21375540201046,4.21025486842321,4.20138615033226,4.19315487541471,4.18647259349998,4.18443564282606,4.18443564282606,4.18443564282606,4.18443564282606
1651,4.25723073621658,4.21375403105148,4.21025409093619,4.20138928691134,4.19315868353786,4.18647646655791,4.18443417619716,4.18443417619716,4.18443417619716,4.18443417619716
1652,4.25722793628569,4.21375266126751,4.21025331390028,4.20139241939639,4.19316248777389,4.18648033710089,4.18443271106884,4.18443271106884,4.18443271106884,4.18443271106884
1653,4.2572251392169,4.21375129265645,4.21025253731492,4.2013955477961,4.19316628813029,4.18648420513264,4.18443124743817,4.18443124743817,4.18443124743817,4.18443124743817
1654,4.25722234500463,4.21374992521627,4.21025176117955,4.20139867211915,4.19317008461452,4.18648807065689,4.18442978530225,4.18442978530225,4.18442978530225,4.18442978530225
1655,4.25721955364332,4.21374855894487,4.21025098549361,4.20140179237421,4.19317387723402,4.18649193367736,4.18442832465816,4.18442832465815,4.18442832465816,4.18442832465816
1656,4.25721676512741,4.21374719384023,4.21025021025654,4.20140490856989,4.19317766599622,4.18649579419776,4.18442686550299,4.18442686550299,4.18442686550299,4.18442686550299
1657,4.25721397945139,4.21374582990026,4.21024943546776,4.20140802071483,4.19318145090853,4.18649965222181,4.18442540783385,4.18442540783385,4.18442540783385,4.18442540783385
1658,4.25721119660972,4.21374446712294,4.21024866112673,4.2014111288176,4.19318523197835,4.1865035077532,4.18442395164786,4.18442395164786,4.18442395164786,4.18442395164786
1659,4.25720841659691,4.21374310550621,4.21024788723286,4.2014142328868,4.19318900921308,4.18650736079563,4.18442249694213,4.18442249694213,4.18442249694213,4.18442249694213
1660,4.25720563940744,4.21374174504803,4.21024711378562,4.20141733293096,4.19319278262006,4.18651121135279,4.18442104371378,4.18442104371378,4.18442104371378,4.18442104371378
1661,4.25720286503583,4.21374038574638,4.21024634078442,4.20142042895863,4.19319655220665,4.18651505942836,4.18441959195994,4.18441959195994,4.18441959195994,4.18441959195994
1662,4.2572000934766,4.2137390275992,4.21024556822872,4.20142352097831,4.19320031798017,4.18651890502603,4.18441814167774,4.18441814167774,4.18441814167774,4.18441814167774
1663,4.25719732472431,4.21373767060447,4.21024479611797,4.20142660899849,4.19320407994795,4.18652274814946,4.18441669286434,4.18441669286434,4.18441669286434,4.18441669286434
1664,4.25719455877349,4.21373631476018,4.21024402445158,4.20142969302764,4.19320783811729,4.18652658880233,4.18441524551687,4.18441524551687,4.18441524551687,4.18441524551687
1665,4.25719179561872,4.21373496006428,4.21024325322901,4.20143277307422,4.19321159249546,4.18653042698829,4.1844137996325,4.1844137996325,4.1844137996325,4.1844137996325
1666,4.25718903525457,4.21373360651477,4.2102424824497,4.20143584914666,4.19321534308975,4.186534262711,4.18441235520839,4.18441235520839,4.18441235520839,4.18441235520839
1667,4.25718627767562,4.21373225410964,4.21024171211309,4.20143892125335,4.1932190899074,4.18653809597411,4.1844109122417,4.18441091224169,4.1844109122417,4.1844109122417
1668,4.25718352287648,4.21373090284688,4.21024094221863,4.20144198940269,4.19322283295564,4.18654192678128,4.1844094707296,4.1844094707296,4.1844094707296,4.1844094707296
1669,4.25718077085176,4.21372955272447,4.21024017276575,4.20144505360306,4.19322657224171,4.18654575513612,4.18440803066928,4.18440803066929,4.18440803066928,4.18440803066928
1670,4.25717802159608,4.21372820374041,4.21023940375391,4.20144811386278,4.19323030777281,4.18654958104228,4.18440659205793,4.18440659205793,4.18440659205793,4.18440659205793
1671,4.25717527510409,4.21372685589272,4.21023863518253,4.2014511701902,4.19323403955611,4.18655340450339,4.18440515489274,4.18440515489274,4.18440515489274,4.18440515489274
1672,4.25717253137041,4.21372550917939,4.21023786705108,4.20145422259361,4.19323776759881,4.18655722552306,4.18440371917091,4.18440371917091,4.18440371917091,4.18440371917091
1673,4.25716979038973,4.21372416359844,4.210237099359,4.20145727108132,4.19324149190805,4.18656104410491,4.18440228488964,4.18440228488964,4.18440228488964,4.18440228488964
1674,4.2571670521567,4.21372281914788,4.21023633210573,4.20146031566157,4.19324521249099,4.18656486025256,4.18440085204614,4.18440085204614,4.18440085204614,4.18440085204614
1675,4.25716431666602,4.21372147582571,4.21023556529071,4.20146335634263,4.19324892935474,4.1865686739696,4.18439942063764,4.18439942063764,4.18439942063764,4.18439942063764
1676,4.25716158391239,4.21372013362999,4.21023479891339,4.20146639313272,4.19325264250643,4.18657248525963,4.18439799066136,4.18439799066137,4.18439799066136,4.18439799066136
1677,4.25715885389049,4.21371879255872,4.21023403297323,4.20146942604004,4.19325635195313,4.18657629412625,4.18439656211453,4.18439656211453,4.18439656211453,4.18439656211453
1678,4.25715612659506,4.21371745260993,4.21023326746967,4.20147245507279,4.19326005770194,4.18658010057305,4.18439513499439,4.18439513499439,4.18439513499439,4.18439513499439
1679,4.25715340202083,4.21371611378166,4.21023250240215,4.20147548023913,4.19326375975993,4.18658390460359,4.18439370929818,4.18439370929818,4.18439370929818,4.18439370929818
1680,4.25715068016255,4.21371477607194,4.21023173777014,4.20147850154721,4.19326745813413,4.18658770622147,4.18439228502314,4.18439228502314,4.18439228502314,4.18439228502314
1681,4.25714796101495,4.21371343947881,4.21023097357307,4.20148151900515,4.1932711528316,4.18659150543025,4.18439086216654,4.18439086216654,4.18439086216654,4.18439086216654
1682,4.25714524457283,4.21371210400033,4.21023020981039,4.20148453262108,4.19327484385934,4.1865953022335,4.18438944072564,4.18438944072564,4.18438944072564,4.18438944072564
1683,4.25714253083095,4.21371076963452,4.21022944648156,4.20148754240308,4.19327853122435,4.18659909663476,4.1843880206977,4.18438802069769,4.1843880206977,4.1843880206977
1684,4.25713981978409,4.21370943637947,4.21022868358604,4.2014905483592,4.19328221493363,4.18660288863761,4.18438660207999,4.18438660207999,4.18438660207999,4.18438660207999
1685,4.25713711142707,4.21370810423321,4.21022792112326,4.20149355049751,4.19328589499415,4.18660667824557,4.18438518486981,4.18438518486981,4.18438518486981,4.18438518486981
1686,4.2571344057547,4.21370677319381,4.21022715909267,4.20149654882605,4.19328957141287,4.1866104654622,4.18438376906442,4.18438376906442,4.18438376906442,4.18438376906442
1687,4.2571317027618,4.21370544325934,4.21022639749375,4.20149954335281,4.19329324419673,4.18661425029103,4.18438235466114,4.18438235466114,4.18438235466114,4.18438235466114
1688,4.25712900244321,4.21370411442784,4.21022563632593,4.2015025340858,4.19329691335266,4.18661803273558,4.18438094165725,4.18438094165724,4.18438094165725,4.18438094165725
1689,4.25712630479377,4.21370278669742,4.21022487558866,4.20150552103298,4.19330057888757,4.18662181279939,4.18437953005005,4.18437953005005,4.18437953005005,4.18437953005005
1690,4.25712360980835,4.21370146006613,4.21022411528142,4.20150850420231,4.19330424080836,4.18662559048597,4.18437811983686,4.18437811983686,4.18437811983686,4.18437811983686
1691,4.25712091748182,4.21370013453205,4.21022335540365,4.20151148360173,4.19330789912192,4.18662936579884,4.184376711015,4.184376711015,4.184376711015,4.184376711015
1692,4.25711822780906,4.21369881009328,4.2102225959548,4.20151445923915,4.1933115538351,4.18663313874149,4.18437530358178,4.18437530358178,4.18437530358178,4.18437530358178
1693,4.25711554078496,4.21369748674788,4.21022183693433,4.20151743112246,4.19331520495477,4.18663690931744,4.18437389753454,4.18437389753454,4.18437389753454,4.18437389753454
1694,4.25711285640443,4.21369616449396,4.21022107834171,4.20152039925955,4.19331885248776,4.18664067753018,4.1843724928706,4.1843724928706,4.1843724928706,4.1843724928706
1695,4.25711017466239,4.21369484332962,4.21022032017637,4.20152336365827,4.19332249644089,4.18664444338319,4.18437108958732,4.18437108958732,4.18437108958732,4.18437108958732
1696,4.25710749555376,4.21369352325294,4.21021956243778,4.20152632432647,4.19332613682097,4.18664820687998,4.18436968768202,4.18436968768202,4.18436968768202,4.18436968768202
1697,4.25710481907348,4.21369220426204,4.21021880512541,4.20152928127197,4.1933297736348,4.186651968024,4.18436828715208,4.18436828715208,4.18436828715208,4.18436828715208
1698,4.2571021452165,4.213690886355,4.2102180482387,4.20153223450256,4.19333340688916,4.18665572681874,4.18436688799484,4.18436688799483,4.18436688799483,4.18436688799483
1699,4.2570994739778,4.21368956952996,4.21021729177712,4.20153518402603,4.1933370365908,4.18665948326766,4.18436549020766,4.18436549020766,4.18436549020766,4.18436549020766
1700,4.25709680535232,4.21368825378502,4.21021653574013,4.20153812985015,4.19334066274647,4.18666323737423,4.18436409378792,4.18436409378792,4.18436409378792,4.18436409378792
1701,4.25709413933507,4.21368693911828,4.21021578012719,4.20154107198266,4.19334428536292,4.18666698914189,4.184362698733,4.184362698733,4.184362698733,4.184362698733
1702,4.25709147592104,4.21368562552789,4.21021502493776,4.2015440104313,4.19334790444686,4.18667073857411,4.18436130504026,4.18436130504026,4.18436130504026,4.18436130504026
1703,4.25708881510523,4.21368431301195,4.21021427017129,4.20154694520377,4.19335152000499,4.18667448567432,4.18435991270711,4.18435991270711,4.18435991270711,4.18435991270711
1704,4.25708615688267,4.2136830015686,4.21021351582726,4.20154987630776,4.19335513204401,4.18667823044597,4.18435852173094,4.18435852173093,4.18435852173093,4.18435852173093
1705,4.25708350124838,4.21368169119597,4.21021276190512,4.20155280375094,4.19335874057059,4.18668197289249,4.18435713210913,4.18435713210913,4.18435713210913,4.18435713210913
1706,4.2570808481974,4.21368038189219,4.21021200840434,4.20155572754097,4.1933623455914,4.1866857130173,4.1843557438391,4.1843557438391,4.1843557438391,4.1843557438391
1707,4.25707819772477,4.21367907365541,4.21021125532439,4.20155864768548,4.19336594711307,4.18668945082383,4.18435435691826,4.18435435691826,4.18435435691826,4.18435435691826
1708,4.25707554982558,4.21367776648376,4.21021050266472,4.20156156419209,4.19336954514226,4.1866931863155,4.18435297134402,4.18435297134402,4.18435297134402,4.18435297134402
1709,4.25707290449488,4.2136764603754,4.2102097504248,4.20156447706841,4.19337313968556,4.18669691949571,4.18435158711381,4.18435158711381,4.18435158711381,4.18435158711381
1710,4.25707026172776,4.21367515532847,4.2102089986041,4.201567386322,4.19337673074958,4.18670065036788,4.18435020422505,4.18435020422505,4.18435020422505,4.18435020422505
1711,4.25706762151932,4.21367385134112,4.21020824720208,4.20157029196045,4.19338031834092,4.1867043789354,4.18434882267518,4.18434882267518,4.18434882267518,4.18434882267518
1712,4.25706498386466,4.21367254841152,4.2102074962182,4.20157319399128,4.19338390246616,4.18670810520166,4.18434744246163,4.18434744246163,4.18434744246163,4.18434744246163
1713,4.2570623487589,4.21367124653783,4.21020674565194,4.20157609242203,4.19338748313184,4.18671182917006,4.18434606358185,4.18434606358185,4.18434606358185,4.18434606358185
1714,4.25705971619715,4.21366994571821,4.21020599550276,4.20157898726021,4.19339106034452,4.18671555084397,4.18434468603329,4.18434468603329,4.18434468603329,4.18434468603329
1715,4.25705708617459,4.21366864595082,4.21020524577014,4.2015818785133,4.19339463411073,4.18671927022678,4.18434330981341,4.18434330981341,4.18434330981341,4.18434330981341
1716,4.25705445868633,4.21366734723384,4.21020449645354,4.20158476618878,4.19339820443698,4.18672298732186,4.18434193491967,4.18434193491967,4.18434193491967,4.18434193491967
1717,4.25705183372754,4.21366604956545,4.21020374755243,4.20158765029411,4.1934017713298,4.18672670213257,4.18434056134953,4.18434056134953,4.18434056134953,4.18434056134953
1718,4.2570492112934,4.21366475294383,4.21020299906628,4.20159053083671,4.19340533479565,4.18673041466228,4.18433918910047,4.18433918910046,4.18433918910047,4.18433918910047
1719,4.25704659137908,4.21366345736715,4.21020225099456,4.20159340782403,4.19340889484101,4.18673412491433,4.18433781816996,4.18433781816996,4.18433781816996,4.18433781816996
1720,4.25704397397978,4.21366216283361,4.21020150333674,4.20159628126345,4.19341245147235,4.18673783289208,4.1843364485555,4.1843364485555,4.1843364485555,4.1843364485555
1721,4.2570413590907,4.21366086934138,4.21020075609229,4.20159915116236,4.19341600469613,4.18674153859887,4.18433508025457,4.18433508025456,4.18433508025457,4.18433508025457
1722,4.25703874670706,4.21365957688868,4.2102000092607,4.20160201752812,4.19341955451877,4.18674524203804,4.18433371326466,4.18433371326466,4.18433371326466,4.18433371326466
1723,4.25703613682407,4.21365828547369,4.21019926284142,4.20160488036809,4.19342310094668,4.18674894321293,4.18433234758328,4.18433234758328,4.18433234758328,4.18433234758328
1724,4.25703352943698,4.21365699509461,4.21019851683394,4.2016077396896,4.19342664398627,4.18675264212686,4.18433098320793,4.18433098320794,4.18433098320793,4.18433098320793
1725,4.25703092454103,4.21365570574965,4.21019777123772,4.20161059549995,4.19343018364395,4.18675633878316,4.18432962013613,4.18432962013613,4.18432962013613,4.18432962013613
1726,4.25702832213148,4.21365441743703,4.21019702605225,4.20161344780646,4.19343371992609,4.18676003318512,4.1843282583654,4.1843282583654,4.1843282583654,4.1843282583654
1727,4.25702572220358,4.21365313015494,4.21019628127699,4.2016162966164,4.19343725283903,4.18676372533607,4.18432689789325,4.18432689789325,4.18432689789325,4.18432689789325
1728,4.25702312475261,4.21365184390161,4.21019553691143,4.20161914193702,4.19344078238916,4.18676741523933,4.18432553871721,4.18432553871721,4.18432553871721,4.18432553871721
1729,4.25702052977388,4.21365055867525,4.21019479295503,4.20162198377557,4.19344430858279,4.18677110289816,4.18432418083483,4.18432418083483,4.18432418083483,4.18432418083483
1730,4.25701793726267,4.21364927447408,4.21019404940729,4.20162482213929,4.19344783142625,4.18677478831589,4.18432282424363,4.18432282424363,4.18432282424363,4.18432282424363
1731,4.2570153472143,4.21364799129633,4.21019330626767,4.20162765703539,4.19345135092586,4.1867784714958,4.18432146894117,4.18432146894117,4.18432146894117,4.18432146894117
1732,4.25701275962408,4.21364670914024,4.21019256353565,4.20163048847105,4.19345486708789,4.18678215244116,4.18432011492498,4.18432011492499,4.18432011492499,4.18432011492499
1733,4.25701017448733,4.21364542800401,4.21019182121072,4.20163331645345,4.19345837991863,4.18678583115526,4.18431876219265,4.18431876219265,4.18431876219265,4.18431876219265
1734,4.2570075917994,4.21364414788593,4.21019107929234,4.20163614098976,4.19346188942437,4.18678950764136,4.18431741074171,4.18431741074171,4.18431741074171,4.18431741074171
1735,4.25700501155565,4.21364286878418,4.21019033778002,4.20163896208711,4.19346539561134,4.18679318190274,4.18431606056974,4.18431606056974,4.18431606056974,4.18431606056974
1736,4.25700243375142,4.21364159069705,4.21018959667321,4.20164177975263,4.19346889848579,4.18679685394265,4.18431471167431,4.18431471167431,4.18431471167431,4.18431471167431
1737,4.25699985838209,4.21364031362277,4.21018885597141,4.20164459399343,4.19347239805396,4.18680052376435,4.184313364053,4.184313364053,4.184313364053,4.184313364053
1738,4.25699728544305,4.21363903755958,4.2101881156741,4.20164740481659,4.19347589432204,4.18680419137109,4.18431201770339,4.18431201770339,4.18431201770339,4.18431201770339
1739,4.25699471492968,4.21363776250574,4.21018737578076,4.20165021222921,4.19347938729624,4.18680785676612,4.18431067262306,4.18431067262306,4.18431067262306,4.18431067262306
1740,4.25699214683738,4.21363648845951,4.21018663629087,4.20165301623832,4.19348287698276,4.18681151995266,4.18430932880962,4.18430932880962,4.18430932880962,4.18430932880962
1741,4.25698958116157,4.21363521541916,4.21018589720392,4.20165581685098,4.19348636338775,4.18681518093397,4.18430798626066,4.18430798626067,4.18430798626066,4.18430798626066
1742,4.25698701789766,4.21363394338294,4.21018515851939,4.2016586140742,4.19348984651739,4.18681883971325,4.18430664497379,4.18430664497379,4.18430664497379,4.18430664497379
1743,4.25698445704109,4.21363267234912,4.21018442023676,4.201661407915,4.19349332637782,4.18682249629374,4.18430530494662,4.18430530494662,4.18430530494662,4.18430530494662
1744,4.2569818985873,4.21363140231598,4.21018368235553,4.20166419838038,4.19349680297517,4.18682615067866,4.18430396617675,4.18430396617675,4.18430396617675,4.18430396617675
1745,4.25697934253175,4.21363013328178,4.21018294487518,4.20166698547729,4.19350027631556,4.1868298028712,4.18430262866181,4.18430262866181,4.18430262866181,4.18430262866181
1746,4.25697678886988,4.2136288652448,4.21018220779519,4.20166976921271,4.19350374640511,4.18683345287459,4.18430129239943,4.18430129239943,4.18430129239943,4.18430129239943
1747,4.25697423759719,4.21362759820334,4.21018147111505,4.20167254959356,4.1935072132499,4.18683710069202,4.18429995738724,4.18429995738723,4.18429995738723,4.18429995738723
1748,4.25697168870915,4.21362633215566,4.21018073483426,4.20167532662678,4.19351067685602,4.18684074632668,4.18429862362286,4.18429862362286,4.18429862362286,4.18429862362286
1749,4.25696914220124,4.21362506710007,4.2101799989523,4.20167810031929,4.19351413722952,4.18684438978178,4.18429729110395,4.18429729110395,4.18429729110395,4.18429729110395
1750,4.25696659806898,4.21362380303484,4.21017926346866,4.20168087067795,4.19351759437648,4.18684803106047,4.18429595982816,4.18429595982815,4.18429595982815,4.18429595982815
1751,4.25696405630787,4.21362253995829,4.21017852838282,4.20168363770967,4.19352104830292,4.18685167016596,4.18429462979312,4.18429462979311,4.18429462979312,4.18429462979312
1752,4.25696151691344,4.2136212778687,4.21017779369429,4.20168640142129,4.19352449901488,4.18685530710141,4.1842933009965,4.1842933009965,4.1842933009965,4.1842933009965
1753,4.25695897988123,4.21362001676437,4.21017705940256,4.20168916181966,4.19352794651837,4.18685894186999,4.18429197343596,4.18429197343596,4.18429197343596,4.18429197343596
1754,4.25695644520675,4.21361875664363,4.21017632550711,4.20169191891161,4.1935313908194,4.18686257447486,4.18429064710917,4.18429064710916,4.18429064710916,4.18429064710916
1755,4.25695391288558,4.21361749750476,4.21017559200743,4.20169467270394,4.19353483192395,4.18686620491918,4.18428932201379,4.18428932201379,4.18428932201379,4.18428932201379
1756,4.25695138291327,4.21361623934608,4.21017485890302,4.20169742320346,4.19353826983799,4.18686983320609,4.18428799814752,4.18428799814752,4.18428799814752,4.18428799814752
1757,4.25694885528541,4.21361498216591,4.21017412619338,4.20170017041695,4.1935417045675,4.18687345933876,4.18428667550802,4.18428667550802,4.18428667550802,4.18428667550802
1758,4.25694632999755,4.21361372596257,4.210173393878,4.20170291435115,4.19354513611842,4.18687708332031,4.184285354093,4.184285354093,4.184285354093,4.184285354093
1759,4.25694380704531,4.21361247073438,4.21017266195637,4.20170565501284,4.19354856449669,4.18688070515389,4.18428403390013,4.18428403390013,4.18428403390013,4.18428403390013
1760,4.25694128642428,4.21361121647967,4.21017193042799,4.20170839240873,4.19355198970823,4.18688432484262,4.18428271492712,4.18428271492712,4.18428271492712,4.18428271492712
1761,4.25693876813007,4.21360996319675,4.21017119929235,4.20171112654555,4.19355541175896,4.18688794238962,4.18428139717168,4.18428139717167,4.18428139717167,4.18428139717167
1762,4.25693625215828,4.21360871088398,4.21017046854897,4.20171385742998,4.19355883065477,4.18689155779802,4.1842800806315,4.1842800806315,4.1842800806315,4.1842800806315
1763,4.25693373850458,4.21360745953968,4.21016973819732,4.20171658506872,4.19356224640156,4.18689517107093,4.1842787653043,4.1842787653043,4.1842787653043,4.1842787653043
1764,4.25693122716457,4.21360620916219,4.21016900823691,4.20171930946845,4.19356565900518,4.18689878221147,4.18427745118781,4.18427745118781,4.18427745118781,4.18427745118781
1765,4.25692871813393,4.21360495974984,4.21016827866724,4.20172203063579,4.19356906847151,4.18690239122272,4.18427613827974,4.18427613827974,4.18427613827974,4.18427613827974
1766,4.25692621140831,4.213603711301,4.2101675494878,4.2017247485774,4.1935724748064,4.18690599810779,4.18427482657783,4.18427482657782,4.18427482657783,4.18427482657783
1767,4.25692370698336,4.21360246381402,4.2101668206981,4.2017274632999,4.19357587801567,4.18690960286977,4.1842735160798,4.1842735160798,4.1842735160798,4.1842735160798
1768,4.25692120485478,4.21360121728723,4.21016609229764,4.20173017480988,4.19357927810515,4.18691320551176,4.18427220678339,4.18427220678339,4.18427220678339,4.18427220678339
1769,4.25691870501825,4.21359997171898,4.21016536428593,4.20173288311395,4.19358267508066,4.18691680603683,4.18427089868635,4.18427089868635,4.18427089868635,4.18427089868635
1770,4.25691620746946,4.21359872710767,4.21016463666245,4.20173558821868,4.19358606894797,4.18692040444805,4.18426959178643,4.18426959178643,4.18426959178643,4.18426959178643
1771,4.25691371220413,4.21359748345161,4.21016390942673,4.20173829013061,4.1935894597129,4.18692400074851,4.18426828608138,4.18426828608138,4.18426828608138,4.18426828608138
1772,4.25691121921798,4.2135962407492,4.21016318257825,4.20174098885632,4.1935928473812,4.18692759494125,4.18426698156895,4.18426698156895,4.18426698156895,4.18426698156895
1773,4.2569087285067,4.21359499899881,4.21016245611652,4.20174368440231,4.19359623195863,4.18693118702935,4.18426567824692,4.18426567824692,4.18426567824692,4.18426567824692
1774,4.25690624006607,4.21359375819879,4.21016173004105,4.2017463767751,4.19359961345095,4.18693477701586,4.18426437611304,4.18426437611305,4.18426437611305,4.18426437611305
1775,4.25690375389181,4.21359251834753,4.21016100435134,4.20174906598119,4.19360299186388,4.18693836490383,4.1842630751651,4.1842630751651,4.1842630751651,4.1842630751651
1776,4.25690126997966,4.21359127944342,4.2101602790469,4.20175175202707,4.19360636720316,4.18694195069631,4.18426177540087,4.18426177540087,4.18426177540087,4.18426177540087
1777,4.25689878832542,4.2135900414848,4.21015955412724,4.20175443491919,4.19360973947449,4.18694553439633,4.18426047681813,4.18426047681813,4.18426047681813,4.18426047681813
1778,4.25689630892484,4.2135888044701,4.21015882959186,4.20175711466402,4.19361310868358,4.18694911600692,4.18425917941467,4.18425917941467,4.18425917941467,4.18425917941467
1779,4.2568938317737,4.21358756839768,4.21015810544027,4.20175979126799,4.19361647483609,4.18695269553112,4.18425788318829,4.18425788318829,4.18425788318829,4.18425788318829
1780,4.25689135686778,4.21358633326596,4.21015738167198,4.20176246473751,4.19361983793771,4.18695627297195,4.18425658813677,4.18425658813678,4.18425658813678,4.18425658813678
1781,4.25688888420292,4.2135850990733,4.2101566582865,4.201765135079,4.19362319799411,4.18695984833243,4.18425529425794,4.18425529425794,4.18425529425794,4.18425529425794
1782,4.25688641377489,4.21358386581812,4.21015593528334,4.20176780229886,4.19362655501092,4.18696342161556,4.18425400154958,4.18425400154958,4.18425400154958,4.18425400154958
1783,4.25688394557954,4.2135826334988,4.210155212662,4.20177046640345,4.19362990899379,4.18696699282437,4.18425271000951,4.18425271000951,4.18425271000951,4.18425271000951
1784,4.25688147961267,4.21358140211377,4.21015449042202,4.20177312739914,4.19363325994834,4.18697056196184,4.18425141963555,4.18425141963556,4.18425141963556,4.18425141963556
1785,4.25687901587013,4.21358017166143,4.21015376856287,4.20177578529228,4.19363660788018,4.18697412903098,4.18425013042553,4.18425013042553,4.18425013042553,4.18425013042553
1786,4.25687655434776,4.2135789421402,4.2101530470841,4.20177844008919,4.19363995279492,4.18697769403478,4.18424884237727,4.18424884237726,4.18424884237727,4.18424884237727
1787,4.25687409504144,4.21357771354845,4.21015232598521,4.2017810917962,4.19364329469813,4.18698125697622,4.18424755548859,4.18424755548859,4.18424755548859,4.18424755548859
1788,4.25687163794701,4.21357648588465,4.2101516052657,4.20178374041961,4.1936466335954,4.18698481785829,4.18424626975734,4.18424626975734,4.18424626975734,4.18424626975734
1789,4.25686918306034,4.2135752591472,4.2101508849251,4.20178638596571,4.1936499694923,4.18698837668396,4.18424498518135,4.18424498518135,4.18424498518135,4.18424498518135
1790,4.25686673037733,4.21357403333452,4.21015016496292,4.20178902844076,4.19365330239436,4.1869919334562,4.18424370175848,4.18424370175848,4.18424370175848,4.18424370175848
1791,4.25686427989386,4.21357280844503,4.21014944537868,4.20179166785103,4.19365663230714,4.18699548817798,4.18424241948657,4.18424241948657,4.18424241948657,4.18424241948657
1792,4.25686183160584,4.21357158447717,4.21014872617189,4.20179430420277,4.19365995923616,4.18699904085226,4.18424113836348,4.18424113836348,4.18424113836348,4.18424113836348
1793,4.25685938550917,4.21357036142938,4.21014800734207,4.20179693750219,4.19366328318694,4.187002591482,4.18423985838706,4.18423985838706,4.18423985838706,4.18423985838706
1794,4.25685694159979,4.21356913930008,4.21014728888874,4.20179956775553,4.19366660416498,4.18700614007014,4.18423857955519,4.18423857955519,4.18423857955519,4.18423857955519
1795,4.2568544998736,4.21356791808773,4.21014657081142,4.20180219496896,4.19366992217577,4.18700968661962,4.18423730186572,4.18423730186573,4.18423730186573,4.18423730186573
1796,4.25685206032655,4.21356669779075,4.21014585310962,4.20180481914869,4.1936732372248,4.1870132311334,4.18423602531655,4.18423602531655,4.18423602531655,4.18423602531655
1797,4.25684962295459,4.21356547840759,4.21014513578287,4.20180744030088,4.19367654931753,4.18701677361439,4.18423474990554,4.18423474990554,4.18423474990554,4.18423474990554
1798,4.25684718775367,4.2135642599367,4.21014441883069,4.20181005843169,4.19367985845942,4.18702031406554,4.18423347563057,4.18423347563057,4.18423347563057,4.18423347563057
1799,4.25684475471975,4.21356304237654,4.21014370225259,4.20181267354727,4.19368316465592,4.18702385248977,4.18423220248954,4.18423220248954,4.18423220248954,4.18423220248954
1800,4.25684232384882,4.21356182572557,4.21014298604809,4.20181528565373,4.19368646791245,4.18702738888998,4.18423093048034,4.18423093048034,4.18423093048034,4.18423093048034
1801,4.25683989513684,4.21356060998223,4.21014227021673,4.2018178947572,4.19368976823445,4.18703092326911,4.18422965960086,4.18422965960086,4.18422965960086,4.18422965960086
1802,4.25683746857981,4.21355939514498,4.21014155475802,4.20182050086378,4.19369306562731,4.18703445563006,4.18422838984901,4.18422838984901,4.18422838984901,4.18422838984901
1803,4.25683504417373,4.21355818121231,4.2101408396715,4.20182310397954,4.19369636009644,4.18703798597572,4.18422712122269,4.18422712122269,4.18422712122269,4.18422712122269
1804,4.2568326219146,4.21355696818267,4.21014012495666,4.20182570411056,4.19369965164723,4.187041514309,4.18422585371982,4.18422585371982,4.18422585371982,4.18422585371982
1805,4.25683020179846,4.21355575605451,4.21013941061306,4.2018283012629,4.19370294028504,4.18704504063279,4.18422458733831,4.18422458733831,4.18422458733831,4.18422458733831
1806,4.25682778382131,4.21355454482634,4.21013869664022,4.2018308954426,4.19370622601526,4.18704856494998,4.18422332207608,4.18422332207608,4.18422332207608,4.18422332207608
1807,4.25682536797919,4.21355333449662,4.21013798303764,4.20183348665569,4.19370950884321,4.18705208726346,4.18422205793105,4.18422205793105,4.18422205793105,4.18422205793105
1808,4.25682295426815,4.21355212506383,4.21013726980488,4.20183607490818,4.19371278877425,4.1870556075761,4.18422079490115,4.18422079490116,4.18422079490116,4.18422079490116
1809,4.25682054268422,4.21355091652646,4.21013655694145,4.20183866020608,4.1937160658137,4.18705912589076,4.18421953298433,4.18421953298433,4.18421953298433,4.18421953298433
1810,4.2568181332235,4.21354970888298,4.21013584444687,4.20184124255537,4.19371933996688,4.18706264221033,4.18421827217852,4.18421827217852,4.18421827217852,4.18421827217852
1811,4.25681572588203,4.21354850213189,4.21013513232069,4.20184382196202,4.1937226112391,4.18706615653766,4.18421701248165,4.18421701248165,4.18421701248165,4.18421701248165
1812,4.2568133206559,4.21354729627168,4.21013442056243,4.201846398432,4.19372587963565,4.1870696688756,4.18421575389169,4.18421575389168,4.18421575389169,4.18421575389169
1813,4.25681091754119,4.21354609130084,4.21013370917161,4.20184897197124,4.19372914516181,4.18707317922702,4.18421449640657,4.18421449640656,4.18421449640657,4.18421449640657
1814,4.256808516534,4.21354488721788,4.21013299814778,4.20185154258569,4.19373240782286,4.18707668759477,4.18421324002426,4.18421324002426,4.18421324002426,4.18421324002426
1815,4.25680611763043,4.2135436840213,4.21013228749046,4.20185411028125,4.19373566762405,4.18708019398167,4.18421198474272,4.18421198474271,4.18421198474271,4.18421198474271
1816,4.25680372082659,4.21354248170958,4.21013157719918,4.20185667506384,4.19373892457063,4.18708369839057,4.1842107305599,4.1842107305599,4.1842107305599,4.1842107305599
1817,4.2568013261186,4.21354128028126,4.21013086727347,4.20185923693934,4.19374217866785,4.1870872008243,4.18420947747379,4.1842094774738,4.1842094774738,4.1842094774738
1818,4.25679893350259,4.21354007973482,4.21013015771289,4.20186179591362,4.19374542992092,4.18709070128569,4.18420822548237,4.18420822548237,4.18420822548237,4.18420822548237
1819,4.2567965429747,4.2135388800688,4.21012944851694,4.20186435199256,4.19374867833507,4.18709419977755,4.18420697458359,4.18420697458359,4.18420697458359,4.18420697458359
1820,4.25679415453108,4.21353768128169,4.21012873968518,4.20186690518199,4.1937519239155,4.18709769630271,4.18420572477546,4.18420572477546,4.18420572477546,4.18420572477546
1821,4.25679176816788,4.21353648337203,4.21012803121713,4.20186945548777,4.19375516666738,4.18710119086398,4.18420447605596,4.18420447605596,4.18420447605596,4.18420447605596
1822,4.25678938388126,4.21353528633833,4.21012732311234,4.20187200291569,4.19375840659592,4.18710468346417,4.18420322842307,4.18420322842307,4.18420322842307,4.18420322842307
1823,4.2567870016674,4.21353409017913,4.21012661537032,4.20187454747158,4.19376164370629,4.18710817410606,4.1842019818748,4.1842019818748,4.1842019818748,4.1842019818748
1824,4.25678462152246,4.21353289489295,4.21012590799063,4.20187708916124,4.19376487800363,4.18711166279247,4.18420073640915,4.18420073640915,4.18420073640915,4.18420073640915
1825,4.25678224344266,4.21353170047831,4.21012520097281,4.20187962799044,4.19376810949309,4.18711514952619,4.18419949202413,4.18419949202412,4.18419949202413,4.18419949202413
1826,4.25677986742417,4.21353050693376,4.21012449431639,4.20188216396494,4.19377133817981,4.18711863431,4.18419824871773,4.18419824871773,4.18419824871773,4.18419824871773
1827,4.25677749346321,4.21352931425782,4.21012378802092,4.20188469709051,4.19377456406894,4.18712211714667,4.18419700648798,4.18419700648798,4.18419700648798,4.18419700648798
1828,4.25677512155598,4.21352812244905,4.21012308208592,4.20188722737289,4.19377778716556,4.187125598039,4.1841957653329,4.1841957653329,4.1841957653329,4.1841957653329
1829,4.25677275169872,4.21352693150597,4.21012237651095,4.2018897548178,4.19378100747478,4.18712907698974,4.18419452525051,4.18419452525051,4.18419452525051,4.18419452525051
1830,4.25677038388764,4.21352574142714,4.21012167129555,4.20189227943096,4.19378422500171,4.18713255400167,4.18419328623883,4.18419328623883,4.18419328623883,4.18419328623883
1831,4.256768018119,4.21352455221111,4.21012096643924,4.20189480121807,4.19378743975142,4.18713602907756,4.1841920482959,4.1841920482959,4.1841920482959,4.1841920482959
1832,4.25676565438902,4.21352336385643,4.2101202619416,4.20189732018482,4.19379065172898,4.18713950222015,4.18419081141975,4.18419081141975,4.18419081141975,4.18419081141975
1833,4.25676329269397,4.21352217636166,4.21011955780213,4.20189983633689,4.19379386093945,4.18714297343219,4.18418957560843,4.18418957560842,4.18418957560843,4.18418957560843
1834,4.25676093303011,4.21352098972535,4.21011885402042,4.20190234967993,4.19379706738788,4.18714644271644,4.18418834085997,4.18418834085997,4.18418834085997,4.18418834085997
1835,4.25675857539372,4.21351980394604,4.21011815059599,4.2019048602196,4.19380027107931,4.18714991007564,4.18418710717243,4.18418710717243,4.18418710717243,4.18418710717243
1836,4.25675621978107,4.21351861902233,4.21011744752838,4.20190736796152,4.19380347201877,4.18715337551251,4.18418587454386,4.18418587454385,4.18418587454386,4.18418587454386
1837,4.25675386618845,4.21351743495276,4.21011674481714,4.20190987291135,4.19380667021126,4.18715683902981,4.18418464297231,4.18418464297231,4.18418464297231,4.18418464297231
1838,4.25675151461214,4.21351625173593,4.21011604246182,4.20191237507466,4.1938098656618,4.18716030063024,4.18418341245586,4.18418341245585,4.18418341245585,4.18418341245585
1839,4.25674916504848,4.21351506937037,4.21011534046198,4.20191487445705,4.19381305837538,4.18716376031653,4.18418218299255,4.18418218299255,4.18418218299255,4.18418218299255
1840,4.25674681749373,4.2135138878547,4.21011463881714,4.20191737106414,4.19381624835699,4.18716721809141,4.18418095458047,4.18418095458047,4.18418095458047,4.18418095458047
1841,4.25674447194427,4.21351270718745,4.21011393752687,4.20191986490146,4.1938194356116,4.18717067395758,4.18417972721769,4.18417972721769,4.18417972721769,4.18417972721769
1842,4.25674212839639,4.21351152736724,4.21011323659071,4.20192235597459,4.19382262014417,4.18717412791775,4.18417850090228,4.18417850090229,4.18417850090229,4.18417850090229
1843,4.25673978684642,4.21351034839263,4.21011253600823,4.20192484428906,4.19382580195966,4.18717757997463,4.18417727563234,4.18417727563234,4.18417727563234,4.18417727563234
1844,4.25673744729072,4.21350917026222,4.21011183577896,4.20192732985043,4.19382898106299,4.1871810301309,4.18417605140594,4.18417605140594,4.18417605140594,4.18417605140594
1845,4.25673510972565,4.21350799297459,4.21011113590245,4.20192981266419,4.19383215745912,4.18718447838927,4.18417482822118,4.18417482822118,4.18417482822118,4.18417482822118
1846,4.25673277414755,4.21350681652835,4.21011043637825,4.20193229273587,4.19383533115294,4.18718792475242,4.18417360607615,4.18417360607615,4.18417360607615,4.18417360607615
1847,4.25673044055281,4.21350564092207,4.21010973720594,4.20193477007095,4.19383850214939,4.18719136922304,4.18417238496895,4.18417238496895,4.18417238496895,4.18417238496895
1848,4.25672810893778,4.21350446615436,4.21010903838504,4.20193724467492,4.19384167045334,4.18719481180379,4.18417116489769,4.18417116489769,4.18417116489769,4.18417116489769
1849,4.25672577929885,4.21350329222382,4.21010833991513,4.20193971655323,4.1938448360697,4.18719825249736,4.18416994586048,4.18416994586048,4.18416994586048,4.18416994586048
1850,4.25672345163243,4.21350211912905,4.21010764179575,4.20194218571137,4.19384799900333,4.18720169130642,4.18416872785541,4.18416872785541,4.18416872785541,4.18416872785541
1851,4.25672112593491,4.21350094686866,4.21010694402646,4.20194465215475,4.19385115925911,4.18720512823363,4.18416751088062,4.18416751088062,4.18416751088062,4.18416751088062
1852,4.25671880220269,4.21349977544127,4.21010624660681,4.20194711588882,4.1938543168419,4.18720856328163,4.18416629493422,4.18416629493422,4.18416629493422,4.18416629493422
1853,4.25671648043219,4.21349860484548,4.21010554953636,4.20194957691901,4.19385747175652,4.18721199645311,4.18416508001433,4.18416508001433,4.18416508001433,4.18416508001433
1854,4.25671416061984,4.2134974350799,4.21010485281468,4.2019520352507,4.19386062400784,4.18721542775068,4.18416386611909,4.18416386611909,4.18416386611909,4.18416386611909
1855,4.25671184276205,4.21349626614315,4.21010415644131,4.2019544908893,4.19386377360067,4.18721885717701,4.18416265324662,4.18416265324663,4.18416265324663,4.18416265324663
1856,4.25670952685529,4.21349509803386,4.21010346041582,4.20195694384018,4.19386692053982,4.18722228473473,4.18416144139507,4.18416144139507,4.18416144139507,4.18416144139507
1857,4.25670721289598,4.21349393075064,4.21010276473777,4.20195939410872,4.1938700648301,4.18722571042649,4.18416023056257,4.18416023056258,4.18416023056257,4.18416023056257
1858,4.25670490088059,4.21349276429213,4.21010206940671,4.20196184170027,4.1938732064763,4.1872291342549,4.18415902074728,4.18415902074727,4.18415902074727,4.18415902074727
1859,4.25670259080557,4.21349159865696,4.2101013744222,4.20196428662019,4.19387634548322,4.18723255622258,4.18415781194732,4.18415781194732,4.18415781194732,4.18415781194732
1860,4.25670028266741,4.21349043384375,4.21010067978381,4.20196672887378,4.19387948185562,4.18723597633218,4.18415660416087,4.18415660416086,4.18415660416086,4.18415660416086
1861,4.25669797646256,4.21348926985113,4.21009998549111,4.20196916846639,4.19388261559826,4.18723939458628,4.18415539738607,4.18415539738607,4.18415539738607,4.18415539738607
1862,4.25669567218753,4.21348810667775,4.21009929154364,4.20197160540332,4.1938857467159,4.18724281098752,4.18415419162109,4.18415419162108,4.18415419162109,4.18415419162109
1863,4.25669336983879,4.21348694432225,4.21009859794099,4.20197403968985,4.19388887521329,4.18724622553849,4.18415298686408,4.18415298686409,4.18415298686409,4.18415298686409
1864,4.25669106941286,4.21348578278326,4.2100979046827,4.20197647133129,4.19389200109515,4.18724963824179,4.18415178311324,4.18415178311324,4.18415178311324,4.18415178311324
1865,4.25668877090624,4.21348462205944,4.21009721176835,4.20197890033288,4.1938951243662,4.18725304910003,4.18415058036672,4.18415058036671,4.18415058036671,4.18415058036671
1866,4.25668647431545,4.21348346214943,4.21009651919749,4.20198132669992,4.19389824503117,4.18725645811578,4.18414937862269,4.18414937862269,4.18414937862269,4.18414937862269
1867,4.25668417963701,4.21348230305188,4.21009582696971,4.20198375043761,4.19390136309475,4.18725986529165,4.18414817787935,4.18414817787935,4.18414817787935,4.18414817787935
1868,4.25668188686745,4.21348114476544,4.21009513508455,4.20198617155122,4.19390447856162,4.18726327063021,4.18414697813487,4.18414697813487,4.18414697813487,4.18414697813487
1869,4.25667959600332,4.21347998728879,4.2100944435416,4.20198859004595,4.19390759143649,4.18726667413404,4.18414577938745,4.18414577938745,4.18414577938745,4.18414577938745
1870,4.25667730704114,4.21347883062055,4.21009375234042,4.20199100592703,4.19391070172403,4.1872700758057,4.18414458163528,4.18414458163528,4.18414458163528,4.18414458163528
1871,4.2566750199775,4.21347767475942,4.21009306148056,4.20199341919964,4.19391380942888,4.18727347564779,4.18414338487655,4.18414338487655,4.18414338487655,4.18414338487655
1872,4.25667273480893,4.21347651970405,4.21009237096162,4.20199582986898,4.1939169145557,4.18727687366284,4.18414218910947,4.18414218910947,4.18414218910947,4.18414218910947
1873,4.25667045153201,4.21347536545309,4.21009168078316,4.20199823794023,4.19392001710914,4.18728026985342,4.18414099433224,4.18414099433224,4.18414099433224,4.18414099433224
1874,4.25666817014331,4.21347421200524,4.21009099094474,4.20200064341853,4.19392311709382,4.1872836642221,4.18413980054306,4.18413980054306,4.18413980054306,4.18413980054306
1875,4.25666589063943,4.21347305935915,4.21009030144594,4.20200304630906,4.19392621451438,4.1872870567714,4.18413860774016,4.18413860774016,4.18413860774016,4.18413860774016
1876,4.25666361301696,4.21347190751351,4.21008961228633,4.20200544661693,4.19392930937542,4.18729044750388,4.18413741592174,4.18413741592174,4.18413741592174,4.18413741592174
1877,4.25666133727248,4.21347075646698,4.21008892346548,4.2020078443473,4.19393240168153,4.18729383642209,4.18413622508603,4.18413622508604,4.18413622508603,4.18413622508603
1878,4.25665906340261,4.21346960621827,4.21008823498297,4.20201023950526,4.19393549143733,4.18729722352855,4.18413503523125,4.18413503523126,4.18413503523125,4.18413503523125
1879,4.25665679140396,4.21346845676604,4.21008754683837,4.20201263209593,4.19393857864738,4.18730060882579,4.18413384635564,4.18413384635564,4.18413384635564,4.18413384635564
1880,4.25665452127316,4.21346730810897,4.21008685903125,4.20201502212439,4.19394166331627,4.18730399231634,4.18413265845741,4.18413265845741,4.18413265845741,4.18413265845741
1881,4.25665225300681,4.21346616024577,4.2100861715612,4.20201740959572,4.19394474544854,4.18730737400272,4.1841314715348,4.18413147153481,4.18413147153481,4.18413147153481
1882,4.25664998660158,4.21346501317513,4.21008548442778,4.20201979451501,4.19394782504877,4.18731075388745,4.18413028558607,4.18413028558607,4.18413028558607,4.18413028558607
1883,4.25664772205409,4.21346386689573,4.21008479763057,4.2020221768873,4.19395090212148,4.18731413197305,4.18412910060944,4.18412910060944,4.18412910060944,4.18412910060944
1884,4.256645459361,4.21346272140627,4.21008411116916,4.20202455671763,4.19395397667122,4.18731750826201,4.18412791660318,4.18412791660318,4.18412791660318,4.18412791660318
1885,4.25664319851898,4.21346157670546,4.2100834250431,4.20202693401105,4.19395704870252,4.18732088275683,4.18412673356552,4.18412673356551,4.18412673356551,4.18412673356551
1886,4.25664093952466,4.213460432792,4.210082739252,4.20202930877258,4.19396011821986,4.18732425546004,4.18412555149471,4.18412555149472,4.18412555149471,4.18412555149471
1887,4.25663868237475,4.21345928966458,4.21008205379542,4.20203168100722,4.19396318522778,4.1873276263741,4.18412437038903,4.18412437038904,4.18412437038904,4.18412437038904
1888,4.2566364270659,4.21345814732192,4.21008136867295,4.20203405071999,4.19396624973076,4.1873309955015,4.18412319024674,4.18412319024674,4.18412319024674,4.18412319024674
1889,4.25663417359482,4.21345700576272,4.21008068388416,4.20203641791587,4.19396931173328,4.18733436284475,4.1841220110661,4.1841220110661,4.1841220110661,4.1841220110661
1890,4.25663192195819,4.2134558649857,4.21007999942865,4.20203878259982,4.19397237123983,4.18733772840631,4.18412083284538,4.18412083284537,4.18412083284537,4.18412083284537
1891,4.25662967215271,4.21345472498959,4.21007931530598,4.20204114477683,4.19397542825486,4.18734109218865,4.18411965558285,4.18411965558284,4.18411965558284,4.18411965558284
1892,4.25662742417509,4.21345358577308,4.21007863151575,4.20204350445184,4.19397848278284,4.18734445419426,4.18411847927679,4.18411847927678,4.18411847927678,4.18411847927678
1893,4.25662517802206,4.21345244733491,4.21007794805752,4.20204586162981,4.19398153482821,4.1873478144256,4.18411730392548,4.18411730392548,4.18411730392548,4.18411730392548
1894,4.25662293369032,4.21345130967379,4.2100772649309,4.20204821631565,4.1939845843954,4.18735117288511,4.18411612952721,4.18411612952721,4.18411612952721,4.18411612952721
1895,4.25662069117661,4.21345017278846,4.21007658213546,4.2020505685143,4.19398763148885,4.18735452957528,4.18411495608026,4.18411495608026,4.18411495608026,4.18411495608026
1896,4.25661845047767,4.21344903667763,4.21007589967078,4.20205291823065,4.19399067611297,4.18735788449855,4.18411378358293,4.18411378358294,4.18411378358294,4.18411378358294
1897,4.25661621159024,4.21344790134005,4.21007521753647,4.20205526546961,4.19399371827218,4.18736123765735,4.18411261203353,4.18411261203353,4.18411261203353,4.18411261203353
1898,4.25661397451107,4.21344676677444,4.21007453573209,4.20205761023607,4.19399675797087,4.18736458905414,4.18411144143033,4.18411144143033,4.18411144143033,4.18411144143033
1899,4.25661173923692,4.21344563297954,4.21007385425724,4.2020599525349,4.19399979521341,4.18736793869137,4.18411027177165,4.18411027177165,4.18411027177165,4.18411027177165
1900,4.25660950576456,4.21344449995409,4.21007317311151,4.20206229237096,4.19400283000423,4.18737128657144,4.1841091030558,4.1841091030558,4.1841091030558,4.1841091030558
1901,4.25660727409076,4.21344336769683,4.21007249229448,4.20206462974912,4.19400586234766,4.18737463269681,4.18410793528108,4.18410793528109,4.18410793528109,4.18410793528109
1902,4.25660504421229,4.21344223620652,4.21007181180574,4.20206696467421,4.19400889224807,4.1873779770699,4.18410676844582,4.18410676844582,4.18410676844582,4.18410676844582
1903,4.25660281612595,4.21344110548187,4.21007113164488,4.20206929715106,4.19401191970981,4.18738131969312,4.18410560254833,4.18410560254833,4.18410560254833,4.18410560254833
1904,4.25660058982852,4.21343997552165,4.2100704518115,4.20207162718449,4.19401494473724,4.1873846605689,4.18410443758693,4.18410443758692,4.18410443758693,4.18410443758693
1905,4.2565983653168,4.21343884632462,4.21006977230518,4.20207395477932,4.19401796733468,4.18738799969963,4.18410327355994,4.18410327355994,4.18410327355994,4.18410327355994
1906,4.25659614258761,4.21343771788953,4.21006909312552,4.20207627994034,4.19402098750645,4.18739133708775,4.1841021104657,4.1841021104657,4.1841021104657,4.1841021104657
1907,4.25659392163776,4.21343659021512,4.21006841427211,4.20207860267234,4.19402400525688,4.18739467273563,4.18410094830254,4.18410094830254,4.18410094830254,4.18410094830254
1908,4.25659170246406,4.21343546330016,4.21006773574453,4.2020809229801,4.19402702059026,4.18739800664569,4.1840997870688,4.1840997870688,4.1840997870688,4.1840997870688
1909,4.25658948506337,4.21343433714341,4.21006705754239,4.20208324086839,4.1940300335109,4.18740133882031,4.18409862676281,4.18409862676281,4.18409862676281,4.18409862676281
1910,4.25658726943248,4.21343321174364,4.21006637966529,4.20208555634195,4.19403304402307,4.18740466926189,4.18409746738292,4.18409746738292,4.18409746738292,4.18409746738292
1911,4.25658505556826,4.21343208709962,4.2100657021128,4.20208786940553,4.19403605213106,4.1874079979728,4.18409630892748,4.18409630892748,4.18409630892748,4.18409630892748
1912,4.25658284346756,4.2134309632101,4.21006502488453,4.20209018006387,4.19403905783915,4.18741132495544,4.18409515139484,4.18409515139484,4.18409515139484,4.18409515139484
1913,4.25658063312721,4.21342984007386,4.21006434798008,4.20209248832169,4.19404206115157,4.18741465021217,4.18409399478335,4.18409399478336,4.18409399478335,4.18409399478335
1914,4.2565784245441,4.21342871768969,4.21006367139904,4.20209479418369,4.1940450620726,4.18741797374538,4.18409283909137,4.18409283909138,4.18409283909138,4.18409283909138
1915,4.25657621771509,4.21342759605636,4.21006299514101,4.20209709765458,4.19404806060647,4.18742129555741,4.18409168431727,4.18409168431727,4.18409168431727,4.18409168431727
1916,4.25657401263706,4.21342647517262,4.21006231920559,4.20209939873906,4.1940510567574,4.18742461565065,4.1840905304594,4.18409053045941,4.1840905304594,4.1840905304594
1917,4.25657180930688,4.21342535503729,4.21006164359238,4.20210169744179,4.19405405052964,4.18742793402744,4.18408937751615,4.18408937751614,4.18408937751615,4.18408937751615
1918,4.25656960772145,4.21342423564913,4.21006096830097,4.20210399376746,4.19405704192738,4.18743125069015,4.18408822548587,4.18408822548586,4.18408822548587,4.18408822548587
1919,4.25656740787766,4.21342311700694,4.21006029333097,4.20210628772072,4.19406003095483,4.18743456564111,4.18408707436694,4.18408707436694,4.18408707436694,4.18408707436694
1920,4.25656520977243,4.21342199910951,4.21005961868197,4.20210857930622,4.19406301761619,4.18743787888269,4.18408592415775,4.18408592415775,4.18408592415775,4.18408592415775
1921,4.25656301340264,4.21342088195561,4.21005894435359,4.20211086852859,4.19406600191566,4.1874411904172,4.18408477485668,4.18408477485668,4.18408477485668,4.18408477485668
1922,4.25656081876523,4.21341976554407,4.21005827034541,4.20211315539246,4.1940689838574,4.187444500247,4.18408362646211,4.18408362646211,4.18408362646211,4.18408362646211
1923,4.25655862585712,4.21341864987365,4.21005759665705,4.20211543990245,4.19407196344559,4.18744780837442,4.18408247897243,4.18408247897243,4.18408247897243,4.18408247897243
1924,4.25655643467523,4.21341753494317,4.21005692328811,4.20211772206316,4.19407494068438,4.18745111480178,4.18408133238604,4.18408133238604,4.18408133238604,4.18408133238604
1925,4.2565542452165,4.21341642075143,4.21005625023817,4.20212000187919,4.19407791557793,4.18745441953141,4.18408018670134,4.18408018670134,4.18408018670134,4.18408018670134
1926,4.25655205747788,4.21341530729723,4.21005557750688,4.20212227935512,4.19408088813038,4.18745772256562,4.18407904191672,4.18407904191672,4.18407904191672,4.18407904191672
1927,4.25654987145631,4.21341419457936,4.21005490509381,4.20212455449554,4.19408385834587,4.18746102390673,4.18407789803059,4.1840778980306,4.18407789803059,4.18407789803059
1928,4.25654768714876,4.21341308259667,4.21005423299857,4.202126827305,4.1940868262285,4.18746432355706,4.18407675504136,4.18407675504136,4.18407675504136,4.18407675504136
1929,4.25654550455219,4.21341197134792,4.21005356122078,4.20212909778805,4.19408979178242,4.1874676215189,4.18407561294744,4.18407561294743,4.18407561294743,4.18407561294743
1930,4.25654332366355,4.21341086083196,4.21005288976005,4.20213136594925,4.19409275501171,4.18747091779456,4.18407447174723,4.18407447174723,4.18407447174723,4.18407447174723
1931,4.25654114447983,4.21340975104761,4.21005221861596,4.20213363179312,4.19409571592049,4.18747421238634,4.18407333143916,4.18407333143916,4.18407333143916,4.18407333143916
1932,4.25653896699802,4.21340864199366,4.21005154778814,4.20213589532418,4.19409867451284,4.18747750529653,4.18407219202166,4.18407219202166,4.18407219202166,4.18407219202166
1933,4.2565367912151,4.21340753366895,4.2100508772762,4.20213815654696,4.19410163079284,4.18748079652742,4.18407105349313,4.18407105349313,4.18407105349313,4.18407105349313
1934,4.25653461712808,4.21340642607229,4.21005020707974,4.20214041546595,4.19410458476455,4.18748408608129,4.18406991585203,4.18406991585202,4.18406991585203,4.18406991585203
1935,4.25653244473394,4.21340531920251,4.21004953719838,4.20214267208564,4.19410753643206,4.18748737396043,4.18406877909676,4.18406877909676,4.18406877909676,4.18406877909676
1936,4.2565302740297,4.21340421305846,4.21004886763172,4.20214492641051,4.19411048579941,4.1874906601671,4.18406764322578,4.18406764322577,4.18406764322578,4.18406764322578
1937,4.25652810501237,4.21340310763894,4.21004819837939,4.20214717844505,4.19411343287064,4.18749394470359,4.18406650823751,4.18406650823751,4.18406650823751,4.18406650823751
1938,4.25652593767899,4.2134020029428,4.21004752944097,4.20214942819371,4.19411637764979,4.18749722757216,4.18406537413039,4.1840653741304,4.1840653741304,4.1840653741304
1939,4.25652377202656,4.21340089896886,4.21004686081612,4.20215167566093,4.1941193201409,4.18750050877507,4.18406424090289,4.18406424090289,4.18406424090289,4.18406424090289
1940,4.25652160805215,4.21339979571597,4.2100461925044,4.20215392085117,4.19412226034798,4.18750378831458,4.18406310855344,4.18406310855343,4.18406310855344,4.18406310855344
1941,4.25651944575277,4.21339869318297,4.21004552450547,4.20215616376885,4.19412519827505,4.18750706619295,4.18406197708049,4.18406197708049,4.18406197708049,4.18406197708049
1942,4.25651728512547,4.2133975913687,4.21004485681892,4.20215840441841,4.1941281339261,4.18751034241243,4.18406084648249,4.1840608464825,4.18406084648249,4.18406084648249
1943,4.25651512616732,4.213396490272,4.21004418944436,4.20216064280424,4.19413106730514,4.18751361697525,4.18405971675792,4.18405971675792,4.18405971675792,4.18405971675792
1944,4.25651296887538,4.21339538989172,4.21004352238143,4.20216287893075,4.19413399841614,4.18751688988368,4.18405858790523,4.18405858790523,4.18405858790523,4.18405858790523
1945,4.25651081324669,4.21339429022672,4.21004285562974,4.20216511280233,4.19413692726308,4.18752016113994,4.18405745992287,4.18405745992288,4.18405745992287,4.18405745992287
1946,4.25650865927836,4.21339319127583,4.21004218918889,4.20216734442337,4.19413985384995,4.18752343074627,4.18405633280934,4.18405633280934,4.18405633280934,4.18405633280934
1947,4.25650650696745,4.21339209303792,4.21004152305851,4.20216957379822,4.19414277818068,4.18752669870489,4.18405520656308,4.18405520656308,4.18405520656308,4.18405520656308
1948,4.25650435631104,4.21339099551184,4.21004085723822,4.20217180093127,4.19414570025924,4.18752996501804,4.18405408118259,4.18405408118259,4.18405408118259,4.18405408118259
1949,4.25650220730623,4.21338989869646,4.21004019172763,4.20217402582686,4.19414862008957,4.18753322968793,4.18405295666633,4.18405295666633,4.18405295666633,4.18405295666633
1950,4.25650005995013,4.21338880259063,4.21003952652637,4.20217624848933,4.1941515376756,4.18753649271678,4.18405183301279,4.18405183301279,4.18405183301279,4.18405183301279
1951,4.25649791423982,4.21338770719321,4.21003886163406,4.20217846892301,4.19415445302127,4.1875397541068,4.18405071022046,4.18405071022046,4.18405071022046,4.18405071022046
1952,4.25649577017243,4.21338661250307,4.21003819705033,4.20218068713223,4.19415736613048,4.18754301386021,4.18404958828782,4.18404958828782,4.18404958828782,4.18404958828782
1953,4.25649362774507,4.21338551851908,4.21003753277477,4.2021829031213,4.19416027700714,4.18754627197921,4.18404846721335,4.18404846721336,4.18404846721336,4.18404846721336
1954,4.25649148695486,4.21338442524011,4.21003686880703,4.20218511689452,4.19416318565517,4.18754952846599,4.18404734699558,4.18404734699558,4.18404734699558,4.18404734699558
1955,4.25648934779895,4.21338333266502,4.21003620514673,4.20218732845618,4.19416609207845,4.18755278332275,4.18404622763298,4.18404622763298,4.18404622763298,4.18404622763298
1956,4.25648721027444,4.21338224079272,4.21003554179348,4.20218953781058,4.19416899628088,4.18755603655169,4.18404510912405,4.18404510912405,4.18404510912405,4.18404510912405
1957,4.2564850743785,4.21338114962205,4.21003487874692,4.20219174496198,4.1941718982663,4.187559288155,4.18404399146731,4.18404399146731,4.18404399146731,4.18404399146731
1958,4.25648294010827,4.21338005915191,4.21003421600667,4.20219394991464,4.19417479803862,4.18756253813485,4.18404287466126,4.18404287466126,4.18404287466126,4.18404287466126
1959,4.2564808074609,4.21337896938117,4.21003355357236,4.20219615267284,4.19417769560167,4.18756578649343,4.18404175870441,4.18404175870441,4.18404175870441,4.18404175870441
1960,4.25647867643357,4.21337788030872,4.21003289144359,4.2021983532408,4.19418059095932,4.18756903323291,4.18404064359527,4.18404064359527,4.18404064359527,4.18404064359527
1961,4.25647654702342,4.21337679193344,4.21003222962002,4.20220055162275,4.1941834841154,4.18757227835547,4.18403952933237,4.18403952933237,4.18403952933237,4.18403952933237
1962,4.25647441922764,4.21337570425423,4.21003156810126,4.20220274782295,4.19418637507375,4.18757552186327,4.18403841591422,4.18403841591422,4.18403841591422,4.18403841591422
1963,4.25647229304339,4.21337461726998,4.21003090688695,4.20220494184559,4.1941892638382,4.18757876375847,4.18403730333935,4.18403730333935,4.18403730333935,4.18403730333935
1964,4.25647016846788,4.21337353097958,4.2100302459767,4.20220713369488,4.19419215041258,4.18758200404324,4.18403619160629,4.18403619160628,4.18403619160628,4.18403619160628
1965,4.25646804549829,4.21337244538192,4.21002958537015,4.20220932337502,4.19419503480069,4.18758524271972,4.18403508071355,4.18403508071355,4.18403508071355,4.18403508071355
1966,4.25646592413181,4.2133713604759,4.21002892506694,4.20221151089022,4.1941979170063,4.18758847979009,4.18403397065969,4.18403397065969,4.18403397065969,4.18403397065969
1967,4.25646380436565,4.21337027626042,4.21002826506669,4.20221369624462,4.19420079703326,4.18759171525647,4.18403286144323,4.18403286144322,4.18403286144323,4.18403286144323
1968,4.25646168619703,4.21336919273439,4.21002760536902,4.2022158794424,4.19420367488532,4.18759494912101,4.18403175306271,4.18403175306271,4.18403175306271,4.18403175306271
1969,4.25645956962314,4.21336810989671,4.21002694597358,4.20221806048774,4.19420655056627,4.18759818138585,4.18403064551668,4.18403064551668,4.18403064551668,4.18403064551668
1970,4.25645745464123,4.21336702774627,4.21002628687999,4.20222023938478,4.19420942407988,4.18760141205312,4.18402953880368,4.18402953880368,4.18402953880368,4.18402953880368
1971,4.25645534124851,4.21336594628201,4.21002562808789,4.20222241613765,4.19421229542991,4.18760464112496,4.18402843292227,4.18402843292226,4.18402843292227,4.18402843292227
1972,4.25645322944221,4.21336486550283,4.21002496959692,4.2022245907505,4.19421516462011,4.1876078686035,4.18402732787099,4.18402732787099,4.18402732787099,4.18402732787099
1973,4.25645111921958,4.21336378540762,4.21002431140671,4.20222676322743,4.19421803165423,4.18761109449085,4.1840262236484,4.1840262236484,4.1840262236484,4.1840262236484
1974,4.25644901057786,4.21336270599533,4.21002365351687,4.20222893357258,4.19422089653602,4.18761431878913,4.18402512025305,4.18402512025305,4.18402512025305,4.18402512025305
1975,4.2564469035143,4.21336162726485,4.21002299592707,4.20223110179004,4.19422375926919,4.18761754150047,4.18402401768352,4.18402401768352,4.18402401768352,4.18402401768352
1976,4.25644479802617,4.21336054921512,4.21002233863693,4.2022332678839,4.19422661985747,4.18762076262696,4.18402291593836,4.18402291593836,4.18402291593836,4.18402291593836
1977,4.25644269411072,4.21335947184505,4.21002168164609,4.20223543185826,4.19422947830457,4.18762398217072,4.18402181501615,4.18402181501615,4.18402181501615,4.18402181501615
1978,4.25644059176522,4.21335839515356,4.21002102495419,4.20223759371718,4.19423233461421,4.18762720013385,4.18402071491545,4.18402071491545,4.18402071491545,4.18402071491545
1979,4.25643849098694,4.2133573191396,4.21002036856086,4.20223975346473,4.19423518879008,4.18763041651845,4.18401961563483,4.18401961563483,4.18401961563483,4.18401961563483
1980,4.25643639177318,4.21335624380209,4.21001971246574,4.20224191110499,4.19423804083586,4.18763363132662,4.18401851717288,4.18401851717288,4.18401851717288,4.18401851717288
1981,4.25643429412121,4.21335516913994,4.21001905666847,4.20224406664199,4.19424089075524,4.18763684456043,4.18401741952818,4.18401741952818,4.18401741952818,4.18401741952818
1982,4.25643219802832,4.21335409515211,4.2100184011687,4.20224622007976,4.1942437385519,4.18764005622199,4.18401632269931,4.1840163226993,4.1840163226993,4.1840163226993
1983,4.25643010349182,4.21335302183751,4.21001774596605,4.20224837142236,4.1942465842295,4.18764326631338,4.18401522668484,4.18401522668484,4.18401522668484,4.18401522668484
1984,4.25642801050901,4.2133519491951,4.21001709106018,4.20225052067378,4.19424942779171,4.18764647483667,4.18401413148339,4.18401413148339,4.18401413148339,4.18401413148339
1985,4.25642591907721,4.21335087722381,4.21001643645072,4.20225266783806,4.19425226924216,4.18764968179394,4.18401303709352,4.18401303709352,4.18401303709352,4.18401303709352
1986,4.25642382919371,4.21334980592258,4.21001578213733,4.20225481291919,4.19425510858451,4.18765288718726,4.18401194351386,4.18401194351386,4.18401194351386,4.18401194351386
1987,4.25642174085586,4.21334873529036,4.21001512811962,4.20225695592116,4.19425794582239,4.1876560910187,4.18401085074298,4.18401085074298,4.18401085074298,4.18401085074298
1988,4.25641965406097,4.2133476653261,4.21001447439727,4.20225909684796,4.19426078095944,4.18765929329031,4.18400975877949,4.18400975877949,4.18400975877949,4.18400975877949
1989,4.25641756880638,4.21334659602873,4.21001382096989,4.20226123570357,4.19426361399926,4.18766249400417,4.184008667622,4.184008667622,4.184008667622,4.184008667622
1990,4.25641548508942,4.21334552739722,4.21001316783715,4.20226337249197,4.19426644494547,4.18766569316232,4.18400757726911,4.18400757726911,4.18400757726911,4.18400757726911
1991,4.25641340290745,4.21334445943052,4.21001251499868,4.2022655072171,4.19426927380168,4.18766889076682,4.18400648771944,4.18400648771944,4.18400648771944,4.18400648771944
1992,4.2564113222578,4.21334339212758,4.21001186245413,4.2022676398829,4.19427210057149,4.18767208681972,4.18400539897159,4.18400539897159,4.18400539897159,4.18400539897159
1993,4.25640924313784,4.21334232548735,4.21001121020316,4.20226977049335,4.19427492525847,4.18767528132306,4.18400431102419,4.18400431102419,4.18400431102419,4.18400431102419
1994,4.25640716554494,4.21334125950879,4.2100105582454,4.20227189905235,4.19427774786622,4.18767847427888,4.18400322387586,4.18400322387586,4.18400322387586,4.18400322387586
1995,4.25640508947645,4.21334019419088,4.21000990658049,4.20227402556384,4.1942805683983,4.18768166568921,4.1840021375252,4.18400213752521,4.18400213752521,4.18400213752521
1996,4.25640301492975,4.21333912953256,4.21000925520811,4.20227615003172,4.19428338685829,4.18768485555609,4.18400105197087,4.18400105197087,4.18400105197087,4.18400105197087
1997,4.25640094190222,4.21333806553281,4.21000860412788,4.20227827245991,4.19428620324975,4.18768804388155,4.18399996721147,4.18399996721147,4.18399996721147,4.18399996721147
1998,4.25639887039124,4.2133370021906,4.21000795333946,4.2022803928523,4.19428901757621,4.18769123066761,4.18399888324564,4.18399888324564,4.18399888324564,4.18399888324564
1999,4.25639680039421,4.21333593950489,4.2100073028425,4.20228251121278,4.19429182984123,4.18769441591629,4.18399780007202,4.18399780007202,4.18399780007202,4.18399780007202
2000,4.25639473190851,4.21333487747466,4.21000665263664,4.20228462754524,4.19429464004835,4.18769759962962,4.18399671768924,4.18399671768925,4.18399671768925,4.18399671768925
2001,4.25639266493157,4.21333381609886,4.21000600272156,4.20228674185353,4.19429744820108,4.18770078180959,4.18399563609595,4.18399563609595,4.18399563609595,4.18399563609595
2002,4.25639059946077,4.21333275537651,4.21000535309688,4.20228885414153,4.19430025430296,4.18770396245822,4.18399455529079,4.18399455529078,4.18399455529079,4.18399455529079
2003,4.25638853549352,4.21333169530655,4.21000470376226,4.20229096441308,4.19430305835749,4.18770714157752,4.18399347527239,4.18399347527239,4.18399347527239,4.18399347527239
2004,4.25638647302726,4.21333063588798,4.21000405471737,4.20229307267204,4.1943058603682,4.18771031916949,4.18399239603942,4.18399239603942,4.18399239603942,4.18399239603942
2005,4.2563844120594,4.21332957711977,4.21000340596184,4.20229517892225,4.19430866033855,4.18771349523613,4.18399131759052,4.18399131759052,4.18399131759052,4.18399131759052
2006,4.25638235258736,4.21332851900092,4.21000275749534,4.20229728316751,4.19431145827206,4.18771666977942,4.18399023992435,4.18399023992435,4.18399023992435,4.18399023992435
2007,4.2563802946086,4.21332746153039,4.21000210931753,4.20229938541167,4.19431425417221,4.18771984280136,4.18398916303956,4.18398916303956,4.18398916303956,4.18398916303956
2008,4.25637823812054,4.2133264047072,4.21000146142803,4.20230148565852,4.19431704804246,4.18772301430394,4.18398808693482,4.18398808693482,4.18398808693482,4.18398808693482
2009,4.25637618312063,4.21332534853032,4.21000081382655,4.20230358391187,4.1943198398863,4.18772618428915,4.1839870116088,4.1839870116088,4.1839870116088,4.1839870116088
2010,4.25637412960633,4.21332429299875,4.2100001665127,4.20230568017552,4.19432262970718,4.18772935275895,4.18398593706014,4.18398593706014,4.18398593706014,4.18398593706014
2011,4.25637207757509,4.21332323811148,4.20999951948616,4.20230777445326,4.19432541750855,4.18773251971533,4.18398486328753,4.18398486328754,4.18398486328754,4.18398486328754
2012,4.25637002702437,4.21332218386751,4.20999887274658,4.20230986674886,4.19432820329386,4.18773568516024,4.18398379028965,4.18398379028965,4.18398379028965,4.18398379028965
2013,4.25636797795164,4.21332113026585,4.20999822629362,4.20231195706607,4.19433098706655,4.18773884909568,4.18398271806515,4.18398271806515,4.18398271806515,4.18398271806515
2014,4.25636593035438,4.21332007730548,4.20999758012694,4.20231404540867,4.19433376883006,4.18774201152358,4.18398164661273,4.18398164661272,4.18398164661272,4.18398164661272
2015,4.25636388423005,4.21331902498542,4.2099969342462,4.20231613178042,4.1943365485878,4.18774517244592,4.18398057593105,4.18398057593105,4.18398057593105,4.18398057593105
2016,4.25636183957616,4.21331797330465,4.20999628865106,4.20231821618504,4.1943393263432,4.18774833186466,4.1839795060188,4.18397950601881,4.18397950601881,4.18397950601881
2017,4.25635979639018,4.21331692226222,4.20999564334118,4.20232029862629,4.19434210209966,4.18775148978174,4.18397843687468,4.18397843687469,4.18397843687468,4.18397843687468
2018,4.2563577546696,4.2133158718571,4.20999499831622,4.20232237910787,4.19434487586059,4.18775464619912,4.18397736849737,4.18397736849737,4.18397736849737,4.18397736849737
2019,4.25635571441194,4.21331482208831,4.20999435357585,4.20232445763352,4.19434764762938,4.18775780111874,4.18397630088557,4.18397630088556,4.18397630088556,4.18397630088556
2020,4.2563536756147,4.21331377295488,4.20999370911971,4.20232653420694,4.19435041740942,4.18776095454254,4.18397523403795,4.18397523403795,4.18397523403795,4.18397523403795
2021,4.25635163827538,4.2133127244558,4.2099930649475,4.20232860883183,4.1943531852041,4.18776410647245,4.18397416795323,4.18397416795323,4.18397416795323,4.18397416795323
2022,4.25634960239151,4.21331167659012,4.20999242105884,4.20233068151189,4.19435595101679,4.18776725691043,4.18397310263011,4.18397310263011,4.18397310263011,4.18397310263011
2023,4.2563475679606,4.21331062935682,4.20999177745343,4.2023327522508,4.19435871485084,4.18777040585838,4.18397203806728,4.18397203806728,4.18397203806728,4.18397203806728
2024,4.25634553498018,4.21330958275495,4.20999113413092,4.20233482105224,4.19436147670963,4.18777355331825,4.18397097426346,4.18397097426346,4.18397097426346,4.18397097426346
2025,4.25634350344779,4.21330853678353,4.20999049109096,4.20233688791989,4.1943642365965,4.18777669929195,4.18396991121735,4.18396991121734,4.18396991121735,4.18396991121735
2026,4.25634147336096,4.21330749144156,4.20998984833325,4.20233895285739,4.19436699451481,4.1877798437814,4.18396884892766,4.18396884892766,4.18396884892766,4.18396884892766
2027,4.25633944471723,4.2133064467281,4.20998920585743,4.2023410158684,4.19436975046788,4.18778298678853,4.18396778739311,4.18396778739311,4.18396778739311,4.18396778739311
2028,4.25633741751416,4.21330540264216,4.20998856366318,4.20234307695656,4.19437250445905,4.18778612831523,4.18396672661241,4.18396672661241,4.18396672661241,4.18396672661241
2029,4.2563353917493,4.21330435918278,4.20998792175015,4.20234513612553,4.19437525649164,4.18778926836344,4.18396566658429,4.18396566658429,4.18396566658429,4.18396566658429
2030,4.2563333674202,4.21330331634899,4.20998728011802,4.20234719337891,4.19437800656898,4.18779240693503,4.18396460730747,4.18396460730747,4.18396460730747,4.18396460730747
2031,4.25633134452443,4.21330227413982,4.20998663876648,4.20234924872032,4.19438075469436,4.18779554403191,4.18396354878067,4.18396354878067,4.18396354878067,4.18396354878067
2032,4.25632932305955,4.21330123255432,4.20998599769516,4.2023513021534,4.1943835008711,4.18779867965599,4.18396249100262,4.18396249100262,4.18396249100262,4.18396249100262
2033,4.25632730302316,4.21330019159151,4.20998535690376,4.20235335368173,4.19438624510248,4.18780181380916,4.18396143397205,4.18396143397205,4.18396143397205,4.18396143397205
2034,4.25632528441281,4.21329915125045,4.20998471639194,4.20235540330891,4.19438898739181,4.1878049464933,4.1839603776877,4.1839603776877,4.1839603776877,4.1839603776877
2035,4.25632326722609,4.21329811153017,4.20998407615937,4.20235745103853,4.19439172774235,4.18780807771032,4.18395932214829,4.18395932214829,4.18395932214829,4.18395932214829
2036,4.25632125146062,4.21329707242972,4.20998343620571,4.20235949687417,4.19439446615738,4.18781120746208,4.18395826735258,4.18395826735258,4.18395826735258,4.18395826735258
2037,4.25631923711396,4.21329603394815,4.20998279653065,4.20236154081941,4.19439720264019,4.18781433575046,4.1839572132993,4.1839572132993,4.1839572132993,4.1839572132993
2038,4.25631722418372,4.2132949960845,4.20998215713386,4.20236358287779,4.19439993719401,4.18781746257736,4.18395615998719,4.18395615998719,4.18395615998719,4.18395615998719
2039,4.2563152126675,4.21329395883783,4.20998151801501,4.20236562305289,4.1944026698221,4.18782058794462,4.18395510741501,4.18395510741501,4.18395510741501,4.18395510741501
2040,4.25631320256294,4.21329292220718,4.20998087917378,4.20236766134826,4.19440540052772,4.18782371185414,4.1839540555815,4.1839540555815,4.1839540555815,4.1839540555815
2041,4.25631119386762,4.21329188619162,4.20998024060983,4.20236969776742,4.19440812931411,4.18782683430776,4.18395300448541,4.18395300448541,4.18395300448541,4.18395300448541
2042,4.25630918657918,4.2132908507902,4.20997960232285,4.20237173231391,4.19441085618448,4.18782995530735,4.18395195412551,4.1839519541255,4.18395195412551,4.18395195412551
2043,4.25630718069524,4.21328981600198,4.20997896431249,4.20237376499127,4.19441358114209,4.18783307485478,4.18395090450054,4.18395090450054,4.18395090450054,4.18395090450054
2044,4.25630517621343,4.21328878182602,4.20997832657847,4.20237579580299,4.19441630419014,4.18783619295189,4.18394985560927,4.18394985560927,4.18394985560927,4.18394985560927
2045,4.25630317313139,4.21328774826138,4.20997768912043,4.2023778247526,4.19441902533184,4.18783930960054,4.18394880745046,4.18394880745046,4.18394880745046,4.18394880745046
2046,4.25630117144676,4.21328671530711,4.20997705193806,4.20237985184359,4.1944217445704,4.18784242480257,4.18394776002287,4.18394776002287,4.18394776002287,4.18394776002287
2047,4.2562991711572,4.21328568296231,4.20997641503104,4.20238187707946,4.19442446190902,4.18784553855982,4.18394671332529,4.18394671332529,4.18394671332529,4.18394671332529
2048,4.25629717226032,4.21328465122603,4.20997577839904,4.2023839004637,4.19442717735089,4.18784865087415,4.18394566735647,4.18394566735646,4.18394566735647,4.18394566735647
2049,4.25629517475382,4.21328362009734,4.20997514204175,4.20238592199977,4.1944298908992,4.18785176174738,4.18394462211518,4.18394462211519,4.18394462211518,4.18394462211518
2050,4.25629317863535,4.2132825895753,4.20997450595885,4.20238794169115,4.19443260255713,4.18785487118135,4.18394357760022,4.18394357760022,4.18394357760022,4.18394357760022
2051,4.25629118390256,4.213281559659,4.20997387015,4.20238995954131,4.19443531232785,4.18785797917788,4.18394253381035,4.18394253381035,4.18394253381035,4.18394253381035
2052,4.25628919055313,4.21328053034752,4.20997323461491,4.2023919755537,4.19443802021451,4.18786108573882,4.18394149074436,4.18394149074435,4.18394149074436,4.18394149074436
2053,4.25628719858475,4.21327950163992,4.20997259935323,4.20239398973175,4.19444072622029,4.18786419086597,4.18394044840102,4.18394044840102,4.18394044840102,4.18394044840102
2054,4.25628520799508,4.2132784735353,4.20997196436467,4.20239600207892,4.19444343034834,4.18786729456115,4.18393940677914,4.18393940677914,4.18393940677914,4.18393940677914
2055,4.25628321878182,4.21327744603271,4.2099713296489,4.20239801259864,4.19444613260179,4.18787039682619,4.18393836587749,4.18393836587749,4.18393836587749,4.18393836587749
2056,4.25628123094267,4.21327641913126,4.2099706952056,4.20240002129433,4.19444883298379,4.1878734976629,4.18393732569487,4.18393732569486,4.18393732569486,4.18393732569486
2057,4.2562792444753,4.21327539283004,4.20997006103445,4.20240202816941,4.19445153149747,4.18787659707307,4.18393628623007,4.18393628623006,4.18393628623007,4.18393628623007
2058,4.25627725937743,4.21327436712812,4.20996942713514,4.20240403322727,4.19445422814595,4.18787969505854,4.18393524748189,4.18393524748189,4.18393524748189,4.18393524748189
2059,4.25627527564676,4.21327334202459,4.20996879350736,4.20240603647134,4.19445692293235,4.18788279162109,4.18393420944913,4.18393420944913,4.18393420944913,4.18393420944913
2060,4.25627329328101,4.21327231751855,4.2099681601508,4.20240803790499,4.19445961585978,4.18788588676251,4.18393317213059,4.18393317213059,4.18393317213059,4.18393317213059
2061,4.25627131227788,4.21327129360908,4.20996752706512,4.20241003753162,4.19446230693136,4.18788898048461,4.18393213552508,4.18393213552508,4.18393213552508,4.18393213552508
2062,4.2562693326351,4.21327027029529,4.20996689425004,4.20241203535461,4.19446499615017,4.18789207278918,4.1839310996314,4.1839310996314,4.1839310996314,4.1839310996314
2063,4.25626735435039,4.21326924757627,4.20996626170521,4.20241403137732,4.19446768351931,4.18789516367801,4.18393006444837,4.18393006444837,4.18393006444837,4.18393006444837
2064,4.2562653774215,4.2132682254511,4.20996562943035,4.20241602560312,4.19447036904186,4.18789825315288,4.1839290299748,4.1839290299748,4.1839290299748,4.1839290299748
2065,4.25626340184614,4.21326720391891,4.20996499742512,4.20241801803537,4.19447305272092,4.18790134121557,4.18392799620949,4.18392799620949,4.18392799620949,4.18392799620949
2066,4.25626142762206,4.21326618297878,4.20996436568925,4.20242000867742,4.19447573455953,4.18790442786786,4.18392696315128,4.18392696315128,4.18392696315128,4.18392696315128
2067,4.25625945474701,4.21326516262984,4.20996373422237,4.20242199753259,4.19447841456078,4.18790751311154,4.18392593079897,4.18392593079897,4.18392593079897,4.18392593079897
2068,4.25625748321874,4.21326414287115,4.20996310302422,4.20242398460424,4.19448109272771,4.18791059694835,4.1839248991514,4.18392489915139,4.18392489915139,4.18392489915139
2069,4.25625551303499,4.21326312370186,4.20996247209447,4.20242596989569,4.1944837690634,4.18791367938009,4.18392386820737,4.18392386820738,4.18392386820738,4.18392386820738
2070,4.25625354419354,4.21326210512107,4.2099618414328,4.20242795341026,4.19448644357087,4.1879167604085,4.18392283796574,4.18392283796574,4.18392283796574,4.18392283796574
2071,4.25625157669214,4.21326108712788,4.20996121103892,4.20242993515125,4.19448911625317,4.18791984003535,4.18392180842532,4.18392180842532,4.18392180842532,4.18392180842532
2072,4.25624961052857,4.21326006972139,4.20996058091252,4.20243191512198,4.19449178711334,4.18792291826241,4.18392077958495,4.18392077958495,4.18392077958495,4.18392077958495
2073,4.25624764570059,4.21325905290076,4.20995995105328,4.20243389332573,4.19449445615439,4.18792599509142,4.18391975144346,4.18391975144346,4.18391975144346,4.18391975144346
2074,4.25624568220599,4.21325803666507,4.2099593214609,4.20243586976581,4.19449712337936,4.18792907052413,4.18391872399969,4.18391872399969,4.18391872399969,4.18391872399969
2075,4.25624372004255,4.21325702101343,4.20995869213507,4.20243784444549,4.19449978879125,4.1879321445623,4.18391769725248,4.18391769725248,4.18391769725248,4.18391769725248
2076,4.25624175920805,4.213256005945,4.20995806307549,4.20243981736805,4.19450245239308,4.18793521720766,4.18391667120067,4.18391667120067,4.18391667120067,4.18391667120067
2077,4.2562397997003,4.21325499145887,4.20995743428185,4.20244178853676,4.19450511418784,4.18793828846196,4.1839156458431,4.18391564584311,4.18391564584311,4.18391564584311
2078,4.25623784151708,4.21325397755416,4.20995680575385,4.20244375795487,4.19450777417854,4.18794135832694,4.18391462117864,4.18391462117864,4.18391462117864,4.18391462117864
2079,4.25623588465621,4.21325296423003,4.20995617749117,4.20244572562565,4.19451043236814,4.18794442680433,4.18391359720612,4.18391359720612,4.18391359720612,4.18391359720612
2080,4.25623392911547,4.21325195148557,4.20995554949353,4.20244769155233,4.19451308875966,4.18794749389586,4.1839125739244,4.18391257392439,4.18391257392439,4.18391257392439
2081,4.2562319748927,4.21325093931993,4.20995492176062,4.20244965573815,4.19451574335605,4.18795055960326,4.18391155133232,4.18391155133232,4.18391155133232,4.18391155133232
2082,4.25623002198571,4.21324992773224,4.20995429429211,4.20245161818637,4.19451839616027,4.18795362392826,4.18391052942876,4.18391052942876,4.18391052942876,4.18391052942876
2083,4.25622807039231,4.21324891672162,4.20995366708773,4.20245357890019,4.19452104717532,4.18795668687256,4.18390950821257,4.18390950821257,4.18390950821257,4.18390950821257
2084,4.25622612011033,4.21324790628722,4.20995304014717,4.20245553788282,4.19452369640413,4.1879597484379,4.18390848768261,4.18390848768261,4.18390848768261,4.18390848768261
2085,4.25622417113761,4.21324689642815,4.20995241347013,4.20245749513749,4.19452634384966,4.18796280862598,4.18390746783775,4.18390746783774,4.18390746783774,4.18390746783774
2086,4.25622222347197,4.21324588714359,4.20995178705629,4.2024594506674,4.19452898951485,4.18796586743853,4.18390644867684,4.18390644867684,4.18390644867684,4.18390644867684
2087,4.25622027711126,4.21324487843263,4.20995116090537,4.20246140447574,4.19453163340265,4.18796892487724,4.18390543019878,4.18390543019877,4.18390543019877,4.18390543019877
2088,4.25621833205332,4.21324387029446,4.20995053501707,4.2024633565657,4.19453427551597,4.18797198094383,4.18390441240241,4.18390441240241,4.18390441240241,4.18390441240241
2089,4.256216388296,4.21324286272819,4.20994990939109,4.20246530694048,4.19453691585776,4.18797503563998,4.18390339528663,4.18390339528663,4.18390339528663,4.18390339528663
2090,4.25621444583714,4.21324185573298,4.20994928402711,4.20246725560323,4.19453955443093,4.18797808896741,4.1839023788503,4.1839023788503,4.1839023788503,4.1839023788503
2091,4.25621250467464,4.21324084930796,4.20994865892487,4.20246920255713,4.19454219123838,4.18798114092781,4.1839013630923,4.18390136309231,4.1839013630923,4.1839013630923
2092,4.25621056480631,4.2132398434523,4.20994803408404,4.20247114780534,4.19454482628304,4.18798419152286,4.18390034801153,4.18390034801153,4.18390034801153,4.18390034801153
2093,4.25620862623004,4.21323883816514,4.20994740950433,4.20247309135102,4.1945474595678,4.18798724075426,4.18389933360685,4.18389933360685,4.18389933360685,4.18389933360685
2094,4.25620668894371,4.21323783344562,4.20994678518546,4.20247503319731,4.19455009109556,4.18799028862368,4.18389831987716,4.18389831987716,4.18389831987716,4.18389831987716
2095,4.25620475294519,4.21323682929292,4.20994616112711,4.20247697334736,4.1945527208692,4.18799333513283,4.18389730682135,4.18389730682135,4.18389730682135,4.18389730682135
2096,4.25620281823235,4.21323582570618,4.20994553732901,4.20247891180429,4.19455534889161,4.18799638028337,4.1838962944383,4.1838962944383,4.1838962944383,4.1838962944383
2097,4.2562008848031,4.21323482268455,4.20994491379084,4.20248084857124,4.19455797516566,4.18799942407697,4.18389528272691,4.18389528272691,4.18389528272691,4.18389528272691
2098,4.2561989526553,4.21323382022721,4.20994429051231,4.20248278365133,4.19456059969423,4.18800246651532,4.18389427168607,4.18389427168608,4.18389427168608,4.18389427168608
2099,4.25619702178685,4.2132328183333,4.20994366749315,4.20248471704766,4.19456322248018,4.18800550760007,4.1838932613147,4.1838932613147,4.1838932613147,4.1838932613147
2100,4.25619509219568,4.21323181700198,4.20994304473304,4.20248664876334,4.19456584352637,4.1880085473329,4.18389225161167,4.18389225161167,4.18389225161167,4.18389225161167
2101,4.25619316387966,4.21323081623243,4.20994242223171,4.20248857880147,4.19456846283565,4.18801158571546,4.1838912425759,4.1838912425759,4.1838912425759,4.1838912425759
2102,4.2561912368367,4.21322981602382,4.20994179998884,4.20249050716516,4.19457108041087,4.18801462274944,4.18389023420629,4.1838902342063,4.18389023420629,4.18389023420629
2103,4.25618931106472,4.2132288163753,4.20994117800416,4.20249243385747,4.19457369625487,4.18801765843645,4.18388922650175,4.18388922650176,4.18388922650176,4.18388922650176
2104,4.25618738656165,4.21322781728604,4.20994055627737,4.20249435888149,4.19457631037048,4.18802069277818,4.1838882194612,4.1838882194612,4.1838882194612,4.1838882194612
2105,4.25618546332539,4.21322681875522,4.20993993480817,4.20249628224029,4.19457892276053,4.18802372577627,4.18388721308353,4.18388721308353,4.18388721308353,4.18388721308353
2106,4.25618354135387,4.21322582078201,4.20993931359629,4.20249820393694,4.19458153342784,4.18802675743235,4.18388620736767,4.18388620736767,4.18388620736767,4.18388620736767
2107,4.25618162064502,4.21322482336559,4.20993869264144,4.2025001239745,4.19458414237524,4.18802978774809,4.18388520231253,4.18388520231253,4.18388520231253,4.18388520231253
2108,4.25617970119679,4.21322382650513,4.2099380719433,4.20250204235601,4.19458674960552,4.18803281672512,4.18388419791704,4.18388419791703,4.18388419791704,4.18388419791704
2109,4.25617778300709,4.2132228301998,4.20993745150162,4.20250395908452,4.1945893551215,4.18803584436507,4.1838831941801,4.1838831941801,4.1838831941801,4.1838831941801
2110,4.25617586607389,4.21322183444878,4.20993683131608,4.20250587416308,4.19459195892597,4.18803887066958,4.18388219110065,4.18388219110065,4.18388219110065,4.18388219110065
2111,4.25617395039512,4.21322083925126,4.20993621138642,4.2025077875947,4.19459456102173,4.18804189564029,4.18388118867762,4.18388118867762,4.18388118867762,4.18388118867762
2112,4.25617203596874,4.21321984460642,4.20993559171234,4.20250969938242,4.19459716141156,4.18804491927881,4.18388018690993,4.18388018690993,4.18388018690993,4.18388018690993
2113,4.2561701227927,4.21321885051344,4.20993497229355,4.20251160952926,4.19459976009826,4.18804794158678,4.1838791857965,4.1838791857965,4.1838791857965,4.1838791857965
2114,4.25616821086497,4.21321785697152,4.20993435312976,4.20251351803822,4.19460235708457,4.18805096256582,4.18387818533628,4.18387818533628,4.18387818533628,4.18387818533628
2115,4.25616630018351,4.21321686397983,4.20993373422069,4.20251542491232,4.19460495237329,4.18805398221754,4.18387718552821,4.18387718552821,4.18387718552821,4.18387718552821
2116,4.25616439074629,4.21321587153756,4.20993311556606,4.20251733015454,4.19460754596717,4.18805700054356,4.1838761863712,4.1838761863712,4.1838761863712,4.1838761863712
2117,4.25616248255128,4.21321487964391,4.20993249716559,4.20251923376789,4.19461013786896,4.1880600175455,4.18387518786422,4.18387518786422,4.18387518786422,4.18387518786422
2118,4.25616057559646,4.21321388829807,4.20993187901898,4.20252113575535,4.19461272808143,4.18806303322495,4.18387419000619,4.18387419000619,4.18387419000619,4.18387419000619
2119,4.25615866987981,4.21321289749925,4.20993126112595,4.20252303611989,4.19461531660731,4.18806604758354,4.18387319279606,4.18387319279606,4.18387319279606,4.18387319279606
2120,4.25615676539932,4.21321190724661,4.20993064348623,4.20252493486449,4.19461790344935,4.18806906062286,4.18387219623279,4.18387219623279,4.18387219623279,4.18387219623279
2121,4.25615486215298,4.21321091753937,4.20993002609952,4.20252683199211,4.19462048861028,4.18807207234451,4.18387120031531,4.18387120031531,4.18387120031531,4.18387120031531
2122,4.25615296013878,4.21320992837673,4.20992940896555,4.20252872750572,4.19462307209283,4.18807508275009,4.18387020504258,4.18387020504257,4.18387020504257,4.18387020504257
2123,4.25615105935474,4.21320893975788,4.20992879208403,4.20253062140826,4.19462565389972,4.1880780918412,4.18386921041354,4.18386921041354,4.18386921041354,4.18386921041354
2124,4.25614915979883,4.21320795168204,4.20992817545469,4.20253251370269,4.19462823403367,4.18808109961942,4.18386821642717,4.18386821642717,4.18386821642717,4.18386821642717
2125,4.25614726146908,4.21320696414839,4.20992755907724,4.20253440439193,4.19463081249739,4.18808410608634,4.18386722308241,4.18386722308241,4.18386722308241,4.18386722308241
2126,4.2561453643635,4.21320597715616,4.20992694295139,4.20253629347892,4.19463338929359,4.18808711124354,4.18386623037822,4.18386623037822,4.18386623037822,4.18386623037822
2127,4.25614346848011,4.21320499070453,4.20992632707689,4.2025381809666,4.19463596442495,4.18809011509262,4.18386523831357,4.18386523831357,4.18386523831357,4.18386523831357
2128,4.25614157381691,4.21320400479275,4.20992571145343,4.20254006685789,4.1946385378942,4.18809311763515,4.18386424688742,4.18386424688742,4.18386424688742,4.18386424688742
2129,4.25613968037195,4.21320301941998,4.20992509608076,4.20254195115568,4.19464110970399,4.1880961188727,4.18386325609874,4.18386325609874,4.18386325609874,4.18386325609874
2130,4.25613778814324,4.21320203458547,4.20992448095858,4.20254383386289,4.19464367985703,4.18809911880685,4.18386226594648,4.18386226594649,4.18386226594648,4.18386226594648
2131,4.25613589712882,4.21320105028843,4.20992386608661,4.20254571498243,4.19464624835599,4.18810211743916,4.18386127642964,4.18386127642964,4.18386127642964,4.18386127642964
2132,4.25613400732673,4.21320006652805,4.20992325146459,4.20254759451718,4.19464881520354,4.18810511477121,4.18386028754717,4.18386028754717,4.18386028754717,4.18386028754717
2133,4.25613211873502,4.21319908330357,4.20992263709224,4.20254947247005,4.19465138040233,4.18810811080455,4.18385929929806,4.18385929929806,4.18385929929806,4.18385929929806
2134,4.25613023135171,4.2131981006142,4.20992202296928,4.2025513488439,4.19465394395505,4.18811110554075,4.18385831168128,4.18385831168128,4.18385831168128,4.18385831168128
2135,4.25612834517487,4.21319711845916,4.20992140909543,4.20255322364162,4.19465650586433,4.18811409898137,4.1838573246958,4.18385732469581,4.18385732469581,4.18385732469581
2136,4.25612646020255,4.21319613683767,4.20992079547042,4.20255509686606,4.19465906613284,4.18811709112795,4.18385633834062,4.18385633834063,4.18385633834063,4.18385633834063
2137,4.2561245764328,4.21319515574897,4.20992018209397,4.20255696852011,4.1946616247632,4.18812008198206,4.18385535261472,4.18385535261472,4.18385535261472,4.18385535261472
2138,4.25612269386369,4.21319417519226,4.20991956896582,4.20255883860661,4.19466418175806,4.18812307154524,4.18385436751708,4.18385436751708,4.18385436751708,4.18385436751708
2139,4.25612081249329,4.21319319516679,4.20991895608568,4.20256070712841,4.19466673712006,4.18812605981903,4.18385338304669,4.18385338304669,4.18385338304669,4.18385338304669
2140,4.25611893231966,4.21319221567177,4.20991834345329,4.20256257408835,4.19466929085181,4.18812904680498,4.18385239920253,4.18385239920254,4.18385239920253,4.18385239920253
2141,4.25611705334089,4.21319123670643,4.20991773106836,4.20256443948929,4.19467184295594,4.18813203250464,4.18385141598361,4.18385141598362,4.18385141598361,4.18385141598361
2142,4.25611517555504,4.21319025827001,4.20991711893064,4.20256630333404,4.19467439343507,4.18813501691952,4.18385043338892,4.18385043338892,4.18385043338892,4.18385043338892
2143,4.25611329896019,4.21318928036175,4.20991650703983,4.20256816562544,4.1946769422918,4.18813800005118,4.18384945141745,4.18384945141745,4.18384945141745,4.18384945141745
2144,4.25611142355445,4.21318830298086,4.2099158953957,4.20257002636629,4.19467948952874,4.18814098190114,4.1838484700682,4.18384847006821,4.18384847006821,4.18384847006821
2145,4.2561095493359,4.21318732612659,4.20991528399794,4.20257188555943,4.19468203514849,4.18814396247093,4.18384748934018,4.18384748934018,4.18384748934018,4.18384748934018
2146,4.25610767630262,4.21318634979819,4.20991467284629,4.20257374320764,4.19468457915363,4.18814694176208,4.18384650923239,4.18384650923239,4.18384650923239,4.18384650923239
2147,4.25610580445273,4.21318537399488,4.20991406194049,4.20257559931374,4.19468712154678,4.1881499197761,4.18384552974382,4.18384552974382,4.18384552974382,4.18384552974382
2148,4.25610393378433,4.2131843987159,4.20991345128027,4.20257745388052,4.19468966233049,4.18815289651452,4.18384455087349,4.18384455087349,4.18384455087349,4.18384455087349
2149,4.2561020642955,4.21318342396051,4.20991284086536,4.20257930691077,4.19469220150736,4.18815587197884,4.18384357262042,4.18384357262041,4.18384357262042,4.18384357262042
2150,4.25610019598439,4.21318244972794,4.20991223069548,4.20258115840726,4.19469473907994,4.1881588461706,4.1838425949836,4.1838425949836,4.1838425949836,4.1838425949836
2151,4.2560983288491,4.21318147601743,4.20991162077037,4.20258300837278,4.19469727505081,4.1881618190913,4.18384161796205,4.18384161796205,4.18384161796205,4.18384161796205
2152,4.25609646288775,4.21318050282824,4.20991101108977,4.20258485681009,4.19469980942253,4.18816479074243,4.1838406415548,4.1838406415548,4.1838406415548,4.1838406415548
2153,4.25609459809844,4.21317953015961,4.20991040165341,4.20258670372197,4.19470234219766,4.18816776112552,4.18383966576085,4.18383966576085,4.18383966576085,4.18383966576085
2154,4.25609273447932,4.2131785580108,4.20990979246102,4.20258854911116,4.19470487337874,4.18817073024206,4.18383869057922,4.18383869057923,4.18383869057923,4.18383869057923
2155,4.25609087202853,4.21317758638104,4.20990918351232,4.20259039298043,4.19470740296832,4.18817369809354,4.18383771600895,4.18383771600895,4.18383771600895,4.18383771600895
2156,4.25608901074419,4.2131766152696,4.20990857480708,4.20259223533251,4.19470993096894,4.18817666468148,4.18383674204905,4.18383674204905,4.18383674204905,4.18383674204905
2157,4.25608715062443,4.21317564467574,4.209907966345,4.20259407617015,4.19471245738313,4.18817963000735,4.18383576869855,4.18383576869855,4.18383576869855,4.18383576869855
2158,4.2560852916674,4.2131746745987,4.20990735812583,4.20259591549608,4.19471498221342,4.18818259407266,4.18383479595648,4.18383479595648,4.18383479595648,4.18383479595648
2159,4.25608343387126,4.21317370503775,4.20990675014932,4.20259775331303,4.19471750546234,4.18818555687888,4.18383382382186,4.18383382382186,4.18383382382186,4.18383382382186
2160,4.25608157723415,4.21317273599214,4.20990614241518,4.20259958962372,4.19472002713239,4.18818851842751,4.18383285229373,4.18383285229373,4.18383285229373,4.18383285229373
2161,4.25607972175422,4.21317176746113,4.20990553492316,4.20260142443087,4.19472254722611,4.18819147872002,4.18383188137112,4.18383188137112,4.18383188137112,4.18383188137112
2162,4.25607786742964,4.21317079944399,4.20990492767299,4.20260325773719,4.19472506574599,4.1881944377579,4.18383091105308,4.18383091105308,4.18383091105308,4.18383091105308
2163,4.25607601425855,4.21316983193997,4.20990432066444,4.20260508954538,4.19472758269453,4.18819739554262,4.18382994133863,4.18382994133863,4.18382994133863,4.18382994133863
2164,4.25607416223914,4.21316886494836,4.20990371389719,4.20260691985814,4.19473009807424,4.18820035207565,4.18382897222682,4.18382897222682,4.18382897222682,4.18382897222682
2165,4.25607231136958,4.2131678984684,4.20990310737104,4.20260874867816,4.1947326118876,4.18820330735846,4.18382800371669,4.18382800371669,4.18382800371669,4.18382800371669
2166,4.25607046164802,4.21316693249937,4.20990250108569,4.20261057600813,4.19473512413711,4.18820626139252,4.18382703580729,4.18382703580729,4.18382703580729,4.18382703580729
2167,4.25606861307267,4.21316596704053,4.20990189504089,4.20261240185074,4.19473763482523,4.18820921417931,4.18382606849766,4.18382606849766,4.18382606849766,4.18382606849766
2168,4.25606676564168,4.21316500209117,4.20990128923638,4.20261422620865,4.19474014395445,4.18821216572027,4.18382510178685,4.18382510178685,4.18382510178685,4.18382510178685
2169,4.25606491935326,4.21316403765055,4.2099006836719,4.20261604908454,4.19474265152724,4.18821511601686,4.18382413567391,4.18382413567391,4.18382413567391,4.18382413567391
2170,4.25606307420559,4.21316307371794,4.2099000783472,4.20261787048106,4.19474515754606,4.18821806507056,4.1838231701579,4.1838231701579,4.1838231701579,4.1838231701579
2171,4.25606123019686,4.21316211029262,4.209899473262,4.20261969040089,4.19474766201338,4.1882210128828,4.18382220523786,4.18382220523786,4.18382220523786,4.18382220523786
2172,4.25605938732527,4.21316114737387,4.20989886841608,4.20262150884665,4.19475016493165,4.18822395945504,4.18382124091286,4.18382124091286,4.18382124091286,4.18382124091286
2173,4.25605754558902,4.21316018496096,4.20989826380914,4.20262332582101,4.19475266630332,4.18822690478874,4.18382027718195,4.18382027718195,4.18382027718195,4.18382027718195
2174,4.25605570498632,4.21315922305318,4.20989765944096,4.2026251413266,4.19475516613083,4.18822984888532,4.18381931404419,4.1838193140442,4.1838193140442,4.1838193140442
2175,4.25605386551537,4.21315826164981,4.20989705531125,4.20262695536606,4.19475766441663,4.18823279174625,4.18381835149866,4.18381835149866,4.18381835149866,4.18381835149866
2176,4.25605202717439,4.21315730075012,4.20989645141978,4.20262876794202,4.19476016116315,4.18823573337295,4.1838173895444,4.1838173895444,4.1838173895444,4.1838173895444
2177,4.25605018996158,4.21315634035341,4.20989584776628,4.20263057905709,4.19476265637281,4.18823867376685,4.18381642818049,4.18381642818049,4.18381642818049,4.18381642818049
2178,4.25604835387519,4.21315538045896,4.20989524435051,4.2026323887139,4.19476515004805,4.18824161292941,4.183815467406,4.183815467406,4.183815467406,4.183815467406
2179,4.25604651891341,4.21315442106606,4.20989464117219,4.20263419691506,4.19476764219127,4.18824455086206,4.18381450721999,4.18381450721999,4.18381450721999,4.18381450721999
2180,4.25604468507449,4.21315346217398,4.20989403823109,4.20263600366317,4.19477013280491,4.1882474875662,4.18381354762154,4.18381354762154,4.18381354762154,4.18381354762154
2181,4.25604285235665,4.21315250378203,4.20989343552695,4.20263780896084,4.19477262189136,4.18825042304328,4.18381258860972,4.18381258860972,4.18381258860972,4.18381258860972
2182,4.25604102075813,4.2131515458895,4.2098928330595,4.20263961281065,4.19477510945304,4.18825335729472,4.18381163018361,4.18381163018361,4.18381163018361,4.18381163018361
2183,4.25603919027718,4.21315058849567,4.20989223082851,4.2026414152152,4.19477759549233,4.18825629032194,4.18381067234229,4.18381067234229,4.18381067234229,4.18381067234229
2184,4.25603736091201,4.21314963159985,4.20989162883372,4.20264321617706,4.19478008001163,4.18825922212636,4.18380971508484,4.18380971508484,4.18380971508484,4.18380971508484
2185,4.2560355326609,4.21314867520133,4.20989102707487,4.20264501569883,4.19478256301333,4.18826215270938,4.18380875841034,4.18380875841034,4.18380875841034,4.18380875841034
2186,4.25603370552208,4.2131477192994,4.20989042555173,4.20264681378305,4.19478504449983,4.18826508207244,4.18380780231787,4.18380780231787,4.18380780231787,4.18380780231787
2187,4.2560318794938,4.21314676389338,4.20988982426402,4.20264861043231,4.19478752447349,4.18826801021692,4.18380684680652,4.18380684680652,4.18380684680652,4.18380684680652
2188,4.25603005457434,4.21314580898253,4.20988922321151,4.20265040564917,4.19479000293668,4.18827093714425,4.18380589187538,4.18380589187538,4.18380589187538,4.18380589187538
2189,4.25602823076193,4.2131448545662,4.20988862239394,4.20265219943619,4.19479247989178,4.18827386285582,4.18380493752354,4.18380493752354,4.18380493752354,4.18380493752354
2190,4.25602640805486,4.21314390064365,4.20988802181107,4.20265399179589,4.19479495534116,4.18827678735304,4.18380398375008,4.18380398375009,4.18380398375008,4.18380398375008
2191,4.25602458645139,4.21314294721421,4.20988742146264,4.20265578273084,4.19479742928716,4.18827971063731,4.18380303055411,4.18380303055411,4.18380303055411,4.18380303055411
2192,4.25602276594978,4.21314199427719,4.20988682134841,4.20265757224357,4.19479990173215,4.18828263271002,4.18380207793472,4.18380207793472,4.18380207793472,4.18380207793472
2193,4.25602094654833,4.21314104183187,4.20988622146812,4.20265936033662,4.19480237267847,4.18828555357256,4.18380112589101,4.18380112589101,4.18380112589101,4.18380112589101
2194,4.25601912824529,4.21314008987758,4.20988562182154,4.20266114701251,4.19480484212847,4.18828847322634,4.18380017442207,4.18380017442207,4.18380017442207,4.18380017442207
2195,4.25601731103897,4.21313913841362,4.2098850224084,4.20266293227376,4.19480731008449,4.18829139167273,4.18379922352701,4.18379922352701,4.18379922352701,4.18379922352701
2196,4.25601549492763,4.21313818743932,4.20988442322847,4.2026647161229,4.19480977654886,4.18829430891312,4.18379827320493,4.18379827320492,4.18379827320493,4.18379827320493
2197,4.25601367990958,4.21313723695397,4.2098838242815,4.20266649856241,4.19481224152391,4.18829722494891,4.18379732345493,4.18379732345493,4.18379732345493,4.18379732345493
2198,4.25601186598311,4.21313628695689,4.20988322556725,4.20266827959483,4.19481470501196,4.18830013978145,4.18379637427613,4.18379637427613,4.18379637427613,4.18379637427613
2199,4.2560100531465,4.2131353374474,4.20988262708547,4.20267005922264,4.19481716701534,4.18830305341215,4.18379542566763,4.18379542566763,4.18379542566763,4.18379542566763
2200,4.25600824139809,4.21313438842481,4.2098820288359,4.20267183744834,4.19481962753636,4.18830596584236,4.18379447762853,4.18379447762854,4.18379447762854,4.18379447762854
2201,4.25600643073614,4.21313343988845,4.20988143081832,4.20267361427442,4.19482208657733,4.18830887707346,4.18379353015797,4.18379353015797,4.18379353015797,4.18379353015797
2202,4.25600462115898,4.21313249183763,4.20988083303246,4.20267538970336,4.19482454414056,4.18831178710682,4.18379258325505,4.18379258325504,4.18379258325505,4.18379258325505
2203,4.25600281266492,4.21313154427168,4.2098802354781,4.20267716373765,4.19482700022833,4.18831469594381,4.18379163691888,4.18379163691888,4.18379163691888,4.18379163691888
2204,4.25600100525227,4.21313059718992,4.20987963815498,4.20267893637973,4.19482945484297,4.1883176035858,4.18379069114858,4.18379069114859,4.18379069114858,4.18379069114858
2205,4.25599919891935,4.21312965059166,4.20987904106287,4.20268070763211,4.19483190798674,4.18832051003413,4.18378974594328,4.18378974594328,4.18378974594328,4.18378974594328
2206,4.25599739366448,4.21312870447624,4.20987844420151,4.20268247749723,4.19483435966194,4.18832341529019,4.1837888013021,4.1837888013021,4.1837888013021,4.1837888013021
2207,4.255995589486,4.21312775884298,4.20987784757068,4.20268424597755,4.19483680987086,4.18832631935532,4.18378785722415,4.18378785722416,4.18378785722415,4.18378785722415
2208,4.25599378638221,4.21312681369122,4.20987725117012,4.20268601307552,4.19483925861575,4.18832922223087,4.18378691370858,4.18378691370858,4.18378691370858,4.18378691370858
2209,4.25599198435148,4.21312586902027,4.2098766549996,4.20268777879359,4.19484170589891,4.1883321239182,4.18378597075449,4.18378597075449,4.18378597075449,4.18378597075449
2210,4.25599018339212,4.21312492482947,4.20987605905887,4.20268954313418,4.19484415172258,4.18833502441866,4.18378502836103,4.18378502836103,4.18378502836103,4.18378502836103
2211,4.25598838350248,4.21312398111815,4.2098754633477,4.20269130609976,4.19484659608905,4.18833792373358,4.18378408652732,4.18378408652732,4.18378408652732,4.18378408652732
2212,4.25598658468089,4.21312303788566,4.20987486786584,4.20269306769274,4.19484903900054,4.18834082186434,4.1837831452525,4.1837831452525,4.1837831452525,4.1837831452525
2213,4.25598478692572,4.21312209513131,4.20987427261306,4.20269482791554,4.19485148045934,4.18834371881224,4.1837822045357,4.18378220453569,4.1837822045357,4.1837822045357
2214,4.2559829902353,4.21312115285444,4.20987367758911,4.2026965867706,4.19485392046768,4.18834661457866,4.18378126437605,4.18378126437606,4.18378126437606,4.18378126437606
2215,4.25598119460798,4.2131202110544,4.20987308279377,4.20269834426031,4.1948563590278,4.1883495091649,4.18378032477271,4.18378032477271,4.18378032477271,4.18378032477271
2216,4.25597940004214,4.21311926973053,4.20987248822677,4.20270010038709,4.19485879614195,4.18835240257231,4.1837793857248,4.1837793857248,4.1837793857248,4.1837793857248
2217,4.25597760653613,4.21311832888215,4.20987189388791,4.20270185515335,4.19486123181236,4.18835529480221,4.18377844723147,4.18377844723147,4.18377844723147,4.18377844723147
2218,4.25597581408829,4.21311738850863,4.20987129977693,4.20270360856148,4.19486366604125,4.18835818585595,4.18377750929187,4.18377750929187,4.18377750929187,4.18377750929187
2219,4.25597402269703,4.21311644860929,4.20987070589359,4.20270536061388,4.19486609883085,4.18836107573484,4.18377657190513,4.18377657190513,4.18377657190513,4.18377657190513
2220,4.25597223236069,4.21311550918348,4.20987011223767,4.20270711131293,4.19486853018339,4.18836396444021,4.18377563507041,4.18377563507041,4.18377563507041,4.18377563507041
2221,4.25597044307766,4.21311457023054,4.20986951880893,4.20270886066102,4.19487096010107,4.18836685197337,4.18377469878685,4.18377469878685,4.18377469878685,4.18377469878685
2222,4.25596865484631,4.21311363174983,4.20986892560711,4.20271060866053,4.1948733885861,4.18836973833566,4.18377376305362,4.18377376305361,4.18377376305361,4.18377376305361
2223,4.25596686766502,4.2131126937407,4.20986833263201,4.20271235531382,4.1948758156407,4.18837262352837,4.18377282786984,4.18377282786985,4.18377282786985,4.18377282786985
2224,4.25596508153217,4.21311175620249,4.20986773988338,4.20271410062327,4.19487824126706,4.18837550755283,4.1837718932347,4.1837718932347,4.1837718932347,4.1837718932347
2225,4.25596329644618,4.21311081913454,4.20986714736097,4.20271584459124,4.19488066546738,4.18837839041036,4.18377095914733,4.18377095914734,4.18377095914733,4.18377095914733
2226,4.25596151240538,4.21310988253623,4.20986655506457,4.20271758722008,4.19488308824386,4.18838127210224,4.18377002560691,4.18377002560691,4.18377002560691,4.18377002560691
2227,4.25595972940823,4.21310894640688,4.20986596299394,4.20271932851215,4.19488550959867,4.1883841526298,4.18376909261258,4.18376909261258,4.18376909261258,4.18376909261258
2228,4.25595794745309,4.21310801074588,4.20986537114885,4.20272106846978,4.194887929534,4.18838703199433,4.18376816016352,4.18376816016352,4.18376816016352,4.18376816016352
2229,4.25595616653838,4.21310707555256,4.20986477952906,4.20272280709534,4.19489034805204,4.18838991019713,4.18376722825887,4.18376722825887,4.18376722825887,4.18376722825887
2230,4.25595438666247,4.21310614082628,4.20986418813433,4.20272454439116,4.19489276515495,4.18839278723952,4.18376629689782,4.18376629689782,4.18376629689782,4.18376629689782
2231,4.25595260782382,4.21310520656641,4.20986359696445,4.20272628035955,4.1948951808449,4.18839566312278,4.18376536607952,4.18376536607952,4.18376536607952,4.18376536607952
2232,4.25595083002081,4.21310427277231,4.20986300601917,4.20272801500287,4.19489759512406,4.18839853784819,4.18376443580315,4.18376443580315,4.18376443580315,4.18376443580315
2233,4.25594905325185,4.21310333944332,4.20986241529827,4.20272974832341,4.19490000799458,4.18840141141707,4.18376350606787,4.18376350606788,4.18376350606788,4.18376350606788
2234,4.25594727751537,4.21310240657883,4.20986182480151,4.2027314803235,4.19490241945863,4.18840428383069,4.18376257687287,4.18376257687287,4.18376257687287,4.18376257687287
2235,4.25594550280979,4.21310147417819,4.20986123452867,4.20273321100545,4.19490482951836,4.18840715509034,4.1837616482173,4.1837616482173,4.1837616482173,4.1837616482173
2236,4.25594372913354,4.21310054224076,4.20986064447951,4.20273494037157,4.1949072381759,4.1884100251973,4.18376072010035,4.18376072010035,4.18376072010035,4.18376072010035
2237,4.25594195648504,4.21309961076592,4.20986005465381,4.20273666842417,4.19490964543341,4.18841289415287,4.1837597925212,4.1837597925212,4.1837597925212,4.1837597925212
2238,4.25594018486272,4.21309867975303,4.20985946505134,4.20273839516553,4.19491205129302,4.1884157619583,4.18375886547902,4.18375886547902,4.18375886547902,4.18375886547902
2239,4.25593841426501,4.21309774920147,4.20985887567186,4.20274012059794,4.19491445575686,4.18841862861488,4.18375793897299,4.18375793897299,4.18375793897299,4.18375793897299
2240,4.25593664469037,4.21309681911058,4.20985828651516,4.20274184472371,4.19491685882706,4.18842149412389,4.1837570130023,4.18375701300231,4.18375701300231,4.18375701300231
2241,4.25593487613722,4.21309588947977,4.209857697581,4.20274356754509,4.19491926050576,4.1884243584866,4.18375608756614,4.18375608756614,4.18375608756614,4.18375608756614
2242,4.25593310860402,4.21309496030838,4.20985710886916,4.20274528906439,4.19492166079505,4.18842722170426,4.18375516266369,4.18375516266368,4.18375516266368,4.18375516266368
2243,4.25593134208921,4.21309403159581,4.2098565203794,4.20274700928385,4.19492405969707,4.18843008377817,4.18375423829412,4.18375423829412,4.18375423829412,4.18375423829412
2244,4.25592957659123,4.21309310334142,4.20985593211151,4.20274872820577,4.19492645721391,4.18843294470957,4.18375331445665,4.18375331445665,4.18375331445665,4.18375331445665
2245,4.25592781210855,4.21309217554459,4.20985534406526,4.20275044583238,4.1949288533477,4.18843580449972,4.18375239115045,4.18375239115045,4.18375239115045,4.18375239115045
2246,4.25592604863963,4.2130912482047,4.20985475624041,4.20275216216595,4.19493124810053,4.18843866314989,4.18375146837472,4.18375146837472,4.18375146837472,4.18375146837472
2247,4.25592428618291,4.21309032132113,4.20985416863676,4.20275387720874,4.19493364147451,4.18844152066134,4.18375054612866,4.18375054612866,4.18375054612866,4.18375054612866
2248,4.25592252473688,4.21308939489325,4.20985358125406,4.20275559096299,4.19493603347171,4.18844437703532,4.18374962441145,4.18374962441145,4.18374962441145,4.18374962441145
2249,4.25592076429999,4.21308846892045,4.2098529940921,4.20275730343095,4.19493842409423,4.18844723227308,4.1837487032223,4.1837487032223,4.1837487032223,4.1837487032223
2250,4.25591900487072,4.2130875434021,4.20985240715066,4.20275901461484,4.19494081334415,4.18845008637588,4.18374778256041,4.18374778256042,4.18374778256041,4.18374778256041
2251,4.25591724644752,4.21308661833763,4.2098518204295,4.20276072451691,4.19494320122356,4.18845293934495,4.18374686242498,4.18374686242498,4.18374686242498,4.18374686242498
2252,4.25591548902891,4.21308569372636,4.20985123392841,4.20276243313938,4.19494558773454,4.18845579118154,4.18374594281521,4.18374594281522,4.18374594281522,4.18374594281522
2253,4.25591373261332,4.21308476956773,4.20985064764716,4.20276414048448,4.19494797287915,4.1884586418869,4.18374502373032,4.18374502373031,4.18374502373031,4.18374502373031
2254,4.25591197719928,4.2130838458611,4.20985006158553,4.20276584655442,4.19495035665946,4.18846149146227,4.18374410516948,4.18374410516949,4.18374410516949,4.18374410516949
2255,4.25591022278525,4.21308292260586,4.2098494757433,4.20276755135142,4.19495273907753,4.18846433990889,4.18374318713194,4.18374318713194,4.18374318713194,4.18374318713194
2256,4.25590846936972,4.2130819998014,4.20984889012026,4.20276925487769,4.19495512013542,4.18846718722799,4.18374226961688,4.18374226961688,4.18374226961688,4.18374226961688
2257,4.25590671695119,4.21308107744713,4.20984830471616,4.20277095713542,4.19495749983519,4.18847003342079,4.18374135262353,4.18374135262352,4.18374135262353,4.18374135262353
2258,4.25590496552815,4.21308015554243,4.20984771953081,4.20277265812683,4.19495987817889,4.18847287848855,4.18374043615109,4.18374043615108,4.18374043615109,4.18374043615109
2259,4.25590321509911,4.21307923408669,4.20984713456396,4.2027743578541,4.19496225516857,4.18847572243248,4.18373952019877,4.18373952019877,4.18373952019877,4.18373952019877
2260,4.25590146566256,4.21307831307931,4.20984654981542,4.20277605631943,4.19496463080625,4.18847856525381,4.18373860476581,4.18373860476581,4.18373860476581,4.18373860476581
2261,4.25589971721701,4.21307739251968,4.20984596528495,4.20277775352499,4.19496700509399,4.18848140695376,4.18373768985141,4.18373768985141,4.18373768985141,4.18373768985141
2262,4.25589796976097,4.21307647240722,4.20984538097233,4.20277944947297,4.19496937803381,4.18848424753356,4.18373677545479,4.18373677545479,4.18373677545479,4.18373677545479
2263,4.25589622329295,4.21307555274129,4.20984479687736,4.20278114416555,4.19497174962774,4.18848708699442,4.18373586157517,4.18373586157517,4.18373586157517,4.18373586157517
2264,4.25589447781145,4.21307463352133,4.2098442129998,4.2027828376049,4.19497411987781,4.18848992533757,4.18373494821178,4.18373494821178,4.18373494821178,4.18373494821178
2265,4.25589273331502,4.21307371474671,4.20984362933945,4.20278452979317,4.19497648878604,4.18849276256422,4.18373403536385,4.18373403536385,4.18373403536385,4.18373403536385
2266,4.25589098980216,4.21307279641686,4.20984304589608,4.20278622073254,4.19497885635445,4.18849559867557,4.18373312303059,4.18373312303059,4.18373312303059,4.18373312303059
2267,4.25588924727139,4.21307187853117,4.20984246266948,4.20278791042515,4.19498122258504,4.18849843367284,4.18373221121123,4.18373221121123,4.18373221121123,4.18373221121123
2268,4.25588750572125,4.21307096108904,4.20984187965942,4.20278959887318,4.19498358747982,4.18850126755725,4.18373129990501,4.18373129990501,4.18373129990501,4.18373129990501
2269,4.25588576515026,4.21307004408988,4.2098412968657,4.20279128607876,4.1949859510408,4.18850410032998,4.18373038911115,4.18373038911116,4.18373038911116,4.18373038911116
2270,4.25588402555697,4.2130691275331,4.2098407142881,4.20279297204402,4.19498831326997,4.18850693199225,4.1837294788289,4.1837294788289,4.1837294788289,4.1837294788289
2271,4.25588228693989,4.2130682114181,4.2098401319264,4.20279465677112,4.19499067416934,4.18850976254525,4.18372856905747,4.18372856905747,4.18372856905747,4.18372856905747
2272,4.25588054929758,4.2130672957443,4.20983954978039,4.20279634026219,4.1949930337409,4.18851259199019,4.18372765979611,4.18372765979611,4.18372765979611,4.18372765979611
2273,4.25587881262857,4.21306638051112,4.20983896784985,4.20279802251934,4.19499539198662,4.18851542032827,4.18372675104406,4.18372675104406,4.18372675104406,4.18372675104406
2274,4.25587707693141,4.21306546571795,4.20983838613457,4.20279970354472,4.1949977489085,4.18851824756067,4.18372584280054,4.18372584280055,4.18372584280055,4.18372584280055
2275,4.25587534220465,4.21306455136422,4.20983780463433,4.20280138334045,4.1950001045085,4.18852107368859,4.18372493506482,4.18372493506482,4.18372493506482,4.18372493506482
2276,4.25587360844685,4.21306363744932,4.20983722334892,4.20280306190862,4.19500245878861,4.18852389871321,4.18372402783612,4.18372402783612,4.18372402783612,4.18372402783612
2277,4.25587187565655,4.2130627239727,4.20983664227813,4.20280473925135,4.1950048117508,4.18852672263573,4.18372312111369,4.18372312111368,4.18372312111368,4.18372312111368
2278,4.25587014383231,4.21306181093376,4.20983606142174,4.20280641537076,4.19500716339703,4.18852954545733,4.18372221489677,4.18372221489677,4.18372221489677,4.18372221489677
2279,4.2558684129727,4.21306089833191,4.20983548077955,4.20280809026893,4.19500951372927,4.18853236717919,4.18372130918461,4.18372130918461,4.18372130918461,4.18372130918461
2280,4.25586668307627,4.21305998616658,4.20983490035133,4.20280976394799,4.19501186274947,4.18853518780249,4.18372040397647,4.18372040397647,4.18372040397647,4.18372040397647
2281,4.25586495414159,4.2130590744372,4.20983432013688,4.20281143641,4.19501421045959,4.18853800732841,4.18371949927158,4.18371949927158,4.18371949927158,4.18371949927158
2282,4.25586322616724,4.21305816314317,4.20983374013599,4.20281310765706,4.19501655686157,4.18854082575814,4.18371859506921,4.18371859506921,4.18371859506921,4.18371859506921
2283,4.25586149915179,4.21305725228392,4.20983316034844,4.20281477769127,4.19501890195736,4.18854364309283,4.1837176913686,4.1837176913686,4.1837176913686,4.1837176913686
2284,4.25585977309381,4.21305634185888,4.20983258077403,4.20281644651468,4.19502124574891,4.18854645933367,4.183716788169,4.183716788169,4.183716788169,4.183716788169
2285,4.25585804799188,4.21305543186747,4.20983200141254,4.20281811412939,4.19502358823815,4.18854927448182,4.18371588546969,4.18371588546969,4.18371588546969,4.18371588546969
2286,4.25585632384458,4.21305452230912,4.20983142226376,4.20281978053745,4.19502592942702,4.18855208853845,4.18371498326991,4.1837149832699,4.18371498326991,4.18371498326991
2287,4.25585460065049,4.21305361318326,4.20983084332749,4.20282144574093,4.19502826931745,4.18855490150472,4.18371408156892,4.18371408156891,4.18371408156892,4.18371408156892
2288,4.25585287840821,4.2130527044893,4.20983026460352,4.2028231097419,4.19503060791136,4.1885577133818,4.18371318036598,4.18371318036598,4.18371318036598,4.18371318036598
2289,4.25585115711633,4.21305179622669,4.20982968609163,4.20282477254241,4.19503294521067,4.18856052417084,4.18371227966036,4.18371227966036,4.18371227966036,4.18371227966036
2290,4.25584943677343,4.21305088839485,4.20982910779162,4.20282643414453,4.1950352812173,4.18856333387302,4.18371137945131,4.18371137945131,4.18371137945131,4.18371137945131
2291,4.25584771737811,4.21304998099323,4.20982852970328,4.20282809455028,4.19503761593317,4.18856614248947,4.18371047973812,4.18371047973811,4.18371047973811,4.18371047973811
2292,4.25584599892898,4.21304907402124,4.20982795182641,4.20282975376172,4.19503994936018,4.18856895002136,4.18370958052003,4.18370958052003,4.18370958052003,4.18370958052003
2293,4.25584428142463,4.21304816747831,4.2098273741608,4.20283141178088,4.19504228150025,4.18857175646983,4.18370868179632,4.18370868179632,4.18370868179632,4.18370868179632
2294,4.25584256486367,4.2130472613639,4.20982679670623,4.20283306860981,4.19504461235527,4.18857456183605,4.18370778356627,4.18370778356627,4.18370778356627,4.18370778356627
2295,4.25584084924471,4.21304635567743,4.2098262194625,4.20283472425053,4.19504694192714,4.18857736612115,4.18370688582914,4.18370688582913,4.18370688582913,4.18370688582913
2296,4.25583913456635,4.21304545041835,4.20982564242942,4.20283637870507,4.19504927021775,4.18858016932629,4.1837059885842,4.18370598858419,4.18370598858419,4.18370598858419
2297,4.25583742082722,4.21304454558609,4.20982506560676,4.20283803197544,4.195051597229,4.18858297145259,4.18370509183073,4.18370509183072,4.18370509183073,4.18370509183073
2298,4.25583570802593,4.21304364118009,4.20982448899433,4.20283968406367,4.19505392296277,4.1885857725012,4.183704195568,4.183704195568,4.183704195568,4.183704195568
2299,4.25583399616109,4.21304273719979,4.20982391259192,4.20284133497177,4.19505624742094,4.18858857247328,4.1837032997953,4.1837032997953,4.1837032997953,4.1837032997953
2300,4.25583228523134,4.21304183364465,4.20982333639933,4.20284298470175,4.1950585706054,4.18859137136993,4.1837024045119,4.1837024045119,4.1837024045119,4.1837024045119
2301,4.25583057523529,4.21304093051408,4.20982276041634,4.20284463325561,4.19506089251801,4.18859416919232,4.18370150971709,4.18370150971709,4.18370150971709,4.18370150971709
2302,4.25582886617158,4.21304002780754,4.20982218464277,4.20284628063536,4.19506321316065,4.18859696594156,4.18370061541014,4.18370061541014,4.18370061541014,4.18370061541014
2303,4.25582715803882,4.2130391255245,4.2098216090784,4.20284792684298,4.19506553253519,4.18859976161878,4.18369972159034,4.18369972159033,4.18369972159034,4.18369972159034
2304,4.25582545083567,4.21303822366436,4.20982103372303,4.20284957188047,4.19506785064347,4.18860255622512,4.18369882825697,4.18369882825697,4.18369882825697,4.18369882825697
2305,4.25582374456075,4.21303732222661,4.20982045857646,4.20285121574982,4.19507016748737,4.1886053497617,4.18369793540932,4.18369793540932,4.18369793540932,4.18369793540932
2306,4.2558220392127,4.21303642121068,4.20981988363849,4.20285285845301,4.19507248306875,4.18860814222965,4.18369704304668,4.18369704304668,4.18369704304668,4.18369704304668
2307,4.25582033479018,4.21303552061601,4.20981930890892,4.20285449999201,4.19507479738943,4.18861093363008,4.18369615116834,4.18369615116834,4.18369615116834,4.18369615116834
2308,4.25581863129182,4.21303462044207,4.20981873438753,4.20285614036882,4.1950771104513,4.18861372396412,4.18369525977359,4.18369525977359,4.18369525977359,4.18369525977359
2309,4.25581692871626,4.21303372068831,4.20981816007413,4.20285777958538,4.19507942225617,4.18861651323288,4.18369436886172,4.18369436886172,4.18369436886172,4.18369436886172
2310,4.25581522706216,4.21303282135417,4.20981758596853,4.20285941764367,4.1950817328059,4.18861930143747,4.18369347843202,4.18369347843202,4.18369347843202,4.18369347843202
2311,4.25581352632818,4.21303192243911,4.20981701207052,4.20286105454566,4.19508404210232,4.18862208857902,4.1836925884838,4.1836925884838,4.1836925884838,4.1836925884838
2312,4.25581182651297,4.2130310239426,4.20981643837989,4.20286269029329,4.19508635014725,4.18862487465863,4.18369169901634,4.18369169901634,4.18369169901634,4.18369169901634
2313,4.2558101276152,4.21303012586407,4.20981586489647,4.20286432488852,4.19508865694253,4.1886276596774,4.18369081002895,4.18369081002895,4.18369081002895,4.18369081002895
2314,4.25580842963351,4.213029228203,4.20981529162002,4.20286595833331,4.19509096248999,4.18863044363646,4.18368992152093,4.18368992152093,4.18368992152093,4.18368992152093
2315,4.25580673256658,4.21302833095883,4.20981471855037,4.20286759062959,4.19509326679144,4.18863322653691,4.18368903349157,4.18368903349157,4.18368903349157,4.18368903349157
2316,4.25580503641307,4.21302743413105,4.20981414568731,4.20286922177931,4.1950955698487,4.18863600837983,4.18368814594018,4.18368814594018,4.18368814594018,4.18368814594018
2317,4.25580334117166,4.21302653771909,4.20981357303064,4.20287085178441,4.19509787166359,4.18863878916634,4.18368725886607,4.18368725886607,4.18368725886607,4.18368725886607
2318,4.25580164684101,4.21302564172243,4.20981300058017,4.2028724806468,4.1951001722379,4.18864156889754,4.18368637226854,4.18368637226854,4.18368637226854,4.18368637226854
2319,4.2557999534198,4.21302474614053,4.2098124283357,4.20287410836843,4.19510247157346,4.18864434757452,4.18368548614689,4.18368548614689,4.18368548614689,4.18368548614689
2320,4.25579826090672,4.21302385097284,4.20981185629703,4.20287573495122,4.19510476967205,4.18864712519837,4.18368460050044,4.18368460050044,4.18368460050044,4.18368460050044
2321,4.25579656930044,4.21302295621884,4.20981128446396,4.20287736039709,4.19510706653548,4.18864990177019,4.1836837153285,4.1836837153285,4.1836837153285,4.1836837153285
2322,4.25579487859964,4.21302206187799,4.2098107128363,4.20287898470796,4.19510936216555,4.18865267729107,4.18368283063037,4.18368283063037,4.18368283063037,4.18368283063037
2323,4.25579318880303,4.21302116794977,4.20981014141385,4.20288060788572,4.19511165656405,4.1886554517621,4.18368194640537,4.18368194640537,4.18368194640537,4.18368194640537
2324,4.25579149990927,4.21302027443363,4.20980957019641,4.20288222993231,4.19511394973275,4.18865822518436,4.18368106265282,4.18368106265282,4.18368106265282,4.18368106265282
2325,4.25578981191707,4.21301938132905,4.20980899918381,4.2028838508496,4.19511624167345,4.18866099755893,4.18368017937202,4.18368017937202,4.18368017937202,4.18368017937202
2326,4.25578812482512,4.2130184886355,4.20980842837582,4.20288547063951,4.19511853238792,4.18866376888691,4.18367929656231,4.18367929656231,4.18367929656231,4.18367929656231
2327,4.25578643863212,4.21301759635245,4.20980785777225,4.20288708930394,4.19512082187795,4.18866653916936,4.18367841422298,4.18367841422298,4.18367841422298,4.18367841422298
2328,4.25578475333677,4.21301670447937,4.20980728737293,4.20288870684476,4.19512311014529,4.18866930840737,4.18367753235338,4.18367753235338,4.18367753235338,4.18367753235338
2329,4.25578306893776,4.21301581301575,4.20980671717764,4.20289032326388,4.19512539719173,4.18867207660201,4.18367665095281,4.1836766509528,4.18367665095281,4.18367665095281
2330,4.25578138543381,4.21301492196104,4.20980614718621,4.20289193856318,4.19512768301902,4.18867484375436,4.18367577002059,4.18367577002059,4.18367577002059,4.18367577002059
2331,4.25577970282364,4.21301403131473,4.20980557739842,4.20289355274453,4.19512996762894,4.18867760986548,4.18367488955607,4.18367488955606,4.18367488955607,4.18367488955607
2332,4.25577802110593,4.2130131410763,4.2098050078141,4.20289516580981,4.19513225102322,4.18868037493646,4.18367400955855,4.18367400955855,4.18367400955855,4.18367400955855
2333,4.25577634027943,4.21301225124521,4.20980443843304,4.20289677776088,4.19513453320364,4.18868313896835,4.18367313002736,4.18367313002736,4.18367313002736,4.18367313002736
2334,4.25577466034282,4.21301136182096,4.20980386925506,4.20289838859962,4.19513681417193,4.18868590196223,4.18367225096185,4.18367225096184,4.18367225096184,4.18367225096184
2335,4.25577298129484,4.21301047280301,4.20980330027997,4.2028999983279,4.19513909392985,4.18868866391915,4.18367137236132,4.18367137236132,4.18367137236132,4.18367137236132
2336,4.25577130313421,4.21300958419087,4.20980273150757,4.20290160694756,4.19514137247914,4.18869142484018,4.18367049422512,4.18367049422512,4.18367049422512,4.18367049422512
2337,4.25576962585964,4.213008695984,4.20980216293766,4.20290321446047,4.19514364982154,4.18869418472638,4.18366961655258,4.18366961655258,4.18366961655258,4.18366961655258
2338,4.25576794946988,4.21300780818189,4.20980159457007,4.20290482086846,4.19514592595879,4.18869694357881,4.18366873934302,4.18366873934303,4.18366873934303,4.18366873934303
2339,4.25576627396365,4.21300692078402,4.20980102640459,4.20290642617341,4.19514820089262,4.18869970139851,4.1836678625958,4.1836678625958,4.1836678625958,4.1836678625958
2340,4.25576459933968,4.21300603378988,4.20980045844103,4.20290803037714,4.19515047462475,4.18870245818655,4.18366698631024,4.18366698631024,4.18366698631024,4.18366698631024
2341,4.25576292559671,4.21300514719896,4.20979989067922,4.20290963348149,4.19515274715691,4.18870521394398,4.18366611048568,4.18366611048568,4.18366611048568,4.18366611048568
2342,4.25576125273346,4.21300426101072,4.20979932311896,4.20291123548831,4.19515501849083,4.18870796867185,4.18366523512147,4.18366523512146,4.18366523512147,4.18366523512147
2343,4.2557595807487,4.21300337522469,4.20979875576005,4.20291283639942,4.19515728862821,4.1887107223712,4.18366436021693,4.18366436021693,4.18366436021693,4.18366436021693
2344,4.25575790964115,4.21300248984033,4.20979818860232,4.20291443621665,4.19515955757078,4.18871347504309,4.18366348577142,4.18366348577142,4.18366348577142,4.18366348577142
2345,4.25575623940956,4.21300160485715,4.20979762164556,4.20291603494183,4.19516182532026,4.18871622668855,4.18366261178427,4.18366261178427,4.18366261178427,4.18366261178427
2346,4.25575457005269,4.21300072027462,4.20979705488961,4.20291763257677,4.19516409187833,4.18871897730863,4.18366173825484,4.18366173825484,4.18366173825484,4.18366173825484
2347,4.25575290156927,4.21299983609225,4.20979648833425,4.20291922912329,4.19516635724671,4.18872172690436,4.18366086518247,4.18366086518247,4.18366086518247,4.18366086518247
2348,4.25575123395807,4.21299895230953,4.20979592197931,4.20292082458319,4.1951686214271,4.1887244754768,4.1836599925665,4.1836599925665,4.1836599925665,4.1836599925665
2349,4.25574956721783,4.21299806892595,4.2097953558246,4.20292241895831,4.1951708844212,4.18872722302696,4.18365912040629,4.18365912040629,4.18365912040629,4.18365912040629
2350,4.25574790134733,4.21299718594101,4.20979478986994,4.20292401225042,4.1951731462307,4.18872996955589,4.18365824870118,4.18365824870118,4.18365824870118,4.18365824870118
2351,4.25574623634532,4.2129963033542,4.20979422411512,4.20292560446134,4.19517540685729,4.18873271506462,4.18365737745053,4.18365737745053,4.18365737745053,4.18365737745053
2352,4.25574457221055,4.21299542116501,4.20979365855999,4.20292719559286,4.19517766630265,4.18873545955418,4.18365650665369,4.18365650665369,4.18365650665369,4.18365650665369
2353,4.25574290894181,4.21299453937296,4.20979309320434,4.20292878564678,4.19517992456847,4.1887382030256,4.18365563631001,4.18365563631001,4.18365563631001,4.18365563631001
2354,4.25574124653784,4.21299365797754,4.20979252804798,4.20293037462488,4.19518218165644,4.1887409454799,4.18365476641885,4.18365476641885,4.18365476641885,4.18365476641885
2355,4.25573958499745,4.21299277697825,4.20979196309073,4.20293196252895,4.19518443756822,4.18874368691811,4.18365389697957,4.18365389697957,4.18365389697957,4.18365389697957
2356,4.25573792431938,4.21299189637459,4.20979139833242,4.20293354936076,4.19518669230548,4.18874642734125,4.18365302799153,4.18365302799153,4.18365302799153,4.18365302799153
2357,4.25573626450242,4.21299101616606,4.20979083377284,4.20293513512211,4.1951889458699,4.18874916675034,4.18365215945408,4.18365215945408,4.18365215945408,4.18365215945408
2358,4.25573460554535,4.21299013635217,4.20979026941184,4.20293671981475,4.19519119826315,4.18875190514641,4.18365129136658,4.18365129136658,4.18365129136658,4.18365129136658
2359,4.25573294744694,4.21298925693242,4.2097897052492,4.20293830344047,4.19519344948687,4.18875464253047,4.1836504237284,4.18365042372841,4.18365042372841,4.18365042372841
2360,4.25573129020599,4.21298837790633,4.20978914128475,4.20293988600101,4.19519569954274,4.18875737890353,4.18364955653891,4.18364955653891,4.18364955653891,4.18364955653891
2361,4.25572963382128,4.21298749927337,4.20978857751832,4.20294146749816,4.19519794843241,4.1887601142666,4.18364868979746,4.18364868979746,4.18364868979746,4.18364868979746
2362,4.2557279782916,4.2129866210331,4.20978801394971,4.20294304793367,4.19520019615753,4.1887628486207,4.18364782350343,4.18364782350342,4.18364782350343,4.18364782350343
2363,4.25572632361573,4.21298574318498,4.20978745057874,4.20294462730928,4.19520244271976,4.18876558196684,4.18364695765617,4.18364695765617,4.18364695765617,4.18364695765617
2364,4.25572466979247,4.21298486572854,4.20978688740523,4.20294620562676,4.19520468812072,4.18876831430604,4.18364609225506,4.18364609225506,4.18364609225506,4.18364609225506
2365,4.25572301682062,4.2129839886633,4.209786324429,4.20294778288786,4.19520693236207,4.18877104563927,4.18364522729947,4.18364522729947,4.18364522729947,4.18364522729947
2366,4.25572136469898,4.21298311198875,4.20978576164987,4.2029493590943,4.19520917544545,4.18877377596756,4.18364436278877,4.18364436278877,4.18364436278877,4.18364436278877
2367,4.25571971342634,4.21298223570442,4.20978519906766,4.20295093424784,4.19521141737248,4.1887765052919,4.18364349872234,4.18364349872234,4.18364349872234,4.18364349872234
2368,4.25571806300152,4.21298135980981,4.20978463668217,4.20295250835022,4.19521365814481,4.18877923361331,4.18364263509954,4.18364263509954,4.18364263509954,4.18364263509954
2369,4.25571641342332,4.21298048430444,4.20978407449325,4.20295408140315,4.19521589776406,4.18878196093276,4.18364177191976,4.18364177191975,4.18364177191976,4.18364177191976
2370,4.25571476469055,4.21297960918783,4.20978351250069,4.20295565340837,4.19521813623185,4.18878468725126,4.18364090918236,4.18364090918236,4.18364090918236,4.18364090918236
2371,4.2557128837903,4.21297856731476,4.20978278848505,4.20295707267326,4.19522023377936,4.18878728271368,4.18364139636962,4.18363992495799,4.18363992495799,4.18363992495799
2372,4.2557106154776,4.212977247339,4.20978179438001,4.20295823816564,4.1952220973116,4.18878966082305,4.18364413246972,4.18363873801112,4.18363873801113,4.18363873801113
2373,4.25570834820797,4.21297592791773,4.20978080063101,4.20295940280032,4.19522395986106,4.18879203807701,4.18364686767468,4.18363755161007,4.18363755161008,4.18363755161008
2374,4.25570608197965,4.21297460904982,4.20977980723745,4.20296056657861,4.19522582142896,4.18879441447317,4.18364960199062,4.18363636575391,4.18363636575391,4.18363636575391
2375,4.25570381679088,4.21297329073413,4.20977881419872,4.20296172950184,4.1952276820165,4.18879679000927,4.18365233542348,4.18363518044172,4.18363518044172,4.18363518044172
2376,4.25570155263993,4.21297197296958,4.20977782151426,4.20296289157135,4.19522954162485,4.18879916468318,4.18365506797908,4.18363399567259,4.18363399567259,4.18363399567259
2377,4.25569928952507,4.21297065575506,4.20977682918348,4.20296405278845,4.19523140025519,4.18880153849284,4.18365779966306,4.18363281144562,4.18363281144562,4.18363281144562
2378,4.25569702744459,4.21296933908948,4.2097758372058,4.2029652131545,4.19523325790864,4.18880391143632,4.18366053048093,4.18363162775991,4.18363162775991,4.18363162775991
2379,4.2556947663968,4.21296802297178,4.20977484558066,4.20296637267083,4.19523511458634,4.18880628351179,4.18366326043805,4.18363044461458,4.18363044461458,4.18363044461458
2380,4.25569250638002,4.2129667074009,4.20977385430749,4.20296753133877,4.1952369702894,4.18880865471749,4.18366598953965,4.18362926200876,4.18362926200876,4.18362926200876
2381,4.25569024739259,4.2129653923758,4.20977286338575,4.20296868915968,4.1952388250189,4.1888110250518,4.18366871779081,4.18362807994155,4.18362807994155,4.18362807994155
2382,4.25568798943284,4.21296407789544,4.20977187281489,4.20296984613489,4.19524067877594,4.18881339451315,4.1836714451965,4.18362689841211,4.18362689841211,4.18362689841211
2383,4.25568573249915,4.21296276395879,4.20977088259437,4.20297100226574,4.19524253156158,4.18881576310008,4.18367417176157,4.18362571741958,4.18362571741958,4.18362571741958
2384,4.25568347658986,4.21296145056487,4.20976989272365,4.20297215755359,4.19524438337687,4.18881813081119,4.18367689749071,4.18362453696309,4.18362453696309,4.18362453696309
2385,4.25568122170338,4.21296013771266,4.20976890320221,4.20297331199976,4.19524623422286,4.18882049764519,4.18367962238853,4.1836233570418,4.1836233570418,4.1836233570418
2386,4.25567896783809,4.21295882540117,4.20976791402952,4.20297446560562,4.19524808410059,4.18882286360084,4.18368234645951,4.18362217765488,4.18362217765488,4.18362217765488
2387,4.2556767149924,4.21295751362944,4.20976692520507,4.2029756183725,4.19524993301106,4.18882522867702,4.18368506970802,4.18362099880149,4.18362099880149,4.18362099880149
2388,4.25567446316473,4.21295620239651,4.20976593672832,4.20297677030175,4.19525178095532,4.18882759287264,4.18368779213831,4.18361982048081,4.18361982048081,4.18361982048081
2389,4.25567221235351,4.21295489170139,4.20976494859882,4.2029779213947,4.19525362793434,4.1888299561867,4.18369051375455,4.183618642692,4.183618642692,4.183618642692
2390,4.25566996255719,4.21295358154317,4.20976396081601,4.2029790716527,4.19525547394915,4.18883231861826,4.18369323456077,4.18361746543425,4.18361746543425,4.18361746543425
2391,4.25566771377419,4.21295227192089,4.20976297337942,4.20298022107709,4.19525731900071,4.18883468016647,4.18369595456093,4.18361628870677,4.18361628870676,4.18361628870676
2392,4.255665466003,4.21295096283364,4.20976198628856,4.20298136966922,4.19525916309002,4.18883704083051,4.18369867375889,4.18361511250872,4.18361511250872,4.18361511250872
2393,4.25566321924208,4.21294965428049,4.20976099954294,4.2029825174304,4.19526100621805,4.18883940060965,4.18370139215841,4.18361393683932,4.18361393683932,4.18361393683932
2394,4.25566097348992,4.21294834626055,4.20976001314208,4.20298366436199,4.19526284838577,4.18884175950321,4.18370410976314,4.18361276169778,4.18361276169778,4.18361276169778
2395,4.25565872874498,4.21294703877291,4.20975902708549,4.20298481046531,4.19526468959416,4.18884411751056,4.18370682657669,4.1836115870833,4.1836115870833,4.1836115870833
2396,4.2556564850058,4.21294573181667,4.20975804137271,4.20298595574168,4.19526652984417,4.18884647463114,4.18370954260253,4.1836104129951,4.1836104129951,4.1836104129951
2397,4.25565424227086,4.21294442539097,4.20975705600326,4.20298710019247,4.19526836913674,4.18884883086444,4.18371225784408,4.18360923943239,4.18360923943239,4.18360923943239
2398,4.2556520005387,4.21294311949492,4.20975607097668,4.20298824381898,4.19527020747285,4.18885118620999,4.18371497230467,4.18360806639441,4.18360806639441,4.18360806639441
2399,4.25564975980783,4.21294181412766,4.20975508629252,4.20298938662252,4.19527204485343,4.1888535406674,4.18371768598753,4.18360689388037,4.18360689388037,4.18360689388037
2400,4.25564752007679,4.21294050928833,4.20975410195031,4.20299052860443,4.19527388127943,4.18885589423628,4.18372039889585,4.18360572188953,4.18360572188953,4.18360572188953
2401,4.25564528134414,4.21293920497608,4.2097531179496,4.20299166976601,4.19527571675179,4.18885824691635,4.18372311103272,4.18360455042111,4.1836045504211,4.1836045504211
2402,4.25564304360842,4.21293790119007,4.20975213428994,4.20299281010861,4.19527755127144,4.18886059870731,4.18372582240117,4.18360337947435,4.18360337947435,4.18360337947435
2403,4.25564080686817,4.21293659792946,4.20975115097089,4.20299394963352,4.19527938483934,4.18886294960896,4.18372853300415,4.18360220904851,4.18360220904851,4.18360220904851
2404,4.255638571122,4.21293529519343,4.209750167992,4.20299508834205,4.1952812174564,4.18886529962111,4.18373124284453,4.18360103914283,4.18360103914283,4.18360103914283
2405,4.25563633636846,4.21293399298115,4.20974918535283,4.20299622623551,4.19528304912357,4.18886764874362,4.18373395192514,4.18359986975657,4.18359986975657,4.18359986975657
2406,4.25563410260614,4.21293269129182,4.20974820305296,4.20299736331521,4.19528487984177,4.18886999697639,4.18373666024874,4.18359870088899,4.18359870088899,4.18359870088899
2407,4.25563186983364,4.2129313901246,4.20974722109195,4.20299849958244,4.19528670961194,4.18887234431935,4.183739367818,4.18359753253936,4.18359753253936,4.18359753253936
2408,4.25562963804956,4.21293008947874,4.20974623946936,4.2029996350385,4.195288538435,4.18887469077248,4.18374207463556,4.18359636470694,4.18359636470694,4.18359636470694
2409,4.25562740725248,4.21292878935341,4.2097452581848,4.20300076968469,4.19529036631188,4.18887703633579,4.18374478070398,4.18359519739099,4.18359519739099,4.18359519739099
2410,4.25562517744105,4.21292748974783,4.2097442772378,4.2030019035223,4.19529219324351,4.18887938100932,4.18374748602577,4.18359403059081,4.18359403059081,4.18359403059081
2411,4.25562294861386,4.21292619066122,4.20974329662798,4.20300303655261,4.19529401923083,4.18888172479315,4.18375019060339,4.18359286430565,4.18359286430565,4.18359286430565
2412,4.25562072076957,4.2129248920928,4.20974231635491,4.20300416877691,4.19529584427474,4.1888840676874,4.18375289443924,4.18359169853481,4.18359169853481,4.18359169853481
2413,4.25561849390679,4.21292359404181,4.20974133641817,4.20300530019648,4.19529766837618,4.18888640969219,4.18375559753565,4.18359053327758,4.18359053327758,4.18359053327758
2414,4.25561626802416,4.21292229650749,4.20974035681735,4.2030064308126,4.19529949153608,4.1888887508077,4.18375829989492,4.18358936853323,4.18358936853323,4.18358936853323
2415,4.25561404312035,4.21292099948905,4.20973937755207,4.20300756062654,4.19530131375537,4.18889109103413,4.18376100151929,4.18358820430107,4.18358820430107,4.18358820430107
2416,4.25561181919399,4.21291970298578,4.20973839862188,4.20300868963957,4.19530313503497,4.18889343037171,4.18376370241094,4.18358704058038,4.18358704058038,4.18358704058038
2417,4.25560959624375,4.2129184069969,4.20973742002643,4.20300981785295,4.19530495537582,4.18889576882069,4.18376640257204,4.18358587737047,4.18358587737047,4.18358587737047
2418,4.25560737426829,4.21291711152168,4.20973644176528,4.20301094526796,4.19530677477884,4.18889810638134,4.18376910200467,4.18358471467064,4.18358471467065,4.18358471467065
2419,4.2556051532663,4.21291581655939,4.20973546383805,4.20301207188584,4.19530859324496,4.18890044305398,4.18377180071089,4.1835835524802,4.1835835524802,4.1835835524802
2420,4.25560293323644,4.21291452210929,4.20973448624435,4.20301319770786,4.1953104107751,4.18890277883892,4.1837744986927,4.18358239079845,4.18358239079845,4.18358239079845
2421,4.2556007141774,4.21291322817066,4.20973350898377,4.20301432273527,4.19531222737022,4.18890511373653,4.18377719595206,4.1835812296247,4.1835812296247,4.1835812296247
2422,4.25559849608787,4.21291193474277,4.20973253205594,4.20301544696931,4.19531404303124,4.18890744774716,4.18377989249092,4.18358006895827,4.18358006895827,4.18358006895827
2423,4.25559627896654,4.21291064182491,4.20973155546046,4.20301657041124,4.19531585775908,4.18890978087123,4.18378258831113,4.18357890879847,4.18357890879847,4.18357890879847
2424,4.25559406281212,4.21290934941636,4.20973057919695,4.20301769306229,4.19531767155469,4.18891211310914,4.18378528341454,4.18357774914463,4.18357774914463,4.18357774914463
2425,4.25559184762331,4.21290805751643,4.20972960326503,4.2030188149237,4.19531948441901,4.18891444446134,4.18378797780296,4.18357658999607,4.18357658999607,4.18357658999607
2426,4.25558963339883,4.21290676612439,4.20972862766433,4.20301993599671,4.19532129635297,4.18891677492826,4.18379067147817,4.18357543135211,4.18357543135211,4.18357543135211
2427,4.25558742013739,4.21290547523957,4.20972765239444,4.20302105628255,4.19532310735751,4.1889191045104,4.18379336444188,4.18357427321209,4.18357427321209,4.18357427321209
2428,4.2555852078377,4.21290418486126,4.20972667745501,4.20302217578244,4.19532491743358,4.18892143320824,4.18379605669579,4.18357311557533,4.18357311557533,4.18357311557533
2429,4.2555829964985,4.21290289498877,4.20972570284566,4.20302329449762,4.19532672658211,4.18892376102228,4.18379874824155,4.18357195844117,4.18357195844117,4.18357195844117
2430,4.25558078611854,4.21290160562141,4.20972472856602,4.20302441242929,4.19532853480407,4.18892608795306,4.1838014390808,4.18357080180894,4.18357080180894,4.18357080180894
2431,4.25557857669652,4.21290031675851,4.20972375461571,4.20302552957868,4.19533034210037,4.18892841400111,4.18380412921514,4.18356964567799,4.18356964567799,4.18356964567799
2432,4.25557636823121,4.2128990283994,4.20972278099437,4.203026645947,4.19533214847198,4.188930739167,4.1838068186461,4.18356849004765,4.18356849004765,4.18356849004765
2433,4.25557416072134,4.21289774054339,4.20972180770163,4.20302776153546,4.19533395391985,4.1889330634513,4.18380950737523,4.18356733491727,4.18356733491727,4.18356733491727
2434,4.25557195416567,4.21289645318981,4.20972083473713,4.20302887634527,4.19533575844491,4.18893538685457,4.18381219540404,4.1835661802862,4.1835661802862,4.1835661802862
2435,4.25556974856296,4.212895166338,4.2097198621005,4.20302999037763,4.19533756204815,4.18893770937744,4.18381488273398,4.18356502615378,4.18356502615378,4.18356502615378
2436,4.25556754391195,4.2128938799873,4.20971888979139,4.20303110363374,4.19533936473049,4.18894003102051,4.1838175693665,4.18356387251937,4.18356387251937,4.18356387251937
2437,4.25556534021144,4.21289259413705,4.20971791780943,4.20303221611481,4.19534116649291,4.18894235178439,4.18382025530301,4.18356271938232,4.18356271938232,4.18356271938232
2438,4.25556313746016,4.21289130878659,4.20971694615428,4.20303332782201,4.19534296733636,4.18894467166975,4.18382294054489,4.18356156674199,4.18356156674199,4.18356156674199
2439,4.25556093565692,4.21289002393527,4.20971597482556,4.20303443875654,4.1953447672618,4.18894699067722,4.1838256250935,4.18356041459773,4.18356041459773,4.18356041459773
2440,4.25555873480047,4.21288873958245,4.20971500382293,4.20303554891959,4.19534656627019,4.18894930880746,4.18382830895019,4.18355926294891,4.18355926294891,4.18355926294891
2441,4.25555653488961,4.21288745572749,4.20971403314603,4.20303665831234,4.19534836436249,4.18895162606114,4.18383099211625,4.18355811179489,4.18355811179489,4.18355811179489
2442,4.25555433592312,4.21288617236972,4.20971306279452,4.20303776693597,4.19535016153969,4.18895394243894,4.18383367459296,4.18355696113503,4.18355696113503,4.18355696113503
2443,4.2555521378998,4.21288488950854,4.20971209276804,4.20303887479166,4.19535195780272,4.18895625794156,4.18383635638159,4.18355581096869,4.1835558109687,4.1835558109687
2444,4.25554994081842,4.21288360714329,4.20971112306625,4.20303998188059,4.19535375315259,4.18895857256969,4.18383903748336,4.18355466129527,4.18355466129527,4.18355466129527
2445,4.25554774467781,4.21288232527336,4.2097101536888,4.20304108820391,4.19535554759024,4.18896088632405,4.1838417178995,4.18355351211411,4.18355351211411,4.18355351211411
2446,4.25554554947675,4.21288104389809,4.20970918463534,4.20304219376281,4.19535734111665,4.18896319920535,4.18384439763119,4.1835523634246,4.1835523634246,4.1835523634246
2447,4.25554335521406,4.21287976301689,4.20970821590554,4.20304329855844,4.1953591337328,4.18896551121433,4.1838470766796,4.18355121522611,4.18355121522612,4.18355121522612
2448,4.25554116188854,4.21287848262911,4.20970724749905,4.20304440259198,4.19536092543967,4.1889678223517,4.18384975504587,4.18355006751803,4.18355006751803,4.18355006751803
2449,4.25553896949902,4.21287720273414,4.20970627941552,4.20304550586457,4.19536271623822,4.18897013261824,4.18385243273114,4.18354892029972,4.18354892029972,4.18354892029972
2450,4.25553677804431,4.21287592333138,4.20970531165463,4.20304660837736,4.19536450612945,4.18897244201467,4.1838551097365,4.18354777357057,4.18354777357057,4.18354777357057
2451,4.25553458752323,4.2128746444202,4.20970434421604,4.20304771013151,4.19536629511434,4.18897475054175,4.18385778606305,4.18354662732996,4.18354662732996,4.18354662732996
2452,4.2555323979346,4.21287336599999,4.20970337709939,4.20304881112818,4.19536808319386,4.18897705820026,4.18386046171185,4.18354548157729,4.18354548157729,4.18354548157729
2453,4.25553020927727,4.21287208807015,4.20970241030437,4.20304991136851,4.19536987036901,4.18897936499096,4.18386313668395,4.18354433631193,4.18354433631193,4.18354433631193
2454,4.25552802155006,4.21287081063006,4.20970144383064,4.20305101085363,4.19537165664076,4.18898167091464,4.18386581098038,4.18354319153328,4.18354319153328,4.18354319153328
2455,4.25552583475179,4.21286953367915,4.20970047767786,4.20305210958469,4.19537344201011,4.18898397597206,4.18386848460215,4.18354204724073,4.18354204724073,4.18354204724073
2456,4.25552364888134,4.21286825721678,4.2096995118457,4.20305320756284,4.19537522647805,4.18898628016403,4.18387115755026,4.18354090343367,4.18354090343367,4.18354090343367
2457,4.25552146393752,4.21286698124239,4.20969854633383,4.20305430478919,4.19537701004556,4.18898858349133,4.18387382982569,4.1835397601115,4.1835397601115,4.1835397601115
2458,4.25551927991919,4.21286570575536,4.20969758114193,4.20305540126489,4.19537879271365,4.18899088595476,4.18387650142939,4.18353861727361,4.18353861727361,4.18353861727361
2459,4.2555170968252,4.21286443075512,4.20969661626967,4.20305649699107,4.1953805744833,4.18899318755513,4.18387917236231,4.1835374749194,4.1835374749194,4.1835374749194
2460,4.25551491465441,4.21286315624106,4.20969565171672,4.20305759196885,4.19538235535552,4.18899548829325,4.18388184262539,4.18353633304827,4.18353633304827,4.18353633304827
2461,4.25551273340567,4.2128618822126,4.20969468748275,4.20305868619936,4.19538413533128,4.18899778816992,4.18388451221953,4.18353519165963,4.18353519165963,4.18353519165963
2462,4.25551055307783,4.21286060866916,4.20969372356744,4.20305977968371,4.19538591441161,4.18900008718598,4.18388718114564,4.18353405075288,4.18353405075288,4.18353405075288
2463,4.25550837366978,4.21285933561015,4.20969275997047,4.20306087242302,4.19538769259749,4.18900238534223,4.18388984940459,4.18353291032742,4.18353291032742,4.18353291032742
2464,4.25550619518037,4.21285806303501,4.20969179669152,4.20306196441841,4.19538946988994,4.18900468263951,4.18389251699726,4.18353177038266,4.18353177038267,4.18353177038267
2465,4.25550401760847,4.21285679094314,4.20969083373026,4.203063055671,4.19539124628994,4.18900697907863,4.18389518392451,4.18353063091802,4.18353063091802,4.18353063091802
2466,4.25550184095296,4.21285551933398,4.20968987108637,4.20306414618188,4.1953930217985,4.18900927466044,4.18389785018717,4.1835294919329,4.1835294919329,4.1835294919329
2467,4.25549966521272,4.21285424820695,4.20968890875955,4.20306523595217,4.19539479641664,4.18901156938577,4.18390051578609,4.1835283534267,4.18352835342671,4.18352835342671
2468,4.25549749038662,4.21285297756149,4.20968794674945,4.20306632498299,4.19539657014534,4.18901386325546,4.18390318072206,4.18352721539886,4.18352721539886,4.18352721539886
2469,4.25549531647355,4.21285170739701,4.20968698505579,4.20306741327542,4.19539834298564,4.18901615627034,4.18390584499591,4.18352607784878,4.18352607784878,4.18352607784878
2470,4.25549314347239,4.21285043771297,4.20968602367822,4.20306850083057,4.19540011493853,4.18901844843127,4.1839085086084,4.18352494077588,4.18352494077588,4.18352494077588
2471,4.25549097138204,4.21284916850879,4.20968506261646,4.20306958764954,4.19540188600502,4.18902073973909,4.18391117156034,4.18352380417958,4.18352380417958,4.18352380417958
2472,4.25548880020138,4.21284789978392,4.20968410187016,4.20307067373341,4.19540365618612,4.18902303019464,4.18391383385248,4.1835226680593,4.18352266805929,4.18352266805929
2473,4.25548662992932,4.21284663153779,4.20968314143904,4.2030717590833,4.19540542548284,4.18902531979879,4.18391649548557,4.18352153241445,4.18352153241445,4.18352153241445
2474,4.25548446056474,4.21284536376983,4.20968218132278,4.20307284370028,4.19540719389619,4.18902760855238,4.18391915646036,4.18352039724448,4.18352039724448,4.18352039724448
2475,4.25548229210656,4.21284409647951,4.20968122152106,4.20307392758544,4.1954089614272,4.18902989645625,4.18392181677759,4.18351926254879,4.18351926254879,4.18351926254879
2476,4.25548012455366,4.21284282966628,4.20968026203357,4.20307501073987,4.19541072807687,4.18903218351129,4.18392447643799,4.18351812832682,4.18351812832682,4.18351812832682
2477,4.25547795790497,4.21284156332957,4.20967930286,4.20307609316466,4.19541249384623,4.18903446971834,4.18392713544224,4.183516994578,4.183516994578,4.183516994578
2478,4.2554757921594,4.21284029746883,4.20967834400006,4.20307717486087,4.19541425873627,4.18903675507827,4.18392979379106,4.18351586130174,4.18351586130174,4.18351586130174
2479,4.25547362731585,4.21283903208352,4.20967738545343,4.20307825582961,4.19541602274803,4.18903903959192,4.18393245148515,4.1835147284975,4.1835147284975,4.1835147284975
2480,4.25547146337323,4.21283776717311,4.2096764272198,4.20307933607193,4.19541778588253,4.18904132326017,4.18393510852517,4.18351359616469,4.18351359616469,4.18351359616469
2481,4.25546930033048,4.21283650273701,4.20967546929888,4.20308041558891,4.19541954814076,4.18904360608389,4.18393776491181,4.18351246430275,4.18351246430275,4.18351246430275
2482,4.2554671381865,4.21283523877474,4.20967451169035,4.20308149438163,4.19542130952377,4.18904588806393,4.18394042064573,4.18351133291112,4.18351133291112,4.18351133291112
2483,4.25546497694023,4.2128339752857,4.20967355439392,4.20308257245115,4.19542307003257,4.18904816920116,4.18394307572756,4.18351020198923,4.18351020198923,4.18351020198923
2484,4.25546281659059,4.2128327122694,4.20967259740928,4.20308364979854,4.19542482966818,4.18905044949646,4.18394573015798,4.18350907153653,4.18350907153653,4.18350907153653
2485,4.2554606571365,4.21283144972526,4.20967164073614,4.20308472642488,4.19542658843161,4.18905272895068,4.1839483839376,4.18350794155244,4.18350794155244,4.18350794155244
2486,4.25545849857691,4.21283018765278,4.20967068437418,4.20308580233121,4.1954283463239,4.18905500756469,4.18395103706705,4.18350681203642,4.18350681203642,4.18350681203642
2487,4.25545634091074,4.21282892605143,4.20966972832311,4.2030868775186,4.19543010334607,4.18905728533937,4.18395368954695,4.18350568298791,4.18350568298791,4.18350568298791
2488,4.25545418413694,4.21282766492065,4.20966877258265,4.20308795198812,4.19543185949912,4.18905956227558,4.18395634137792,4.18350455440634,4.18350455440634,4.18350455440634
2489,4.25545202825443,4.21282640425992,4.20966781715247,4.20308902574081,4.1954336147841,4.1890618383742,4.18395899256054,4.18350342629117,4.18350342629117,4.18350342629117
2490,4.25544987326217,4.21282514406873,4.20966686203229,4.20309009877774,4.19543536920202,4.1890641136361,4.18396164309542,4.18350229864184,4.18350229864184,4.18350229864184
2491,4.25544771915911,4.21282388434653,4.20966590722182,4.20309117109995,4.19543712275391,4.18906638806213,4.18396429298314,4.18350117145781,4.1835011714578,4.1835011714578
2492,4.25544556594418,4.21282262509282,4.20966495272075,4.20309224270849,4.19543887544078,4.18906866165319,4.18396694222427,4.1835000447385,4.1835000447385,4.1835000447385
2493,4.25544341361634,4.21282136630705,4.2096639985288,4.20309331360442,4.19544062726368,4.18907093441013,4.1839695908194,4.18349891848339,4.18349891848339,4.18349891848339
2494,4.25544126217455,4.21282010798872,4.20966304464566,4.20309438378878,4.19544237822361,4.18907320633382,4.18397223876908,4.18349779269192,4.18349779269192,4.18349779269192
2495,4.25543911161775,4.21281885013731,4.20966209107105,4.20309545326262,4.19544412832161,4.18907547742514,4.18397488607387,4.18349666736355,4.18349666736355,4.18349666736355
2496,4.25543696194491,4.21281759275229,4.20966113780467,4.20309652202698,4.1954458775587,4.18907774768497,4.18397753273431,4.18349554249772,4.18349554249773,4.18349554249773
2497,4.25543481315498,4.21281633583315,4.20966018484624,4.2030975900829,4.19544762593591,4.18908001711415,4.18398017875095,4.18349441809391,4.18349441809391,4.18349441809391
2498,4.25543266524693,4.21281507937938,4.20965923219546,4.20309865743141,4.19544937345426,4.18908228571358,4.18398282412433,4.18349329415155,4.18349329415155,4.18349329415155
2499,4.25543051821973,4.21281382339045,4.20965827985204,4.20309972407357,4.19545112011478,4.18908455348411,4.18398546885497,4.18349217067012,4.18349217067012,4.18349217067012
2500,4.25542837207232,4.21281256786587,4.2096573278157,4.20310079001039,4.19545286591849,4.18908682042663,4.1839881129434,4.18349104764907,4.18349104764907,4.18349104764907
2501,4.25542622680371,4.21281131280512,4.20965637608614,4.20310185524291,4.19545461086642,4.18908908654198,4.18399075639014,4.18348992508786,4.18348992508786,4.18348992508786
2502,4.25542408241286,4.21281005820768,4.20965542466309,4.20310291977217,4.19545635495959,4.18909135183106,4.18399339919569,4.18348880298596,4.18348880298596,4.18348880298596
2503,4.25542193889873,4.21280880407307,4.20965447354624,4.20310398359919,4.19545809819904,4.18909361629471,4.18399604136055,4.18348768134282,4.18348768134282,4.18348768134282
2504,4.25541979626031,4.21280755040076,4.20965352273532,4.203105046725,4.19545984058578,4.18909587993382,4.18399868288524,4.18348656015793,4.18348656015792,4.18348656015792
2505,4.25541765449658,4.21280629719026,4.20965257223005,4.20310610915062,4.19546158212085,4.18909814274923,4.18400132377023,4.18348543943073,4.18348543943073,4.18348543943073
2506,4.25541551360652,4.21280504444105,4.20965162203013,4.20310717087709,4.19546332280526,4.18910040474184,4.18400396401602,4.1834843191607,4.1834843191607,4.1834843191607
2507,4.25541337358911,4.21280379215266,4.20965067213529,4.20310823190542,4.19546506264004,4.18910266591249,4.18400660362308,4.1834831993473,4.1834831993473,4.1834831993473
2508,4.25541123444335,4.21280254032455,4.20964972254524,4.20310929223663,4.19546680162624,4.18910492626205,4.1840092425919,4.18348207999002,4.18348207999002,4.18348207999002
2509,4.25540909616821,4.21280128895626,4.20964877325969,4.20311035187173,4.19546853976485,4.18910718579138,4.18401188092294,4.18348096108831,4.18348096108831,4.18348096108831
2510,4.25540695876271,4.21280003804727,4.20964782427838,4.20311141081176,4.19547027705692,4.18910944450136,4.18401451861667,4.18347984264165,4.18347984264165,4.18347984264165
2511,4.25540482222581,4.21279878759709,4.20964687560101,4.20311246905772,4.19547201350346,4.18911170239284,4.18401715567354,4.18347872464951,4.18347872464951,4.18347872464951
2512,4.25540268655653,4.21279753760523,4.20964592722732,4.20311352661062,4.19547374910549,4.18911395946667,4.18401979209402,4.18347760711137,4.18347760711137,4.18347760711137
2513,4.25540055175387,4.21279628807118,4.20964497915701,4.20311458347147,4.19547548386405,4.18911621572373,4.18402242787856,4.18347649002671,4.18347649002671,4.18347649002671
2514,4.25539841781681,4.21279503899448,4.20964403138981,4.20311563964129,4.19547721778016,4.18911847116486,4.18402506302759,4.183475373395,4.183475373395,4.183475373395
2515,4.25539628474436,4.21279379037461,4.20964308392545,4.20311669512108,4.19547895085485,4.18912072579094,4.18402769754155,4.18347425721572,4.18347425721572,4.18347425721572
2516,4.25539415253554,4.2127925422111,4.20964213676364,4.20311774991184,4.19548068308912,4.18912297960281,4.18403033142089,4.18347314148835,4.18347314148835,4.18347314148835
2517,4.25539202118936,4.21279129450345,4.20964118990411,4.20311880401459,4.19548241448402,4.18912523260132,4.18403296466604,4.18347202621237,4.18347202621237,4.18347202621237
2518,4.25538989070481,4.21279004725117,4.20964024334659,4.20311985743032,4.19548414504055,4.18912748478735,4.18403559727741,4.18347091138726,4.18347091138726,4.18347091138726
2519,4.2553877610809,4.21278880045379,4.2096392970908,4.20312091016005,4.19548587475975,4.18912973616173,4.18403822925545,4.18346979701251,4.18346979701251,4.18346979701251
2520,4.25538563231667,4.21278755411083,4.20963835113646,4.20312196220475,4.19548760364263,4.18913198672532,4.18404086060055,4.1834686830876,4.1834686830876,4.1834686830876
2521,4.25538350441111,4.21278630822179,4.20963740548331,4.20312301356543,4.19548933169022,4.18913423647897,4.18404349131314,4.18346756961201,4.18346756961201,4.18346756961201
2522,4.25538137736326,4.2127850627862,4.20963646013106,4.20312406424309,4.19549105890354,4.18913648542354,4.18404612139362,4.18346645658523,4.18346645658523,4.18346645658523
2523,4.25537925117213,4.21278381780358,4.20963551507946,4.20312511423872,4.19549278528359,4.18913873355986,4.18404875084241,4.18346534400676,4.18346534400675,4.18346534400675
2524,4.25537712583674,4.21278257327344,4.20963457032822,4.20312616355331,4.19549451083141,4.18914098088879,4.18405137965989,4.18346423187607,4.18346423187606,4.18346423187606
2525,4.25537500135612,4.21278132919531,4.20963362587708,4.20312721218787,4.19549623554802,4.18914322741118,4.18405400784647,4.18346312019265,4.18346312019265,4.18346312019265
2526,4.2553728777293,4.21278008556872,4.20963268172576,4.20312826014336,4.19549795943443,4.18914547312785,4.18405663540254,4.18346200895601,4.18346200895601,4.18346200895601
2527,4.25537075495531,4.2127788423932,4.209631737874,4.20312930742078,4.19549968249165,4.18914771803967,4.18405926232849,4.18346089816563,4.18346089816563,4.18346089816563
2528,4.25536863303317,4.21277759966826,4.20963079432153,4.20313035402113,4.19550140472072,4.18914996214747,4.18406188862471,4.183459787821,4.183459787821,4.183459787821
2529,4.25536651196192,4.21277635739344,4.20962985106808,4.20313139994537,4.19550312612264,4.1891522054521,4.18406451429158,4.18345867792163,4.18345867792162,4.18345867792162
2530,4.25536439174061,4.21277511556825,4.20962890811338,4.20313244519449,4.19550484669843,4.18915444795438,4.18406713932948,4.18345756846699,4.18345756846699,4.18345756846699
2531,4.25536227236826,4.21277387419224,4.20962796545717,4.20313348976948,4.19550656644911,4.18915668965517,4.18406976373878,4.1834564594566,4.1834564594566,4.1834564594566
2532,4.25536015384391,4.21277263326494,4.20962702309918,4.20313453367132,4.19550828537569,4.18915893055528,4.18407238751985,4.18345535088994,4.18345535088994,4.18345535088994
2533,4.25535803616662,4.21277139278587,4.20962608103915,4.20313557690097,4.19551000347917,4.18916117065557,4.18407501067307,4.18345424276652,4.18345424276652,4.18345424276652
2534,4.25535591933541,4.21277015275459,4.2096251392768,4.20313661945944,4.19551172076059,4.18916340995686,4.18407763319879,4.18345313508584,4.18345313508584,4.18345313508584
2535,4.25535380334934,4.21276891317059,4.20962419781189,4.20313766134766,4.19551343722094,4.18916564845998,4.18408025509739,4.1834520278474,4.1834520278474,4.1834520278474
2536,4.25535168820746,4.21276767403345,4.20962325664413,4.20313870256664,4.19551515286124,4.18916788616578,4.18408287636921,4.1834509210507,4.1834509210507,4.1834509210507
2537,4.25534957390882,4.21276643534269,4.20962231577327,4.20313974311734,4.1955168676825,4.18917012307505,4.18408549701461,4.18344981469524,4.18344981469524,4.18344981469524
2538,4.25534746045246,4.21276519709783,4.20962137519907,4.20314078300072,4.19551858168574,4.18917235918866,4.18408811703395,4.18344870878053,4.18344870878053,4.18344870878053
2539,4.25534534783745,4.21276395929844,4.20962043492123,4.20314182221776,4.19552029487194,4.18917459450741,4.18409073642757,4.18344760330607,4.18344760330607,4.18344760330607
2540,4.25534323606284,4.21276272194405,4.20961949493951,4.20314286076942,4.19552200724214,4.18917682903212,4.18409335519581,4.18344649827137,4.18344649827137,4.18344649827137
2541,4.25534112512769,4.21276148503419,4.20961855525364,4.20314389865667,4.19552371879733,4.18917906276363,4.18409597333903,4.18344539367594,4.18344539367594,4.18344539367594
2542,4.25533901503107,4.21276024856842,4.20961761586338,4.20314493588047,4.19552542953851,4.18918129570275,4.18409859085756,4.18344428951928,4.18344428951928,4.18344428951928
2543,4.25533690577203,4.21275901254626,4.20961667676845,4.20314597244179,4.19552713946672,4.1891835278503,4.18410120775174,4.18344318580091,4.1834431858009,4.1834431858009
2544,4.25533479734963,4.21275777696729,4.2096157379686,4.20314700834159,4.19552884858292,4.1891857592071,4.1841038240219,4.18344208252033,4.18344208252033,4.18344208252033
2545,4.25533268976294,4.21275654183103,4.20961479946358,4.20314804358082,4.19553055688814,4.18918798977397,4.18410643966837,4.18344097967705,4.18344097967706,4.18344097967706
2546,4.25533058301104,4.21275530713702,4.20961386125312,4.20314907816045,4.19553226438337,4.18919021955171,4.18410905469149,4.1834398772706,4.1834398772706,4.1834398772706
2547,4.25532847709299,4.21275407288483,4.20961292333697,4.20315011208142,4.19553397106962,4.18919244854115,4.18411166909157,4.18343877530048,4.18343877530048,4.18343877530048
2548,4.25532637200786,4.21275283907401,4.20961198571487,4.2031511453447,4.19553567694788,4.18919467674309,4.18411428286895,4.18343767376621,4.18343767376621,4.18343767376621
2549,4.25532426775474,4.2127516057041,4.20961104838657,4.20315217795124,4.19553738201916,4.18919690415835,4.18411689602393,4.1834365726673,4.1834365726673,4.1834365726673
2550,4.25532216433269,4.21275037277465,4.20961011135183,4.20315320990199,4.19553908628446,4.18919913078772,4.18411950855685,4.18343547200327,4.18343547200327,4.18343547200327
2551,4.2553200617408,4.21274914028521,4.20960917461037,4.20315424119789,4.19554078974478,4.18920135663203,4.18412212046801,4.18343437177364,4.18343437177364,4.18343437177364
2552,4.25531795997814,4.21274790823535,4.20960823816194,4.20315527183991,4.19554249240109,4.18920358169207,4.18412473175774,4.18343327197793,4.18343327197792,4.18343327197792
2553,4.2553158590438,4.21274667662461,4.20960730200629,4.20315630182898,4.19554419425441,4.18920580596864,4.18412734242633,4.18343217261565,4.18343217261565,4.18343217261565
2554,4.25531375893687,4.21274544545254,4.20960636614319,4.20315733116604,4.19554589530574,4.18920802946255,4.1841299524741,4.18343107368633,4.18343107368632,4.18343107368632
2555,4.25531165965642,4.21274421471872,4.20960543057236,4.20315835985206,4.19554759555606,4.18921025217459,4.18413256190134,4.18342997518948,4.18342997518948,4.18342997518948
2556,4.25530956120154,4.21274298442268,4.20960449529358,4.20315938788796,4.19554929500635,4.18921247410557,4.18413517070839,4.18342887712464,4.18342887712464,4.18342887712464
2557,4.25530746357133,4.21274175456401,4.20960356030656,4.2031604152747,4.19555099365763,4.18921469525628,4.18413777889551,4.18342777949132,4.18342777949133,4.18342777949133
2558,4.25530536676489,4.21274052514224,4.20960262561108,4.20316144201321,4.19555269151087,4.18921691562751,4.18414038646303,4.18342668228906,4.18342668228906,4.18342668228906
2559,4.25530327078129,4.21273929615695,4.20960169120688,4.20316246810442,4.19555438856706,4.18921913522006,4.18414299341122,4.18342558551737,4.18342558551737,4.18342558551737
2560,4.25530117561964,4.2127380676077,4.20960075709371,4.20316349354928,4.19555608482719,4.18922135403472,4.1841455997404,4.18342448917579,4.18342448917579,4.18342448917579
2561,4.25529908127904,4.21273683949403,4.20959982327133,4.20316451834872,4.19555778029225,4.18922357207228,4.18414820545085,4.18342339326383,4.18342339326383,4.18342339326383
2562,4.25529698775858,4.21273561181554,4.20959888973949,4.20316554250368,4.19555947496323,4.18922578933352,4.18415081054286,4.18342229778104,4.18342229778104,4.18342229778104
2563,4.25529489505737,4.21273438457177,4.20959795649794,4.20316656601508,4.1955611688411,4.18922800581923,4.18415341501671,4.18342120272693,4.18342120272693,4.18342120272693
2564,4.25529280317451,4.21273315776229,4.20959702354644,4.20316758888387,4.19556286192686,4.1892302215302,4.18415601887271,4.18342010810104,4.18342010810104,4.18342010810104
2565,4.25529071210909,4.21273193138668,4.20959609088473,4.20316861111096,4.19556455422147,4.18923243646722,4.18415862211111,4.18341901390291,4.18341901390291,4.18341901390291
2566,4.25528862186025,4.2127307054445,4.20959515851258,4.20316963269729,4.19556624572592,4.18923465063105,4.18416122473222,4.18341792013206,4.18341792013206,4.18341792013206
2567,4.25528653242706,4.21272947993531,4.20959422642976,4.20317065364378,4.1955679364412,4.18923686402248,4.18416382673631,4.18341682678803,4.18341682678803,4.18341682678803
2568,4.25528444380867,4.21272825485869,4.20959329463599,4.20317167395137,4.19556962636828,4.18923907664228,4.18416642812367,4.18341573387035,4.18341573387035,4.18341573387035
2569,4.25528235600417,4.2127270302142,4.20959236313104,4.20317269362097,4.19557131550813,4.18924128849125,4.18416902889455,4.18341464137856,4.18341464137856,4.18341464137856
2570,4.25528026901267,4.21272580600143,4.20959143191469,4.20317371265351,4.19557300386174,4.18924349957014,4.18417162904925,4.18341354931219,4.18341354931219,4.18341354931219
2571,4.25527818283329,4.21272458221994,4.20959050098667,4.2031747310499,4.19557469143007,4.18924570987972,4.18417422858803,4.18341245767079,4.18341245767079,4.18341245767079
2572,4.25527609746516,4.2127233588693,4.20958957034675,4.20317574881107,4.19557637821411,4.18924791942078,4.18417682751116,4.18341136645389,4.18341136645389,4.18341136645389
2573,4.25527401290739,4.21272213594911,4.20958863999469,4.20317676593794,4.19557806421482,4.18925012819407,4.18417942581892,4.18341027566103,4.18341027566102,4.18341027566102
2574,4.2552719291591,4.2127209134589,4.20958770993026,4.20317778243141,4.19557974943316,4.18925233620038,4.18418202351156,4.18340918529174,4.18340918529174,4.18340918529174
2575,4.25526984621942,4.21271969139829,4.2095867801532,4.20317879829241,4.19558143387012,4.18925454344045,4.18418462058936,4.18340809534558,4.18340809534558,4.18340809534558
2576,4.25526776408747,4.21271846976684,4.20958585066327,4.20317981352186,4.19558311752667,4.18925674991506,4.18418721705257,4.18340700582209,4.18340700582209,4.18340700582209
2577,4.25526568276238,4.21271724856412,4.20958492146026,4.20318082812067,4.19558480040375,4.18925895562497,4.18418981290146,4.1834059167208,4.1834059167208,4.1834059167208
2578,4.25526360224327,4.21271602778973,4.2095839925439,4.20318184208974,4.19558648250235,4.18926116057094,4.18419240813629,4.18340482804126,4.18340482804126,4.18340482804126
2579,4.25526152252929,4.21271480744323,4.20958306391398,4.20318285542997,4.19558816382343,4.18926336475373,4.18419500275732,4.18340373978302,4.18340373978302,4.18340373978302
2580,4.25525944361954,4.21271358752422,4.20958213557024,4.2031838681423,4.19558984436793,4.1892655681741,4.1841975967648,4.18340265194562,4.18340265194562,4.18340265194562
2581,4.25525736551319,4.21271236803227,4.20958120751245,4.20318488022762,4.19559152413685,4.18926777083279,4.18420019015899,4.18340156452861,4.18340156452861,4.18340156452861
2582,4.25525528820936,4.21271114896696,4.20958027974039,4.20318589168684,4.19559320313111,4.18926997273057,4.18420278294015,4.18340047753154,4.18340047753154,4.18340047753154
2583,4.25525321170718,4.21270993032788,4.2095793522538,4.20318690252086,4.19559488135171,4.18927217386819,4.18420537510852,4.18339939095395,4.18339939095395,4.18339939095395
2584,4.25525113600581,4.21270871211462,4.20957842505247,4.20318791273058,4.19559655879958,4.18927437424639,4.18420796666436,4.1833983047954,4.1833983047954,4.1833983047954
2585,4.25524906110437,4.21270749432676,4.20957749813615,4.2031889223169,4.19559823547567,4.18927657386593,4.18421055760791,4.18339721905544,4.18339721905544,4.18339721905544
2586,4.255246987002,4.21270627696389,4.20957657150461,4.20318993128074,4.19559991138096,4.18927877272755,4.18421314793942,4.18339613373361,4.18339613373361,4.18339613373361
2587,4.25524491369787,4.2127050600256,4.20957564515762,4.20319093962296,4.19560158651638,4.189280970832,4.18421573765915,4.18339504882947,4.18339504882947,4.18339504882947
2588,4.25524284119111,4.21270384351147,4.20957471909495,4.2031919473445,4.1956032608829,4.18928316818002,4.18421832676732,4.18339396434258,4.18339396434258,4.18339396434258
2589,4.25524076948087,4.21270262742109,4.20957379331636,4.20319295444623,4.19560493448146,4.18928536477235,4.18422091526419,4.18339288027248,4.18339288027248,4.18339288027248
2590,4.25523869856631,4.21270141175406,4.20957286782161,4.20319396092905,4.19560660731301,4.18928756060974,4.18422350315,4.18339179661874,4.18339179661874,4.18339179661874
2591,4.25523662844656,4.21270019650996,4.2095719426105,4.20319496679386,4.1956082793785,4.18928975569292,4.18422609042498,4.18339071338091,4.1833907133809,4.1833907133809
2592,4.25523455912078,4.2126989816884,4.20957101768277,4.20319597204154,4.19560995067888,4.18929195002263,4.18422867708938,4.18338963055854,4.18338963055854,4.18338963055854
2593,4.25523249058813,4.21269776728896,4.20957009303821,4.20319697667298,4.19561162121509,4.18929414359961,4.18423126314344,4.18338854815119,4.18338854815119,4.18338854815119
2594,4.25523042284778,4.21269655331123,4.20956916867658,4.20319798068908,4.19561329098807,4.18929633642458,4.18423384858738,4.18338746615843,4.18338746615843,4.18338746615843
2595,4.25522835589888,4.21269533975481,4.20956824459766,4.20319898409073,4.19561495999876,4.18929852849828,4.18423643342145,4.18338638457981,4.18338638457981,4.18338638457981
2596,4.25522628974057,4.2126941266193,4.20956732080122,4.2031999868788,4.19561662824812,4.18930071982145,4.18423901764588,4.18338530341489,4.18338530341489,4.18338530341489
2597,4.25522422437203,4.21269291390429,4.20956639728702,4.20320098905419,4.19561829573707,4.18930291039479,4.1842416012609,4.18338422266324,4.18338422266324,4.18338422266324
2598,4.25522215979242,4.21269170160938,4.20956547405484,4.20320199061777,4.19561996246656,4.18930510021906,4.18424418426675,4.18338314232441,4.18338314232441,4.18338314232441
2599,4.25522009600091,4.21269048973417,4.20956455110446,4.20320299157042,4.19562162843751,4.18930728929497,4.18424676666363,4.18338206239797,4.18338206239797,4.18338206239797
2600,4.25521803299667,4.21268927827826,4.20956362843566,4.20320399191304,4.19562329365088,4.18930947762325,4.1842493484518,4.18338098288349,4.18338098288348,4.18338098288348
2601,4.25521597077885,4.21268806724125,4.2095627060482,4.20320499164649,4.19562495810758,4.18931166520461,4.18425192963148,4.18337990378052,4.18337990378052,4.18337990378052
2602,4.25521390934664,4.21268685662274,4.20956178394185,4.20320599077166,4.19562662180855,4.18931385203977,4.18425451020288,4.18337882508864,4.18337882508864,4.18337882508864
2603,4.2552118486992,4.21268564642232,4.20956086211641,4.20320698928942,4.19562828475473,4.18931603812947,4.18425709016624,4.18337774680741,4.1833777468074,4.1833777468074
2604,4.2552097888357,4.21268443663961,4.20955994057164,4.20320798720065,4.19562994694704,4.18931822347441,4.18425966952178,4.18337666893639,4.18337666893639,4.18337666893639
2605,4.25520772975533,4.21268322727421,4.20955901930732,4.20320898450622,4.1956316083864,4.1893204080753,4.18426224826973,4.18337559147517,4.18337559147517,4.18337559147517
2606,4.25520567145726,4.21268201832573,4.20955809832322,4.20320998120699,4.19563326907375,4.18932259193286,4.18426482641029,4.1833745144233,4.1833745144233,4.1833745144233
2607,4.25520361394067,4.21268080979376,4.20955717761912,4.20321097730385,4.19563492901002,4.18932477504781,4.1842674039437,4.18337343778036,4.18337343778035,4.18337343778035
2608,4.25520155720474,4.21267960167791,4.20955625719482,4.20321197279766,4.19563658819612,4.18932695742085,4.18426998087017,4.18337236154591,4.18337236154591,4.18337236154591
2609,4.25519950124864,4.2126783939778,4.20955533705007,4.20321296768931,4.19563824663297,4.1893291390527,4.18427255718992,4.18337128571953,4.18337128571953,4.18337128571953
2610,4.25519744607157,4.21267718669303,4.20955441718466,4.20321396197963,4.19563990432149,4.18933131994406,4.18427513290316,4.1833702103008,4.1833702103008,4.1833702103008
2611,4.25519539167271,4.2126759798232,4.20955349759838,4.20321495566951,4.19564156126262,4.18933350009563,4.18427770801012,4.18336913528928,4.18336913528928,4.18336913528928
2612,4.25519333805125,4.21267477336792,4.20955257829099,4.2032159487598,4.19564321745725,4.18933567950813,4.184280282511,4.18336806068455,4.18336806068455,4.18336806068455
2613,4.25519128520637,4.21267356732682,4.20955165926229,4.20321694125137,4.19564487290632,4.18933785818223,4.18428285640603,4.18336698648619,4.18336698648619,4.18336698648619
2614,4.25518923313725,4.2126723616995,4.20955074051205,4.20321793314509,4.19564652761072,4.18934003611868,4.1842854296954,4.18336591269377,4.18336591269377,4.18336591269377
2615,4.25518718184312,4.21267115648556,4.20954982204006,4.2032189244418,4.19564818157139,4.18934221331814,4.18428800237933,4.18336483930687,4.18336483930687,4.18336483930687
2616,4.25518513132313,4.21266995168464,4.20954890384609,4.20321991514238,4.19564983478923,4.18934438978132,4.18429057445804,4.18336376632506,4.18336376632506,4.18336376632506
2617,4.2551830815765,4.21266874729632,4.20954798592994,4.20322090524767,4.19565148726513,4.18934656550892,4.18429314593173,4.18336269374793,4.18336269374793,4.18336269374793
2618,4.25518103260242,4.21266754332023,4.20954706829139,4.20322189475854,4.19565313900004,4.18934874050162,4.18429571680061,4.18336162157505,4.18336162157505,4.18336162157505
2619,4.25517898440009,4.212666339756,4.2095461509302,4.20322288367583,4.19565478999482,4.18935091476013,4.18429828706488,4.18336054980601,4.18336054980601,4.18336054980601
2620,4.25517693696871,4.21266513660323,4.20954523384618,4.2032238720004,4.19565644025042,4.18935308828513,4.18430085672477,4.18335947844039,4.18335947844039,4.18335947844039
2621,4.25517489030747,4.21266393386153,4.20954431703911,4.20322485973312,4.19565808976771,4.18935526107733,4.18430342578045,4.18335840747776,4.18335840747776,4.18335840747776
2622,4.25517284441559,4.21266273153053,4.20954340050879,4.2032258468748,4.19565973854762,4.18935743313739,4.18430599423215,4.18335733691771,4.18335733691771,4.18335733691771
2623,4.25517079929226,4.21266152960986,4.20954248425496,4.20322683342632,4.19566138659103,4.18935960446601,4.18430856208007,4.18335626675983,4.18335626675983,4.18335626675983
2624,4.2551687549367,4.21266032809911,4.20954156827745,4.20322781938852,4.19566303389885,4.18936177506387,4.1843111293244,4.1833551970037,4.1833551970037,4.1833551970037
2625,4.2551667113481,4.21265912699792,4.20954065257603,4.20322880476224,4.19566468047197,4.18936394493167,4.18431369596535,4.1833541276489,4.1833541276489,4.1833541276489
2626,4.25516466852569,4.2126579263059,4.2095397371505,4.20322978954833,4.1956663263113,4.18936611407007,4.18431626200313,4.18335305869503,4.18335305869503,4.18335305869503
2627,4.25516262646866,4.21265672602269,4.20953882200063,4.20323077374764,4.19566797141772,4.18936828247976,4.18431882743792,4.18335199014166,4.18335199014166,4.18335199014166
2628,4.25516058517624,4.2126555261479,4.20953790712621,4.203231757361,4.19566961579214,4.18937045016141,4.18432139226993,4.18335092198839,4.18335092198839,4.18335092198839
2629,4.25515854464764,4.21265432668114,4.20953699252705,4.20323274038926,4.19567125943544,4.18937261711572,4.18432395649936,4.1833498542348,4.1833498542348,4.1833498542348
2630,4.25515650488206,4.21265312762205,4.20953607820292,4.20323372283326,4.19567290234851,4.18937478334334,4.1843265201264,4.18334878688048,4.18334878688048,4.18334878688048
2631,4.25515446587873,4.21265192897027,4.2095351641536,4.20323470469383,4.19567454453225,4.18937694884496,4.18432908315125,4.18334771992503,4.18334771992503,4.18334771992503
2632,4.25515242763687,4.21265073072539,4.20953425037891,4.20323568597182,4.19567618598753,4.18937911362125,4.18433164557411,4.18334665336804,4.18334665336804,4.18334665336804
2633,4.2551503901557,4.21264953288707,4.20953333687862,4.20323666666805,4.19567782671525,4.18938127767288,4.18433420739516,4.18334558720909,4.18334558720909,4.18334558720909
2634,4.25514835343443,4.21264833545492,4.20953242365253,4.20323764678336,4.1956794667163,4.18938344100051,4.18433676861461,4.18334452144778,4.18334452144778,4.18334452144778
2635,4.2551463174723,4.21264713842857,4.20953151070043,4.20323862631859,4.19568110599154,4.18938560360483,4.18433932923264,4.1833434560837,4.1833434560837,4.1833434560837
2636,4.25514428226852,4.21264594180763,4.20953059802212,4.20323960527456,4.19568274454188,4.18938776548648,4.18434188924945,4.18334239111646,4.18334239111646,4.18334239111646
2637,4.25514224782232,4.21264474559177,4.20952968561737,4.20324058365211,4.19568438236818,4.18938992664614,4.18434444866522,4.18334132654563,4.18334132654563,4.18334132654563
2638,4.25514021413294,4.21264354978059,4.20952877348599,4.20324156145206,4.19568601947133,4.18939208708448,4.18434700748016,4.18334026237082,4.18334026237082,4.18334026237082
2639,4.25513818119959,4.21264235437373,4.20952786162776,4.20324253867525,4.1956876558522,4.18939424680215,4.18434956569444,4.18333919859163,4.18333919859163,4.18333919859163
2640,4.25513614902151,4.21264115937083,4.2095269500425,4.20324351532249,4.19568929151166,4.18939640579981,4.18435212330826,4.18333813520765,4.18333813520765,4.18333813520765
2641,4.25513411759794,4.2126399647715,4.20952603872999,4.20324449139462,4.19569092645059,4.18939856407813,4.1843546803218,4.18333707221848,4.18333707221848,4.18333707221848
2642,4.2551320869281,4.2126387705754,4.20952512769002,4.20324546689245,4.19569256066988,4.18940072163776,4.18435723673525,4.18333600962371,4.18333600962372,4.18333600962372
2643,4.25513005701124,4.21263757678215,4.20952421692239,4.20324644181681,4.19569419417037,4.18940287847935,4.1843597925488,4.18333494742297,4.18333494742297,4.18333494742297
2644,4.25512802784658,4.21263638339138,4.2095233064269,4.20324741616852,4.19569582695295,4.18940503460357,4.18436234776263,4.18333388561583,4.18333388561582,4.18333388561582
2645,4.25512599943337,4.21263519040274,4.20952239620334,4.2032483899484,4.19569745901848,4.18940719001106,4.18436490237693,4.1833328242019,4.1833328242019,4.1833328242019
2646,4.25512397177084,4.21263399781586,4.2095214862515,4.20324936315726,4.19569909036784,4.18940934470248,4.18436745639188,4.18333176318078,4.18333176318078,4.18333176318078
2647,4.25512194485825,4.21263280563038,4.2095205765712,4.20325033579592,4.19570072100187,4.18941149867847,4.18437000980766,4.18333070255208,4.18333070255208,4.18333070255208
2648,4.25511991869482,4.21263161384593,4.20951966716222,4.20325130786521,4.19570235092146,4.18941365193969,4.18437256262447,4.1833296423154,4.18332964231541,4.18332964231541
2649,4.2551178932798,4.21263042246215,4.20951875802437,4.20325227936592,4.19570398012745,4.18941580448677,4.18437511484247,4.18332858247036,4.18332858247035,4.18332858247035
2650,4.25511586861245,4.21262923147869,4.20951784915743,4.20325325029888,4.19570560862071,4.18941795632038,4.18437766646186,4.18332752301653,4.18332752301653,4.18332752301653
2651,4.255113844692,4.21262804089518,4.20951694056122,4.20325422066489,4.1957072364021,4.18942010744116,4.18438021748281,4.18332646395355,4.18332646395355,4.18332646395355
2652,4.25511182151772,4.21262685071125,4.20951603223553,4.20325519046477,4.19570886347248,4.18942225784973,4.1843827679055,4.18332540528101,4.18332540528101,4.18332540528101
2653,4.25510979908884,4.21262566092657,4.20951512418016,4.20325615969933,4.19571048983269,4.18942440754676,4.18438531773011,4.18332434699852,4.18332434699852,4.18332434699852
2654,4.25510777740461,4.21262447154076,4.20951421639491,4.20325712836937,4.19571211548361,4.18942655653287,4.18438786695682,4.18332328910568,4.18332328910568,4.18332328910568
2655,4.2551057564643,4.21262328255348,4.20951330887958,4.20325809647569,4.19571374042607,4.1894287048087,4.18439041558581,4.18332223160212,4.18332223160212,4.18332223160212
2656,4.25510373626715,4.21262209396436,4.20951240163398,4.20325906401911,4.19571536466093,4.1894308523749,4.18439296361725,4.18332117448744,4.18332117448744,4.18332117448744
2657,4.25510171681243,4.21262090577304,4.20951149465791,4.20326003100043,4.19571698818904,4.1894329992321,4.18439551105132,4.18332011776124,4.18332011776125,4.18332011776125
2658,4.25509969809938,4.21261971797919,4.20951058795116,4.20326099742044,4.19571861101125,4.18943514538093,4.1843980578882,4.18331906142315,4.18331906142315,4.18331906142315
2659,4.25509768012727,4.21261853058243,4.20950968151354,4.20326196327995,4.19572023312841,4.18943729082202,4.18440060412807,4.18331800547277,4.18331800547277,4.18331800547277
2660,4.25509566289536,4.21261734358242,4.20950877534486,4.20326292857976,4.19572185454135,4.18943943555601,4.18440314977109,4.18331694990972,4.18331694990972,4.18331694990972
2661,4.25509364640291,4.2126161569788,4.20950786944492,4.20326389332067,4.19572347525093,4.18944157958353,4.18440569481743,4.1833158947336,4.1833158947336,4.1833158947336
2662,4.25509163064919,4.21261497077123,4.20950696381352,4.20326485750347,4.19572509525797,4.1894437229052,4.18440823926729,4.18331483994404,4.18331483994404,4.18331483994404
2663,4.25508961563345,4.21261378495936,4.20950605845047,4.20326582112896,4.19572671456335,4.18944586552166,4.18441078312082,4.18331378554065,4.18331378554065,4.18331378554065
2664,4.25508760135497,4.21261259954282,4.20950515335557,4.20326678419793,4.19572833316787,4.18944800743352,4.18441332637819,4.18331273152304,4.18331273152304,4.18331273152304
2665,4.25508558781301,4.21261141452127,4.20950424852862,4.20326774671118,4.19572995107239,4.18945014864142,4.18441586903959,4.18331167789084,4.18331167789084,4.18331167789084
2666,4.25508357500684,4.21261022989437,4.20950334396945,4.20326870866949,4.19573156827773,4.18945228914598,4.18441841110518,4.18331062464365,4.18331062464365,4.18331062464365
2667,4.25508156293573,4.21260904566176,4.20950243967783,4.20326967007366,4.19573318478475,4.18945442894781,4.18442095257513,4.18330957178111,4.18330957178111,4.18330957178111
2668,4.25507955159896,4.2126078618231,4.2095015356536,4.20327063092447,4.19573480059426,4.18945656804754,4.18442349344962,4.18330851930282,4.18330851930282,4.18330851930282
2669,4.25507754099579,4.21260667837804,4.20950063189655,4.20327159122272,4.1957364157071,4.18945870644579,4.1844260337288,4.1833074672084,4.1833074672084,4.1833074672084
2670,4.2550755311255,4.21260549532624,4.20949972840649,4.20327255096918,4.1957380301241,4.18946084414318,4.18442857341285,4.18330641549749,4.18330641549749,4.18330641549749
2671,4.25507352198738,4.21260431266735,4.20949882518323,4.20327351016466,4.19573964384608,4.18946298114031,4.18443111250193,4.18330536416969,4.18330536416969,4.18330536416969
2672,4.25507151358067,4.21260313040102,4.20949792222658,4.20327446880991,4.19574125687388,4.18946511743782,4.18443365099623,4.18330431322463,4.18330431322463,4.18330431322463
2673,4.25506950590469,4.21260194852691,4.20949701953634,4.20327542690574,4.19574286920832,4.1894672530363,4.18443618889589,4.18330326266194,4.18330326266194,4.18330326266194
2674,4.2550674989587,4.21260076704468,4.20949611711234,4.20327638445292,4.19574448085023,4.18946938793637,4.18443872620109,4.18330221248123,4.18330221248122,4.18330221248122
2675,4.25506549274199,4.21259958595397,4.20949521495437,4.20327734145222,4.19574609180043,4.18947152213865,4.18444126291199,4.18330116268213,4.18330116268213,4.18330116268213
2676,4.25506348725384,4.21259840525447,4.20949431306224,4.20327829790444,4.19574770205973,4.18947365564373,4.18444379902877,4.18330011326426,4.18330011326426,4.18330011326426
2677,4.25506148249352,4.21259722494582,4.20949341143577,4.20327925381034,4.19574931162897,4.18947578845224,4.18444633455158,4.18329906422726,4.18329906422726,4.18329906422726
2678,4.25505947846034,4.21259604502768,4.20949251007477,4.2032802091707,4.19575092050895,4.18947792056478,4.18444886948058,4.18329801557074,4.18329801557074,4.18329801557074
2679,4.25505747515358,4.21259486549971,4.20949160897904,4.20328116398629,4.19575252870048,4.18948005198194,4.18445140381595,4.18329696729434,4.18329696729434,4.18329696729434
2680,4.25505547257251,4.21259368636157,4.20949070814841,4.2032821182579,4.19575413620441,4.18948218270435,4.18445393755783,4.18329591939767,4.18329591939767,4.18329591939767
2681,4.25505347071644,4.21259250761292,4.20948980758268,4.20328307198628,4.19575574302153,4.18948431273259,4.1844564707064,4.18329487188038,4.18329487188038,4.18329487188038
2682,4.25505146958466,4.21259132925344,4.20948890728167,4.20328402517222,4.19575734915265,4.18948644206727,4.18445900326183,4.18329382474209,4.18329382474209,4.18329382474209
2683,4.25504946917646,4.21259015128278,4.20948800724518,4.20328497781647,4.19575895459858,4.189488570709,4.18446153522427,4.18329277798242,4.18329277798243,4.18329277798243
2684,4.25504746949112,4.21258897370059,4.20948710747304,4.20328592991981,4.19576055936014,4.18949069865836,4.18446406659387,4.18329173160102,4.18329173160102,4.18329173160102
2685,4.25504547052796,4.21258779650655,4.20948620796505,4.203286881483,4.19576216343813,4.18949282591596,4.18446659737081,4.18329068559751,4.18329068559751,4.18329068559751
2686,4.25504347228627,4.21258661970032,4.20948530872104,4.20328783250682,4.19576376683335,4.1894949524824,4.18446912755525,4.18328963997152,4.18328963997152,4.18328963997152
2687,4.25504147476532,4.21258544328158,4.2094844097408,4.20328878299201,4.19576536954663,4.18949707835827,4.18447165714733,4.18328859472268,4.18328859472269,4.18328859472269
2688,4.25503947796445,4.21258426724998,4.20948351102417,4.20328973293934,4.19576697157875,4.18949920354415,4.18447418614723,4.18328754985064,4.18328754985064,4.18328754985064
2689,4.25503748188294,4.21258309160518,4.20948261257096,4.20329068234959,4.19576857293051,4.18950132804065,4.18447671455509,4.18328650535502,4.18328650535502,4.18328650535502
2690,4.2550354865201,4.21258191634687,4.20948171438098,4.2032916312235,4.19577017360273,4.18950345184836,4.18447924237109,4.18328546123546,4.18328546123546,4.18328546123546
2691,4.25503349187522,4.2125807414747,4.20948081645404,4.20329257956184,4.19577177359619,4.18950557496786,4.18448176959537,4.18328441749159,4.18328441749159,4.18328441749159
2692,4.25503149794762,4.21257956698835,4.20947991878998,4.20329352736536,4.1957733729117,4.18950769739975,4.18448429622809,4.18328337412305,4.18328337412305,4.18328337412305
2693,4.2550295047366,4.21257839288748,4.20947902138859,4.20329447463482,4.19577497155005,4.18950981914461,4.18448682226941,4.18328233112948,4.18328233112948,4.18328233112948
2694,4.25502751224147,4.21257721917178,4.2094781242497,4.20329542137097,4.19577656951203,4.18951194020303,4.1844893477195,4.18328128851051,4.18328128851051,4.18328128851051
2695,4.25502552046153,4.2125760458409,4.20947722737312,4.20329636757457,4.19577816679844,4.18951406057558,4.18449187257849,4.18328024626579,4.18328024626579,4.18328024626579
2696,4.2550235293961,4.21257487289451,4.20947633075869,4.20329731324637,4.19577976341008,4.18951618026286,4.18449439684655,4.18327920439495,4.18327920439495,4.18327920439495
2697,4.25502153904449,4.2125737003323,4.20947543440621,4.20329825838712,4.19578135934771,4.18951829926545,4.18449692052383,4.18327816289763,4.18327816289763,4.18327816289763
2698,4.25501954940601,4.21257252815393,4.2094745383155,4.20329920299757,4.19578295461216,4.18952041758393,4.18449944361049,4.18327712177347,4.18327712177347,4.18327712177347
2699,4.25501756047998,4.21257135635908,4.20947364248639,4.20330014707846,4.19578454920418,4.18952253521888,4.18450196610668,4.18327608102212,4.18327608102212,4.18327608102212
2700,4.25501557226571,4.21257018494742,4.20947274691869,4.20330109063056,4.19578614312458,4.18952465217087,4.18450448801256,4.18327504064321,4.18327504064321,4.18327504064321
2701,4.25501358476251,4.21256901391862,4.20947185161222,4.20330203365458,4.19578773637414,4.18952676844049,4.18450700932828,4.18327400063639,4.18327400063639,4.18327400063639
2702,4.25501159796971,4.21256784327237,4.2094709565668,4.2033029761513,4.19578932895363,4.1895288840283,4.18450953005398,4.1832729610013,4.1832729610013,4.1832729610013
2703,4.25500961188663,4.21256667300835,4.20947006178226,4.20330391812145,4.19579092086383,4.1895309989349,4.18451205018984,4.18327192173758,4.18327192173758,4.18327192173758
2704,4.25500762651258,4.21256550312621,4.20946916725842,4.20330485956577,4.19579251210554,4.18953311316083,4.18451456973599,4.18327088284489,4.18327088284489,4.18327088284489
2705,4.25500564184689,4.21256433362564,4.20946827299509,4.203305800485,4.19579410267954,4.18953522670669,4.18451708869258,4.18326984432286,4.18326984432286,4.18326984432286
2706,4.25500365788888,4.21256316450633,4.20946737899211,4.20330674087988,4.19579569258658,4.18953733957304,4.18451960705977,4.18326880617114,4.18326880617114,4.18326880617114
2707,4.25500167463787,4.21256199576795,4.20946648524928,4.20330768075115,4.19579728182745,4.18953945176045,4.18452212483772,4.18326776838938,4.18326776838938,4.18326776838938
2708,4.25499969209321,4.21256082741017,4.20946559176644,4.20330862009954,4.19579887040292,4.18954156326948,4.18452464202656,4.18326673097722,4.18326673097722,4.18326673097722
2709,4.25499771025421,4.21255965943269,4.20946469854341,4.2033095589258,4.19580045831378,4.18954367410072,4.18452715862646,4.18326569393431,4.18326569393432,4.18326569393432
2710,4.25499572912018,4.21255849183517,4.20946380558001,4.20331049723065,4.19580204556078,4.18954578425471,4.18452967463755,4.18326465726031,4.18326465726031,4.18326465726031
2711,4.25499374869047,4.21255732461731,4.20946291287608,4.20331143501483,4.19580363214469,4.18954789373204,4.18453219006,4.18326362095486,4.18326362095486,4.18326362095486
2712,4.25499176896442,4.21255615777878,4.20946202043142,4.20331237227906,4.1958052180663,4.18955000253325,4.18453470489394,4.18326258501761,4.18326258501761,4.18326258501761
2713,4.25498978994135,4.21255499131927,4.20946112824587,4.2033133090241,4.19580680332635,4.18955211065892,4.18453721913953,4.1832615494482,4.1832615494482,4.1832615494482
2714,4.25498781162059,4.21255382523845,4.20946023631925,4.20331424525065,4.19580838792563,4.18955421810961,4.18453973279692,4.1832605142463,4.1832605142463,4.1832605142463
2715,4.25498583400147,4.21255265953602,4.20945934465139,4.20331518095944,4.19580997186489,4.18955632488586,4.18454224586625,4.18325947941156,4.18325947941156,4.18325947941156
2716,4.25498385708335,4.21255149421165,4.2094584532421,4.20331611615122,4.19581155514488,4.18955843098826,4.18454475834767,4.18325844494362,4.18325844494362,4.18325844494362
2717,4.25498188086555,4.21255032926504,4.20945756209123,4.20331705082669,4.19581313776639,4.18956053641734,4.18454727024133,4.18325741084214,4.18325741084214,4.18325741084214
2718,4.2549799053474,4.21254916469587,4.20945667119859,4.20331798498659,4.19581471973016,4.18956264117368,4.18454978154737,4.18325637710678,4.18325637710678,4.18325637710678
2719,4.25497793052827,4.21254800050382,4.20945578056403,4.20331891863163,4.19581630103696,4.18956474525782,4.18455229226594,4.18325534373718,4.18325534373718,4.18325534373718
2720,4.25497595640748,4.21254683668858,4.20945489018734,4.20331985176254,4.19581788168753,4.18956684867031,4.18455480239718,4.18325431073301,4.18325431073301,4.18325431073301
2721,4.25497398298437,4.21254567324984,4.20945400006837,4.20332078438004,4.19581946168264,4.18956895141172,4.18455731194125,4.18325327809392,4.18325327809392,4.18325327809392
2722,4.25497201025829,4.21254451018729,4.20945311020695,4.20332171648485,4.19582104102304,4.18957105348259,4.18455982089829,4.18325224581957,4.18325224581957,4.18325224581957
2723,4.25497003822858,4.21254334750061,4.20945222060291,4.20332264807769,4.19582261970949,4.18957315488347,4.18456232926844,4.18325121390961,4.1832512139096,4.1832512139096
2724,4.2549680668946,4.2125421851895,4.20945133125607,4.20332357915927,4.19582419774272,4.18957525561492,4.18456483705185,4.18325018236369,4.18325018236369,4.18325018236369
2725,4.25496609625568,4.21254102325364,4.20945044216627,4.2033245097303,4.1958257751235,4.18957735567747,4.18456734424865,4.18324915118149,4.1832491511815,4.1832491511815
2726,4.25496412631117,4.21253986169274,4.20944955333332,4.20332543979151,4.19582735185258,4.18957945507168,4.18456985085901,4.18324812036267,4.18324812036266,4.18324812036266
2727,4.25496215706043,4.21253870050647,4.20944866475706,4.2033263693436,4.19582892793069,4.18958155379811,4.18457235688305,4.18324708990687,4.18324708990686,4.18324708990686
2728,4.25496018850282,4.21253753969452,4.20944777643733,4.20332729838729,4.19583050335858,4.18958365185728,4.18457486232092,4.18324605981375,4.18324605981375,4.18324605981375
2729,4.25495822063767,4.2125363792566,4.20944688837395,4.20332822692328,4.19583207813701,4.18958574924974,4.18457736717277,4.18324503008299,4.18324503008299,4.18324503008299
2730,4.25495625346434,4.2125352191924,4.20944600056676,4.20332915495229,4.19583365226669,4.18958784597605,4.18457987143873,4.18324400071425,4.18324400071425,4.18324400071425
2731,4.2549542869822,4.2125340595016,4.20944511301558,4.20333008247502,4.1958352257484,4.18958994203672,4.18458237511896,4.18324297170717,4.18324297170717,4.18324297170717
2732,4.25495232119059,4.2125329001839,4.20944422572025,4.20333100949219,4.19583679858285,4.18959203743232,4.18458487821358,4.18324194306144,4.18324194306144,4.18324194306144
2733,4.25495035608886,4.212531741239,4.2094433386806,4.20333193600448,4.1958383707708,4.18959413216337,4.18458738072276,4.1832409147767,4.1832409147767,4.1832409147767
2734,4.25494839167639,4.2125305826666,4.20944245189646,4.20333286201262,4.19583994231298,4.18959622623042,4.18458988264661,4.18323988685264,4.18323988685264,4.18323988685264
2735,4.25494642795253,4.21252942446638,4.20944156536767,4.20333378751731,4.19584151321011,4.18959831963401,4.18459238398529,4.1832388592889,4.1832388592889,4.1832388592889
2736,4.25494446491664,4.21252826663805,4.20944067909405,4.20333471251923,4.19584308346295,4.18960041237466,4.18459488473893,4.18323783208516,4.18323783208516,4.18323783208516
2737,4.25494250256808,4.21252710918131,4.20943979307545,4.20333563701909,4.19584465307222,4.18960250445292,4.18459738490768,4.18323680524108,4.18323680524108,4.18323680524108
2738,4.25494054090622,4.21252595209584,4.20943890731169,4.2033365610176,4.19584622203864,4.18960459586931,4.18459988449168,4.18323577875634,4.18323577875634,4.18323577875634
2739,4.25493857993042,4.21252479538136,4.2094380218026,4.20333748451545,4.19584779036296,4.18960668662437,4.18460238349108,4.18323475263059,4.18323475263059,4.18323475263059
2740,4.25493661964005,4.21252363903754,4.20943713654804,4.20333840751334,4.1958493580459,4.18960877671863,4.18460488190599,4.1832337268635,4.1832337268635,4.1832337268635
2741,4.25493466003446,4.21252248306411,4.20943625154782,4.20333933001196,4.19585092508819,4.18961086615263,4.18460737973657,4.18323270145475,4.18323270145475,4.18323270145475
2742,4.25493270111304,4.21252132746076,4.20943536680178,4.20334025201202,4.19585249149056,4.18961295492688,4.18460987698295,4.183231676404,4.183231676404,4.183231676404
2743,4.25493074287516,4.21252017222718,4.20943448230976,4.20334117351418,4.19585405725373,4.18961504304193,4.18461237364528,4.18323065171093,4.18323065171093,4.18323065171093
2744,4.25492878532017,4.21251901736309,4.20943359807161,4.20334209451916,4.19585562237841,4.18961713049829,4.18461486972369,4.1832296273752,4.1832296273752,4.1832296273752
2745,4.25492682844745,4.21251786286818,4.20943271408713,4.20334301502764,4.19585718686535,4.18961921729649,4.18461736521832,4.18322860339648,4.18322860339648,4.18322860339648
2746,4.25492487225638,4.21251670874215,4.20943183035618,4.20334393504032,4.19585875071524,4.18962130343706,4.18461986012931,4.18322757977445,4.18322757977445,4.18322757977445
2747,4.25492291674634,4.2125155549847,4.20943094687861,4.20334485455788,4.19586031392882,4.18962338892052,4.18462235445679,4.18322655650878,4.18322655650878,4.18322655650878
2748,4.25492096191668,4.21251440159556,4.20943006365422,4.203345773581,4.19586187650681,4.18962547374739,4.1846248482009,4.18322553359914,4.18322553359914,4.18322553359914
2749,4.2549190077668,4.2125132485744,4.20942918068289,4.20334669211038,4.19586343844991,4.1896275579182,4.18462734136179,4.18322451104521,4.18322451104521,4.18322451104521
2750,4.25491705429607,4.21251209592094,4.20942829796443,4.20334761014669,4.19586499975885,4.18962964143346,4.18462983393958,4.18322348884666,4.18322348884666,4.18322348884666
2751,4.25491510150385,4.2125109436349,4.20942741549868,4.20334852769062,4.19586656043434,4.1896317242937,4.18463232593442,4.18322246700317,4.18322246700317,4.18322246700317
2752,4.25491314938956,4.21250979171596,4.20942653328549,4.20334944474285,4.19586812047708,4.18963380649943,4.18463481734643,4.1832214455144,4.1832214455144,4.1832214455144
2753,4.25491119795255,4.21250864016383,4.20942565132469,4.20335036130407,4.19586967988779,4.18963588805117,4.18463730817576,4.18322042438004,4.18322042438004,4.18322042438004
2754,4.25490924719222,4.21250748897824,4.20942476961612,4.20335127737495,4.19587123866719,4.18963796894944,4.18463979842254,4.18321940359977,4.18321940359977,4.18321940359977
2755,4.25490729710793,4.21250633815888,4.20942388815962,4.20335219295616,4.19587279681597,4.18964004919476,4.1846422880869,4.18321838317326,4.18321838317326,4.18321838317326
2756,4.25490534769909,4.21250518770546,4.20942300695504,4.20335310804839,4.19587435433486,4.18964212878762,4.18464477716899,4.18321736310018,4.18321736310018,4.18321736310018
2757,4.25490339896507,4.21250403761768,4.20942212600221,4.20335402265232,4.19587591122454,4.18964420772856,4.18464726566893,4.18321634338023,4.18321634338023,4.18321634338023
2758,4.25490145090526,4.21250288789528,4.20942124530096,4.20335493676862,4.19587746748573,4.18964628601809,4.18464975358687,4.18321532401307,4.18321532401307,4.18321532401307
2759,4.25489950351905,4.21250173853794,4.20942036485115,4.20335585039796,4.19587902311913,4.1896483636567,4.18465224092293,4.18321430499838,4.18321430499838,4.18321430499838
2760,4.25489755680583,4.21250058954538,4.20941948465261,4.20335676354101,4.19588057812544,4.18965044064492,4.18465472767724,4.18321328633586,4.18321328633586,4.18321328633586
2761,4.25489561076499,4.2124994409173,4.20941860470518,4.20335767619845,4.19588213250536,4.18965251698325,4.18465721384996,4.18321226802517,4.18321226802517,4.18321226802517
2762,4.25489366539592,4.21249829265342,4.20941772500872,4.20335858837094,4.19588368625959,4.18965459267221,4.1846596994412,4.183211250066,4.183211250066,4.183211250066
2763,4.25489172069801,4.21249714475347,4.20941684556306,4.20335950005916,4.19588523938884,4.18965666771228,4.18466218445109,4.18321023245803,4.18321023245803,4.18321023245803
2764,4.25488977667067,4.21249599721713,4.20941596636803,4.20336041126376,4.19588679189378,4.18965874210399,4.18466466887979,4.18320921520095,4.18320921520095,4.18320921520095
2765,4.25488783331326,4.21249485004415,4.20941508742348,4.20336132198542,4.19588834377512,4.18966081584784,4.18466715272741,4.18320819829443,4.18320819829443,4.18320819829443
2766,4.25488589062522,4.21249370323421,4.20941420872927,4.2033622322248,4.19588989503356,4.18966288894434,4.18466963599409,4.18320718173817,4.18320718173817,4.18320718173817
2767,4.25488394860591,4.21249255678704,4.20941333028522,4.20336314198258,4.19589144566979,4.18966496139397,4.18467211867996,4.18320616553184,4.18320616553184,4.18320616553184
2768,4.25488200725475,4.21249141070235,4.20941245209119,4.20336405125939,4.19589299568449,4.18966703319726,4.18467460078516,4.18320514967514,4.18320514967514,4.18320514967514
2769,4.25488006657113,4.21249026497986,4.20941157414701,4.20336496005593,4.19589454507835,4.18966910435469,4.18467708230981,4.18320413416774,4.18320413416774,4.18320413416774
2770,4.25487812655445,4.21248911961929,4.20941069645254,4.20336586837282,4.19589609385208,4.18967117486677,4.18467956325405,4.18320311900933,4.18320311900933,4.18320311900933
2771,4.25487618720412,4.21248797462035,4.20940981900761,4.20336677621075,4.19589764200635,4.18967324473399,4.18468204361801,4.18320210419961,4.18320210419961,4.18320210419961
2772,4.25487424851953,4.21248682998275,4.20940894181208,4.20336768357036,4.19589918954184,4.18967531395686,4.18468452340183,4.18320108973825,4.18320108973825,4.18320108973825
2773,4.2548723105001,4.21248568570623,4.20940806486578,4.20336859045232,4.19590073645924,4.18967738253587,4.18468700260563,4.18320007562494,4.18320007562494,4.18320007562494
2774,4.25487037314522,4.21248454179048,4.20940718816857,4.20336949685728,4.19590228275925,4.18967945047152,4.18468948122954,4.18319906185939,4.18319906185938,4.18319906185938
2775,4.2548684364543,4.21248339823524,4.20940631172028,4.20337040278589,4.19590382844253,4.18968151776429,4.18469195927369,4.18319804844126,4.18319804844126,4.18319804844126
2776,4.25486650042676,4.21248225504021,4.20940543552077,4.20337130823881,4.19590537350976,4.18968358441469,4.18469443673822,4.18319703537026,4.18319703537026,4.18319703537026
2777,4.25486456506199,4.21248111220512,4.20940455956988,4.20337221321669,4.19590691796164,4.18968565042321,4.18469691362326,4.18319602264607,4.18319602264607,4.18319602264607
2778,4.2548626303594,4.2124799697297,4.20940368386745,4.20337311772018,4.19590846179884,4.18968771579034,4.18469938992893,4.18319501026838,4.18319501026839,4.18319501026839
2779,4.25486069631842,4.21247882761367,4.20940280841333,4.20337402174993,4.19591000502202,4.18968978051658,4.18470186565537,4.1831939982369,4.1831939982369,4.1831939982369
2780,4.25485876293844,4.21247768585673,4.20940193320737,4.20337492530659,4.19591154763188,4.1896918446024,4.18470434080271,4.1831929865513,4.1831929865513,4.1831929865513
2781,4.25485683021888,4.21247654445862,4.20940105824944,4.2033758283908,4.19591308962907,4.1896939080483,4.18470681537106,4.18319197521128,4.18319197521128,4.18319197521128
2782,4.25485489815917,4.21247540341906,4.20940018353935,4.20337673100321,4.19591463101429,4.18969597085477,4.18470928936057,4.18319096421653,4.18319096421653,4.18319096421653
2783,4.2548529667587,4.21247426273776,4.20939930907697,4.20337763314447,4.19591617178818,4.18969803302229,4.18471176277136,4.18318995356675,4.18318995356675,4.18318995356675
2784,4.25485103601689,4.21247312241447,4.20939843486215,4.20337853481521,4.19591771195145,4.18970009455135,4.18471423560357,4.18318894326164,4.18318894326164,4.18318894326164
2785,4.25484910593317,4.21247198244889,4.20939756089472,4.2033794360161,4.19591925150472,4.18970215544244,4.18471670785732,4.18318793330088,4.18318793330088,4.18318793330088
2786,4.25484717650695,4.21247084284074,4.20939668717456,4.20338033674776,4.1959207904487,4.18970421569603,4.18471917953274,4.18318692368417,4.18318692368417,4.18318692368417
2787,4.25484524773765,4.21246970358978,4.20939581370148,4.20338123701083,4.19592232878403,4.18970627531262,4.18472165062995,4.18318591441122,4.18318591441122,4.18318591441122
2788,4.25484331962468,4.2124685646957,4.20939494047536,4.20338213680595,4.1959238665114,4.18970833429269,4.1847241211491,4.18318490548171,4.18318490548171,4.18318490548171
2789,4.25484139216749,4.21246742615824,4.20939406749604,4.20338303613376,4.19592540363146,4.18971039263671,4.1847265910903,4.18318389689534,4.18318389689534,4.18318389689534
2790,4.25483946536548,4.21246628797712,4.20939319476338,4.20338393499491,4.19592694014486,4.18971245034516,4.18472906045367,4.18318288865181,4.18318288865181,4.18318288865181
2791,4.25483753921807,4.21246515015208,4.20939232227721,4.20338483339002,4.19592847605228,4.18971450741854,4.18473152923936,4.18318188075082,4.18318188075081,4.18318188075081
2792,4.25483561372469,4.21246401268284,4.20939145003739,4.20338573131972,4.19593001135438,4.1897165638573,4.18473399744749,4.18318087319206,4.18318087319206,4.18318087319206
2793,4.25483368888477,4.21246287556913,4.20939057804378,4.20338662878466,4.19593154605182,4.18971861966194,4.18473646507817,4.18317986597524,4.18317986597524,4.18317986597524
2794,4.25483176469774,4.21246173881067,4.20938970629622,4.20338752578547,4.19593308014523,4.18972067483292,4.18473893213156,4.18317885910006,4.18317885910006,4.18317885910006
2795,4.25482984116302,4.21246060240721,4.20938883479457,4.20338842232276,4.19593461363531,4.18972272937073,4.18474139860776,4.18317785256622,4.18317785256622,4.18317785256622
2796,4.25482791828004,4.21245946635845,4.20938796353869,4.20338931839719,4.19593614652267,4.18972478327583,4.1847438645069,4.18317684637341,4.18317684637341,4.18317684637341
2797,4.25482599604822,4.21245833066414,4.20938709252841,4.20339021400936,4.195937678808,4.1897268365487,4.18474632982912,4.18317584052135,4.18317584052135,4.18317584052135
2798,4.25482407446702,4.21245719532401,4.20938622176359,4.20339110915991,4.19593921049194,4.18972888918983,4.18474879457453,4.18317483500972,4.18317483500972,4.18317483500972
2799,4.25482215353583,4.21245606033778,4.20938535124409,4.20339200384948,4.19594074157514,4.18973094119967,4.18475125874327,4.18317382983824,4.18317382983825,4.18317382983825
2800,4.25482023325412,4.2124549257052,4.20938448096976,4.20339289807868,4.19594227205825,4.18973299257869,4.18475372233546,4.18317282500661,4.18317282500661,4.18317282500661
2801,4.25481831362131,4.21245379142598,4.20938361094046,4.20339379184813,4.19594380194192,4.18973504332737,4.18475618535122,4.18317182051454,4.18317182051454,4.18317182051454
2802,4.25481639463684,4.21245265749987,4.20938274115602,4.20339468515847,4.1959453312268,4.18973709344618,4.18475864779069,4.18317081636171,4.18317081636171,4.18317081636171
2803,4.25481447630013,4.2124515239266,4.20938187161632,4.2033955780103,4.19594685991354,4.18973914293557,4.18476110965398,4.18316981254785,4.18316981254785,4.18316981254785
2804,4.25481255861063,4.21245039070589,4.20938100232121,4.20339647040427,4.19594838800277,4.18974119179603,4.18476357094123,4.18316880907266,4.18316880907266,4.18316880907266
2805,4.25481064156779,4.21244925783749,4.20938013327053,4.20339736234097,4.19594991549515,4.18974324002802,4.18476603165255,4.18316780593583,4.18316780593584,4.18316780593584
2806,4.25480872517102,4.21244812532113,4.20937926446415,4.20339825382104,4.19595144239132,4.18974528763199,4.18476849178808,4.18316680313709,4.18316680313709,4.18316680313709
2807,4.25480680941978,4.21244699315654,4.20937839590192,4.20339914484508,4.19595296869191,4.18974733460843,4.18477095134794,4.18316580067613,4.18316580067613,4.18316580067613
2808,4.2548048943135,4.21244586134347,4.20937752758369,4.20340003541371,4.19595449439758,4.18974938095779,4.18477341033224,4.18316479855267,4.18316479855267,4.18316479855267
2809,4.25480297985164,4.21244472988164,4.20937665950932,4.20340092552756,4.19595601950895,4.18975142668053,4.18477586874113,4.18316379676641,4.18316379676641,4.18316379676641
2810,4.25480106603364,4.21244359877079,4.20937579167867,4.20340181518723,4.19595754402667,4.18975347177711,4.18477832657472,4.18316279531706,4.18316279531706,4.18316279531706
2811,4.25479915285892,4.21244246801066,4.20937492409159,4.20340270439333,4.19595906795137,4.18975551624801,4.18478078383313,4.18316179420433,4.18316179420433,4.18316179420433
2812,4.25479724032695,4.21244133760099,4.20937405674794,4.20340359314648,4.19596059128369,4.18975756009366,4.1847832405165,4.18316079342793,4.18316079342793,4.18316079342793
2813,4.25479532843717,4.21244020754152,4.20937318964758,4.2034044814473,4.19596211402426,4.18975960331454,4.18478569662493,4.18315979298757,4.18315979298757,4.18315979298757
2814,4.25479341718902,4.21243907783198,4.20937232279036,4.20340536929637,4.19596363617372,4.18976164591111,4.18478815215857,4.18315879288296,4.18315879288296,4.18315879288296
2815,4.25479150658195,4.21243794847212,4.20937145617613,4.20340625669433,4.19596515773269,4.18976368788382,4.18479060711752,4.18315779311381,4.18315779311381,4.18315779311381
2816,4.25478959661542,4.21243681946167,4.20937058980477,4.20340714364177,4.19596667870182,4.18976572923312,4.18479306150193,4.18315679367983,4.18315679367983,4.18315679367983
2817,4.25478768728888,4.21243569080036,4.20936972367612,4.2034080301393,4.19596819908173,4.18976776995947,4.1847955153119,4.18315579458074,4.18315579458075,4.18315579458075
2818,4.25478577860176,4.21243456248796,4.20936885779005,4.20340891618752,4.19596971887304,4.18976981006334,4.18479796854756,4.18315479581626,4.18315479581626,4.18315479581626
2819,4.25478387055355,4.21243343452419,4.2093679921464,4.20340980178705,4.19597123807639,4.18977184954516,4.18480042120903,4.18315379738608,4.18315379738608,4.18315379738608
2820,4.25478196314366,4.21243230690879,4.20936712674505,4.20341068693847,4.19597275669239,4.1897738884054,4.18480287329645,4.18315279928993,4.18315279928993,4.18315279928993
2821,4.25478005637157,4.21243117964151,4.20936626158584,4.20341157164239,4.19597427472168,4.18977592664451,4.18480532480993,4.18315180152752,4.18315180152752,4.18315180152752
2822,4.25477815023674,4.21243005272209,4.20936539666864,4.20341245589943,4.19597579216488,4.18977796426293,4.18480777574959,4.18315080409857,4.18315080409857,4.18315080409857
2823,4.25477624473861,4.21242892615027,4.20936453199331,4.20341333971016,4.1959773090226,4.18978000126112,4.18481022611555,4.18314980700279,4.18314980700279,4.18314980700279
2824,4.25477433987665,4.21242779992581,4.20936366755971,4.20341422307519,4.19597882529549,4.18978203763952,4.18481267590795,4.1831488102399,4.1831488102399,4.1831488102399
2825,4.25477243565031,4.21242667404842,4.20936280336769,4.20341510599513,4.19598034098413,4.1897840733986,4.18481512512689,4.18314781380961,4.18314781380961,4.18314781380961
2826,4.25477053205905,4.21242554851788,4.20936193941712,4.20341598847055,4.19598185608917,4.18978610853879,4.18481757377251,4.18314681771164,4.18314681771164,4.18314681771164
2827,4.25476862910234,4.21242442333391,4.20936107570786,4.20341687050207,4.19598337061122,4.18978814306053,4.18482002184492,4.18314582194572,4.18314582194571,4.18314582194571
2828,4.25476672677962,4.21242329849627,4.20936021223977,4.20341775209027,4.1959848845509,4.18979017696428,4.18482246934425,4.18314482651154,4.18314482651154,4.18314482651154
2829,4.25476482509038,4.21242217400469,4.20935934901271,4.20341863323575,4.19598639790881,4.18979221025048,4.18482491627062,4.18314383140885,4.18314383140885,4.18314383140885
2830,4.25476292403406,4.21242104985895,4.20935848602653,4.20341951393909,4.19598791068558,4.18979424291959,4.18482736262415,4.18314283663735,4.18314283663735,4.18314283663735
2831,4.25476102361014,4.21241992605876,4.20935762328111,4.2034203942009,4.19598942288182,4.18979627497202,4.18482980840496,4.18314184219676,4.18314184219676,4.18314184219676
2832,4.25475912381808,4.21241880260387,4.20935676077631,4.20342127402175,4.19599093449813,4.18979830640825,4.18483225361317,4.18314084808681,4.18314084808681,4.18314084808681
2833,4.25475722465734,4.21241767949405,4.20935589851198,4.20342215340224,4.19599244553514,4.18980033722869,4.18483469824891,4.18313985430722,4.18313985430722,4.18313985430722
2834,4.25475532612739,4.21241655672902,4.20935503648798,4.20342303234296,4.19599395599344,4.1898023674338,4.1848371423123,4.1831388608577,4.1831388608577,4.1831388608577
2835,4.25475342822771,4.21241543430857,4.20935417470418,4.20342391084449,4.19599546587364,4.18980439702402,4.18483958580345,4.18313786773798,4.18313786773798,4.18313786773798
2836,4.25475153095775,4.2124143122324,4.20935331316045,4.20342478890741,4.19599697517637,4.18980642599978,4.18484202872249,4.18313687494778,4.18313687494778,4.18313687494778
2837,4.254749634317,4.21241319050029,4.20935245185665,4.20342566653231,4.19599848390222,4.18980845436151,4.18484447106953,4.18313588248683,4.18313588248683,4.18313588248683
2838,4.25474773830491,4.21241206911198,4.20935159079264,4.20342654371978,4.19599999205179,4.18981048210968,4.1848469128447,4.18313489035484,4.18313489035484,4.18313489035484
2839,4.25474584292098,4.21241094806723,4.20935072996827,4.2034274204704,4.19600149962569,4.18981250924469,4.18484935404813,4.18313389855154,4.18313389855154,4.18313389855154
2840,4.25474394816465,4.21240982736578,4.20934986938343,4.20342829678473,4.19600300662452,4.18981453576701,4.18485179467993,4.18313290707665,4.18313290707665,4.18313290707665
2841,4.25474205403541,4.21240870700739,4.20934900903795,4.20342917266338,4.19600451304889,4.18981656167705,4.18485423474021,4.18313191592991,4.18313191592991,4.18313191592991
2842,4.25474016053274,4.21240758699179,4.20934814893174,4.20343004810691,4.19600601889938,4.18981858697526,4.18485667422911,4.18313092511102,4.18313092511103,4.18313092511103
2843,4.25473826765611,4.21240646731876,4.20934728906463,4.2034309231159,4.19600752417661,4.18982061166205,4.18485911314673,4.18312993461973,4.18312993461973,4.18312993461973
2844,4.254736375405,4.21240534798805,4.20934642943649,4.20343179769093,4.19600902888118,4.18982263573788,4.18486155149321,4.18312894445576,4.18312894445576,4.18312894445576
2845,4.25473448377887,4.2124042289994,4.20934557004719,4.20343267183258,4.19601053301367,4.18982465920317,4.18486398926866,4.18312795461883,4.18312795461882,4.18312795461882
2846,4.25473259277722,4.21240311035255,4.2093447108966,4.20343354554141,4.19601203657468,4.18982668205835,4.1848664264732,4.18312696510866,4.18312696510866,4.18312696510866
2847,4.25473070239953,4.21240199204729,4.20934385198456,4.20343441881801,4.19601353956481,4.18982870430385,4.18486886310695,4.183125975925,4.183125975925,4.183125975925
2848,4.25472881264528,4.21240087408335,4.20934299331097,4.20343529166295,4.19601504198465,4.18983072594011,4.18487129917002,4.18312498706756,4.18312498706756,4.18312498706756
2849,4.25472692351393,4.21239975646048,4.20934213487568,4.20343616407678,4.1960165438348,4.18983274696755,4.18487373466255,4.18312399853608,4.18312399853607,4.18312399853607
2850,4.25472503500498,4.21239863917847,4.20934127667855,4.2034370360601,4.19601804511584,4.18983476738659,4.18487616958466,4.18312301033027,4.18312301033027,4.18312301033027
2851,4.25472314711791,4.21239752223703,4.20934041871947,4.20343790761346,4.19601954582837,4.18983678719766,4.18487860393643,4.18312202244989,4.18312202244989,4.18312202244989
2852,4.25472125985221,4.21239640563595,4.20933956099827,4.20343877873744,4.19602104597297,4.18983880640121,4.18488103771802,4.18312103489464,4.18312103489464,4.18312103489464
2853,4.25471937320736,4.21239528937497,4.20933870351485,4.2034396494326,4.19602254555023,4.18984082499763,4.18488347092954,4.18312004766427,4.18312004766427,4.18312004766427
2854,4.25471748718284,4.21239417345385,4.20933784626906,4.2034405196995,4.19602404456074,4.18984284298738,4.1848859035711,4.18311906075851,4.18311906075851,4.18311906075851
2855,4.25471560177814,4.21239305787235,4.20933698926078,4.20344138953871,4.19602554300509,4.18984486037085,4.18488833564283,4.18311807417708,4.18311807417708,4.18311807417708
2856,4.25471371699276,4.21239194263023,4.20933613248986,4.20344225895081,4.19602704088386,4.18984687714849,4.18489076714483,4.18311708791972,4.18311708791972,4.18311708791972
2857,4.25471183282618,4.21239082772725,4.20933527595617,4.20344312793634,4.19602853819763,4.1898488933207,4.18489319807724,4.18311610198616,4.18311610198616,4.18311610198616
2858,4.25470994927789,4.21238971316316,4.20933441965959,4.20344399649587,4.19603003494698,4.18985090888792,4.18489562844017,4.18311511637614,4.18311511637614,4.18311511637614
2859,4.25470806634738,4.21238859893772,4.20933356359999,4.20344486462997,4.1960315311325,4.18985292385057,4.18489805823374,4.18311413108938,4.18311413108938,4.18311413108938
2860,4.25470618403414,4.21238748505069,4.20933270777723,4.20344573233918,4.19603302675477,4.18985493820905,4.18490048745806,4.18311314612563,4.18311314612563,4.18311314612563
2861,4.25470430233766,4.21238637150184,4.20933185219117,4.20344659962408,4.19603452181436,4.1898569519638,4.18490291611326,4.18311216148461,4.18311216148461,4.18311216148461
2862,4.25470242125745,4.21238525829092,4.2093309968417,4.20344746648521,4.19603601631185,4.18985896511523,4.18490534419944,4.18311117716607,4.18311117716607,4.18311117716607
2863,4.25470054079298,4.21238414541769,4.20933014172868,4.20344833292314,4.19603751024782,4.18986097766376,4.18490777171674,4.18311019316973,4.18311019316973,4.18311019316973
2864,4.25469866094377,4.21238303288192,4.20932928685197,4.20344919893841,4.19603900362286,4.1898629896098,4.18491019866527,4.18310920949533,4.18310920949533,4.18310920949533
2865,4.2546967817093,4.21238192068337,4.20932843221145,4.20345006453159,4.19604049643752,4.18986500095378,4.18491262504515,4.18310822614261,4.18310822614261,4.18310822614261
2866,4.25469490308906,4.21238080882181,4.20932757780698,4.20345092970323,4.19604198869239,4.1898670116961,4.18491505085649,4.18310724311131,4.18310724311131,4.18310724311131
2867,4.25469302508257,4.21237969729697,4.20932672363845,4.20345179445388,4.19604348038803,4.18986902183719,4.18491747609941,4.18310626040116,4.18310626040116,4.18310626040116
2868,4.25469114768931,4.21237858610865,4.20932586970572,4.20345265878409,4.19604497152502,4.18987103137745,4.18491990077404,4.1831052780119,4.1831052780119,4.1831052780119
2869,4.2546892709088,4.2123774752566,4.20932501600866,4.20345352269441,4.19604646210393,4.18987304031731,4.18492232488048,4.18310429594328,4.18310429594328,4.18310429594328
2870,4.25468739474052,4.21237636474057,4.20932416254713,4.2034543861854,4.19604795212533,4.18987504865715,4.18492474841885,4.18310331419502,4.18310331419502,4.18310331419502
2871,4.25468551918399,4.21237525456035,4.20932330932101,4.20345524925759,4.19604944158979,4.18987705639741,4.18492717138928,4.18310233276686,4.18310233276686,4.18310233276686
2872,4.25468364423869,4.21237414471569,4.20932245633018,4.20345611191154,4.19605093049786,4.1898790635385,4.18492959379187,4.18310135165856,4.18310135165855,4.18310135165855
2873,4.25468176990414,4.21237303520635,4.2093216035745,4.20345697414779,4.19605241885013,4.18988107008082,4.18493201562676,4.18310037086983,4.18310037086984,4.18310037086984
2874,4.25467989617984,4.21237192603211,4.20932075105385,4.2034578359669,4.19605390664715,4.18988307602478,4.18493443689404,4.18309939040044,4.18309939040044,4.18309939040044
2875,4.2546780230653,4.21237081719273,4.20931989876808,4.2034586973694,4.19605539388948,4.1898850813708,4.18493685759385,4.18309841025012,4.18309841025012,4.18309841025012
2876,4.25467615056001,4.21236970868797,4.2093190467171,4.20345955835583,4.1960568805777,4.18988708611927,4.1849392777263,4.18309743041861,4.1830974304186,4.1830974304186
2877,4.2546742786635,4.21236860051761,4.20931819490075,4.20346041892673,4.19605836671237,4.18988909027061,4.1849416972915,4.18309645090564,4.18309645090564,4.18309645090564
2878,4.25467240737526,4.21236749268139,4.20931734331892,4.20346127908267,4.19605985229403,4.18989109382522,4.18494411628958,4.18309547171098,4.18309547171097,4.18309547171097
2879,4.2546705366948,4.21236638517912,4.20931649197147,4.20346213882416,4.19606133732326,4.18989309678351,4.18494653472064,4.18309449283434,4.18309449283434,4.18309449283434
2880,4.25466866662165,4.21236527801054,4.20931564085828,4.20346299815175,4.19606282180061,4.18989509914589,4.18494895258481,4.18309351427549,4.18309351427549,4.18309351427549
2881,4.25466679715529,4.21236417117542,4.20931478997923,4.20346385706598,4.19606430572664,4.18989710091275,4.1849513698822,4.18309253603417,4.18309253603417,4.18309253603417
2882,4.25466492829525,4.21236306467353,4.20931393933419,4.20346471556738,4.1960657891019,4.1898991020845,4.18495378661292,4.18309155811011,4.18309155811011,4.18309155811011
2883,4.25466306004104,4.21236195850464,4.20931308892302,4.20346557365649,4.19606727192696,4.18990110266154,4.18495620277711,4.18309058050307,4.18309058050307,4.18309058050307
2884,4.25466119239217,4.21236085266852,4.20931223874561,4.20346643133385,4.19606875420235,4.18990310264428,4.18495861837486,4.18308960321278,4.18308960321278,4.18308960321278
2885,4.25465932534816,4.21235974716495,4.20931138880183,4.20346728859999,4.19607023592866,4.18990510203312,4.1849610334063,4.183088626239,4.183088626239,4.183088626239
2886,4.2546574589085,4.21235864199369,4.20931053909155,4.20346814545545,4.1960717171064,4.18990710082845,4.18496344787154,4.18308764958147,4.18308764958147,4.18308764958147
2887,4.25465559307274,4.21235753715451,4.20930968961465,4.20346900190075,4.19607319773615,4.18990909903068,4.1849658617707,4.18308667323994,4.18308667323994,4.18308667323994
2888,4.25465372784038,4.21235643264718,4.209308840371,4.20346985793642,4.19607467781847,4.1899110966402,4.1849682751039,4.18308569721415,4.18308569721415,4.18308569721415
2889,4.25465186321094,4.21235532847148,4.20930799136048,4.20347071356301,4.19607615735387,4.18991309365742,4.18497068787125,4.18308472150385,4.18308472150385,4.18308472150385
2890,4.25464999918393,4.21235422462719,4.20930714258295,4.20347156878103,4.19607763634292,4.18991509008273,4.18497310007288,4.18308374610879,4.18308374610879,4.18308374610879
2891,4.25464813575888,4.21235312111406,4.20930629403832,4.20347242359102,4.19607911478618,4.18991708591653,4.18497551170887,4.18308277102872,4.18308277102871,4.18308277102871
2892,4.25464627293531,4.21235201793187,4.20930544572643,4.20347327799349,4.19608059268418,4.18991908115921,4.18497792277937,4.18308179626338,4.18308179626338,4.18308179626338
2893,4.25464441071274,4.21235091508041,4.20930459764717,4.20347413198899,4.19608207003746,4.18992107581116,4.18498033328449,4.18308082181253,4.18308082181253,4.18308082181253
2894,4.25464254909068,4.21234981255942,4.20930374980041,4.20347498557803,4.19608354684658,4.1899230698728,4.18498274322434,4.18307984767591,4.18307984767591,4.18307984767591
2895,4.25464068806866,4.21234871036871,4.20930290218605,4.20347583876114,4.19608502311207,4.1899250633445,4.18498515259904,4.18307887385328,4.18307887385328,4.18307887385328
2896,4.2546388276462,4.21234760850804,4.20930205480393,4.20347669153884,4.19608649883448,4.18992705622667,4.18498756140869,4.18307790034438,4.18307790034438,4.18307790034438
2897,4.25463696782284,4.21234650697718,4.20930120765395,4.20347754391165,4.19608797401435,4.18992904851969,4.18498996965343,4.18307692714897,4.18307692714897,4.18307692714897
2898,4.25463510859809,4.2123454057759,4.20930036073599,4.20347839588009,4.19608944865222,4.18993104022396,4.18499237733335,4.1830759542668,4.1830759542668,4.1830759542668
2899,4.25463324997147,4.21234430490401,4.2092995140499,4.20347924744469,4.19609092274862,4.18993303133987,4.18499478444858,4.18307498169762,4.18307498169762,4.18307498169762
2900,4.25463139194252,4.21234320436124,4.20929866759559,4.20348009860597,4.1960923963041,4.18993502186779,4.18499719099924,4.18307400944118,4.18307400944118,4.18307400944118
2901,4.25462953451076,4.2123421041474,4.20929782137293,4.20348094936444,4.19609386931919,4.18993701180815,4.18499959698544,4.18307303749724,4.18307303749723,4.18307303749723
2902,4.25462767767573,4.21234100426224,4.20929697538178,4.20348179972062,4.19609534179443,4.1899390011613,4.18500200240729,4.18307206586554,4.18307206586554,4.18307206586554
2903,4.25462582143694,4.21233990470557,4.20929612962203,4.20348264967503,4.19609681373034,4.18994098992766,4.18500440726491,4.18307109454584,4.18307109454584,4.18307109454584
2904,4.25462396579393,4.21233880547714,4.20929528409355,4.20348349922817,4.19609828512749,4.1899429781076,4.18500681155841,4.1830701235379,4.1830701235379,4.1830701235379
2905,4.25462211074623,4.21233770657674,4.20929443879624,4.20348434838058,4.19609975598637,4.1899449657015,4.18500921528791,4.18306915284147,4.18306915284147,4.18306915284147
2906,4.25462025629338,4.21233660800414,4.20929359372996,4.20348519713276,4.19610122630754,4.18994695270977,4.18501161845352,4.18306818245631,4.18306818245631,4.18306818245631
2907,4.25461840243491,4.21233550975913,4.20929274889459,4.20348604548521,4.19610269609153,4.18994893913277,4.18501402105536,4.18306721238216,4.18306721238217,4.18306721238217
2908,4.25461654917034,4.21233441184149,4.20929190429001,4.20348689343846,4.19610416533885,4.18995092497091,4.18501642309355,4.1830662426188,4.1830662426188,4.1830662426188
2909,4.25461469649921,4.21233331425098,4.2092910599161,4.20348774099302,4.19610563405005,4.18995291022456,4.18501882456819,4.18306527316596,4.18306527316596,4.18306527316596
2910,4.25461284442106,4.21233221698741,4.20929021577275,4.2034885881494,4.19610710222564,4.18995489489409,4.18502122547942,4.18306430402341,4.18306430402341,4.18306430402341
2911,4.25461099293542,4.21233112005054,4.20928937185982,4.20348943490809,4.19610856986616,4.18995687897992,4.18502362582731,4.18306333519091,4.18306333519091,4.18306333519091
2912,4.25460914204183,4.21233002344015,4.20928852817721,4.20349028126962,4.19611003697213,4.1899588624824,4.18502602561203,4.18306236666822,4.18306236666822,4.18306236666822
2913,4.25460729173983,4.21232892715602,4.20928768472478,4.20349112723448,4.19611150354408,4.18996084540192,4.18502842483365,4.18306139845508,4.18306139845508,4.18306139845508
2914,4.25460544202895,4.21232783119794,4.20928684150242,4.2034919728032,4.19611296958253,4.18996282773886,4.1850308234923,4.18306043055126,4.18306043055126,4.18306043055126
2915,4.25460359290874,4.2123267355657,4.20928599851001,4.20349281797626,4.19611443508801,4.18996480949361,4.18503322158811,4.18305946295652,4.18305946295652,4.18305946295652
2916,4.25460174437872,4.21232564025906,4.20928515574743,4.20349366275417,4.19611590006103,4.18996679066654,4.18503561912116,4.18305849567062,4.18305849567062,4.18305849567062
2917,4.25459989643846,4.21232454527782,4.20928431321456,4.20349450713745,4.19611736450212,4.18996877125803,4.1850380160916,4.18305752869332,4.18305752869332,4.18305752869332
2918,4.25459804908748,4.21232345062176,4.20928347091128,4.20349535112658,4.19611882841179,4.18997075126847,4.18504041249952,4.18305656202437,4.18305656202437,4.18305656202437
2919,4.25459620232532,4.21232235629066,4.20928262883748,4.20349619472206,4.19612029179058,4.18997273069822,4.18504280834505,4.18305559566354,4.18305559566354,4.18305559566354
2920,4.25459435615154,4.21232126228429,4.20928178699304,4.20349703792441,4.19612175463898,4.18997470954767,4.18504520362829,4.1830546296106,4.18305462961059,4.18305462961059
2921,4.25459251056568,4.21232016860245,4.20928094537782,4.20349788073412,4.19612321695752,4.18997668781719,4.18504759834937,4.18305366386528,4.18305366386528,4.18305366386528
2922,4.25459066556726,4.21231907524494,4.20928010399173,4.20349872315168,4.19612467874673,4.18997866550715,4.18504999250839,4.18305269842737,4.18305269842737,4.18305269842737
2923,4.25458882115586,4.21231798221152,4.20927926283463,4.2034995651776,4.1961261400071,4.18998064261793,4.18505238610546,4.18305173329663,4.18305173329663,4.18305173329663
2924,4.25458697733101,4.21231688950198,4.20927842190642,4.20350040681237,4.19612760073916,4.18998261914992,4.18505477914072,4.18305076847281,4.18305076847281,4.18305076847281
2925,4.25458513409225,4.21231579711611,4.20927758120697,4.20350124805648,4.19612906094343,4.18998459510346,4.18505717161426,4.18304980395568,4.18304980395568,4.18304980395568
2926,4.25458329143914,4.21231470505369,4.20927674073617,4.20350208891044,4.19613052062041,4.18998657047896,4.1850595635262,4.183048839745,4.183048839745,4.183048839745
2927,4.25458144937122,4.21231361331451,4.20927590049389,4.20350292937474,4.1961319797706,4.18998854527677,4.18506195487666,4.18304787584054,4.18304787584054,4.18304787584054
2928,4.25457960788805,4.21231252189836,4.20927506048002,4.20350376944986,4.19613343839454,4.18999051949726,4.18506434566574,4.18304691224206,4.18304691224206,4.18304691224206
2929,4.25457776698916,4.21231143080504,4.20927422069445,4.2035046091363,4.19613489649272,4.18999249314081,4.18506673589357,4.18304594894932,4.18304594894932,4.18304594894932
2930,4.25457592667413,4.21231034003429,4.20927338113706,4.20350544843455,4.19613635406565,4.18999446620779,4.18506912556025,4.18304498596209,4.18304498596209,4.18304498596209
2931,4.25457408694248,4.21230924958595,4.20927254180773,4.2035062873451,4.19613781111384,4.18999643869857,4.1850715146659,4.18304402328014,4.18304402328014,4.18304402328014
2932,4.2545722477938,4.21230815945978,4.20927170270634,4.20350712586845,4.19613926763779,4.18999841061352,4.18507390321064,4.18304306090323,4.18304306090323,4.18304306090323
2933,4.2545704092276,4.21230706965559,4.20927086383278,4.20350796400507,4.19614072363802,4.190000381953,4.18507629119457,4.18304209883113,4.18304209883113,4.18304209883113
2934,4.25456857124346,4.21230598017314,4.20927002518694,4.20350880175545,4.19614217911503,4.19000235271738,4.18507867861781,4.1830411370636,4.1830411370636,4.1830411370636
2935,4.25456673384093,4.21230489101224,4.20926918676869,4.20350963912008,4.19614363406931,4.19000432290704,4.18508106548048,4.18304017560041,4.18304017560041,4.18304017560041
2936,4.25456489701958,4.21230380217267,4.20926834857791,4.20351047609946,4.19614508850138,4.19000629252233,4.18508345178269,4.18303921444133,4.18303921444133,4.18303921444133
2937,4.25456306077893,4.21230271365422,4.20926751061452,4.20351131269404,4.19614654241173,4.19000826156363,4.18508583752455,4.18303825358612,4.18303825358612,4.18303825358612
2938,4.25456122511857,4.2123016254567,4.20926667287836,4.20351214890434,4.19614799580087,4.19001023003129,4.18508822270617,4.18303729303457,4.18303729303457,4.18303729303457
2939,4.25455939003806,4.21230053757986,4.20926583536934,4.20351298473082,4.1961494486693,4.19001219792568,4.18509060732767,4.18303633278642,4.18303633278642,4.18303633278642
2940,4.25455755553693,4.21229945002354,4.20926499808735,4.20351382017398,4.1961509010175,4.19001416524718,4.18509299138916,4.18303537284146,4.18303537284146,4.18303537284146
2941,4.25455572161476,4.21229836278749,4.20926416103225,4.20351465523428,4.196152352846,4.19001613199614,4.18509537489075,4.18303441319944,4.18303441319944,4.18303441319944
2942,4.2545538882711,4.21229727587153,4.20926332420395,4.20351548991222,4.19615380415527,4.19001809817291,4.18509775783257,4.18303345386015,4.18303345386015,4.18303345386015
2943,4.25455205550552,4.21229618927543,4.20926248760233,4.20351632420825,4.19615525494583,4.19002006377788,4.18510014021471,4.18303249482335,4.18303249482335,4.18303249482335
2944,4.25455022331758,4.21229510299899,4.20926165122726,4.20351715812288,4.19615670521815,4.19002202881138,4.1851025220373,4.18303153608882,4.18303153608882,4.18303153608882
2945,4.25454839170684,4.21229401704202,4.20926081507864,4.20351799165657,4.19615815497275,4.1900239932738,4.18510490330044,4.18303057765631,4.18303057765631,4.18303057765631
2946,4.25454656067286,4.21229293140429,4.20925997915636,4.20351882480979,4.1961596042101,4.19002595716549,4.18510728400426,4.18302961952561,4.18302961952561,4.18302961952561
2947,4.25454473021522,4.2122918460856,4.2092591434603,4.20351965758304,4.19616105293071,4.19002792048681,4.18510966414886,4.18302866169649,4.18302866169649,4.18302866169649
2948,4.25454290033345,4.21229076108575,4.20925830799035,4.20352048997677,4.19616250113506,4.19002988323811,4.18511204373435,4.18302770416872,4.18302770416872,4.18302770416872
2949,4.25454107102716,4.21228967640454,4.20925747274638,4.20352132199147,4.19616394882364,4.19003184541976,4.18511442276085,4.18302674694207,4.18302674694207,4.18302674694207
2950,4.25453924229588,4.21228859204174,4.2092566377283,4.2035221536276,4.19616539599695,4.19003380703212,4.18511680122847,4.18302579001631,4.18302579001631,4.18302579001631
2951,4.25453741413919,4.21228750799717,4.20925580293599,4.20352298488564,4.19616684265548,4.19003576807553,4.18511917913734,4.18302483339122,4.18302483339122,4.18302483339122
2952,4.25453558655666,4.21228642427061,4.20925496836933,4.20352381576606,4.1961682887997,4.19003772855037,4.18512155648755,4.18302387706657,4.18302387706657,4.18302387706657
2953,4.25453375954787,4.21228534086185,4.20925413402821,4.20352464626933,4.19616973443012,4.19003968845697,4.18512393327922,4.18302292104214,4.18302292104214,4.18302292104214
2954,4.25453193311237,4.2122842577707,4.20925329991253,4.20352547639592,4.19617117954722,4.19004164779571,4.18512630951246,4.1830219653177,4.1830219653177,4.1830219653177
2955,4.25453010724973,4.21228317499696,4.20925246602216,4.20352630614629,4.19617262415147,4.19004360656692,4.18512868518739,4.18302100989302,4.18302100989302,4.18302100989302
2956,4.25452828195953,4.21228209254042,4.209251632357,4.20352713552091,4.19617406824337,4.19004556477099,4.18513106030411,4.18302005476789,4.18302005476789,4.18302005476789
2957,4.25452645724133,4.21228101040088,4.20925079891692,4.20352796452026,4.19617551182341,4.19004752240823,4.18513343486276,4.18301909994207,4.18301909994207,4.18301909994207
2958,4.25452463309473,4.21227992857812,4.20924996570184,4.20352879314479,4.19617695489204,4.19004947947903,4.18513580886342,4.18301814541534,4.18301814541534,4.18301814541534
2959,4.25452280951926,4.21227884707196,4.20924913271162,4.20352962139498,4.19617839744977,4.19005143598372,4.18513818230623,4.18301719118749,4.18301719118749,4.18301719118749
2960,4.25452098651453,4.21227776588218,4.20924829994616,4.20353044927127,4.19617983949709,4.19005339192266,4.18514055519128,4.18301623725828,4.18301623725828,4.18301623725828
2961,4.2545191640801,4.21227668500859,4.20924746740535,4.20353127677415,4.19618128103445,4.19005534729621,4.18514292751869,4.18301528362749,4.18301528362749,4.18301528362749
2962,4.25451734221554,4.21227560445099,4.20924663508908,4.20353210390406,4.19618272206235,4.1900573021047,4.18514529928858,4.1830143302949,4.1830143302949,4.1830143302949
2963,4.25451552092044,4.21227452420916,4.20924580299723,4.20353293066147,4.19618416258126,4.19005925634849,4.18514767050106,4.18301337726029,4.18301337726029,4.18301337726029
2964,4.25451370019437,4.21227344428293,4.20924497112969,4.20353375704684,4.19618560259166,4.19006121002794,4.18515004115624,4.18301242452345,4.18301242452344,4.18301242452344
2965,4.2545118800369,4.21227236467207,4.20924413948637,4.20353458306063,4.19618704209402,4.19006316314339,4.18515241125423,4.18301147208413,4.18301147208413,4.18301147208413
2966,4.25451006044762,4.2122712853764,4.20924330806713,4.20353540870331,4.19618848108883,4.19006511569518,4.18515478079514,4.18301051994213,4.18301051994213,4.18301051994213
2967,4.25450824142609,4.21227020639572,4.20924247687188,4.20353623397531,4.19618991957655,4.19006706768367,4.1851571497791,4.18300956809723,4.18300956809723,4.18300956809723
2968,4.25450642297191,4.21226912772982,4.20924164590049,4.20353705887712,4.19619135755766,4.1900690191092,4.1851595182062,4.1830086165492,4.1830086165492,4.1830086165492
2969,4.25450460508466,4.21226804937849,4.20924081515288,4.20353788340917,4.19619279503264,4.19007096997212,4.18516188607657,4.18300766529782,4.18300766529782,4.18300766529782
2970,4.2545027877639,4.21226697134156,4.20923998462893,4.20353870757193,4.19619423200195,4.19007292027278,4.1851642533903,4.18300671434288,4.18300671434288,4.18300671434288
2971,4.25450097100924,4.21226589361882,4.2092391543285,4.20353953136584,4.19619566846606,4.19007487001151,4.18516662014753,4.18300576368416,4.18300576368416,4.18300576368416
2972,4.25449915482024,4.21226481621006,4.20923832425152,4.20354035479138,4.19619710442545,4.19007681918868,4.18516898634835,4.18300481332144,4.18300481332144,4.18300481332144
2973,4.25449733919648,4.21226373911509,4.20923749439787,4.20354117784897,4.19619853988058,4.19007876780461,4.1851713519929,4.1830038632545,4.1830038632545,4.1830038632545
2974,4.25449552413757,4.21226266233371,4.20923666476743,4.20354200053908,4.19619997483192,4.19008071585966,4.18517371708126,4.18300291348312,4.18300291348312,4.18300291348312
2975,4.25449370964306,4.21226158586575,4.20923583536011,4.20354282286216,4.19620140927995,4.19008266335417,4.18517608161355,4.18300196400708,4.18300196400708,4.18300196400708
2976,4.25449189571258,4.21226050971097,4.20923500617578,4.20354364481865,4.19620284322514,4.19008461028847,4.1851784455899,4.18300101482617,4.18300101482617,4.18300101482617
2977,4.25449008234566,4.21225943386921,4.20923417721434,4.20354446640902,4.19620427666793,4.19008655666292,4.18518080901041,4.18300006594017,4.18300006594017,4.18300006594017
2978,4.25448826954193,4.21225835834024,4.20923334847569,4.20354528763369,4.1962057096088,4.19008850247784,4.18518317187518,4.18299911734887,4.18299911734887,4.18299911734887
2979,4.25448645730096,4.21225728312389,4.20923251995971,4.20354610849313,4.19620714204822,4.19009044773359,4.18518553418435,4.18299816905205,4.18299816905205,4.18299816905205
2980,4.25448464562235,4.21225620821996,4.20923169166629,4.20354692898778,4.19620857398665,4.1900923924305,4.18518789593801,4.18299722104949,4.18299722104949,4.18299722104949
2981,4.25448283450567,4.21225513362824,4.20923086359533,4.20354774911809,4.19621000542454,4.19009433656892,4.18519025713629,4.18299627334097,4.18299627334097,4.18299627334097
2982,4.25448102395052,4.21225405934855,4.20923003574673,4.20354856888449,4.19621143636237,4.19009628014918,4.18519261777928,4.18299532592629,4.18299532592629,4.18299532592629
2983,4.25447921395649,4.21225298538069,4.20922920812037,4.20354938828744,4.19621286680059,4.19009822317162,4.1851949778671,4.18299437880523,4.18299437880523,4.18299437880523
2984,4.25447740452317,4.21225191172448,4.20922838071614,4.20355020732737,4.19621429673965,4.19010016563658,4.18519733739987,4.18299343197758,4.18299343197758,4.18299343197758
2985,4.25447559565015,4.2122508383797,4.20922755353395,4.20355102600474,4.19621572618004,4.1901021075444,4.1851996963777,4.18299248544311,4.18299248544311,4.18299248544311
2986,4.25447378733702,4.21224976534618,4.20922672657367,4.20355184431998,4.19621715512219,4.19010404889541,4.1852020548007,4.18299153920162,4.18299153920162,4.18299153920162
2987,4.25447197958339,4.21224869262371,4.20922589983521,4.20355266227352,4.19621858356658,4.19010598968994,4.18520441266898,4.18299059325289,4.18299059325289,4.18299059325289
2988,4.25447017238882,4.2122476202121,4.20922507331846,4.20355347986582,4.19622001151364,4.19010792992835,4.18520676998265,4.18298964759672,4.18298964759672,4.18298964759672
2989,4.25446836575293,4.21224654811117,4.2092242470233,4.20355429709731,4.19622143896384,4.19010986961096,4.18520912674183,4.18298870223288,4.18298870223288,4.18298870223288
2990,4.25446655967531,4.21224547632072,4.20922342094964,4.20355511396843,4.19622286591764,4.19011180873811,4.18521148294662,4.18298775716117,4.18298775716117,4.18298775716117
2991,4.25446475415556,4.21224440484055,4.20922259509738,4.20355593047962,4.19622429237549,4.19011374731011,4.18521383859715,4.18298681238138,4.18298681238138,4.18298681238138
2992,4.25446294919328,4.21224333367047,4.2092217694664,4.2035567466313,4.19622571833784,4.19011568532732,4.18521619369351,4.18298586789329,4.18298586789329,4.18298586789329
2993,4.25446114478804,4.21224226281031,4.20922094405658,4.20355756242394,4.19622714380514,4.19011762279007,4.18521854823583,4.1829849236967,4.1829849236967,4.1829849236967
2994,4.25445934093946,4.21224119225985,4.20922011886785,4.20355837785794,4.19622856877785,4.19011955969869,4.18522090222421,4.18298397979138,4.18298397979138,4.18298397979138
2995,4.25445753764713,4.21224012201891,4.20921929390008,4.20355919293375,4.19622999325642,4.19012149605351,4.18522325565876,4.18298303617714,4.18298303617714,4.18298303617714
2996,4.25445573491066,4.21223905208731,4.20921846915316,4.20356000765181,4.19623141724129,4.19012343185486,4.18522560853961,4.18298209285376,4.18298209285377,4.18298209285377
2997,4.25445393272964,4.21223798246485,4.209217644627,4.20356082201253,4.19623284073292,4.19012536710308,4.18522796086686,4.18298114982104,4.18298114982104,4.18298114982104
2998,4.25445213110367,4.21223691315134,4.20921682032149,4.20356163601636,4.19623426373175,4.19012730179849,4.18523031264062,4.18298020707876,4.18298020707876,4.18298020707876
2999,4.25445033003235,4.21223584414659,4.20921599623653,4.20356244966373,4.19623568623824,4.19012923594142,4.185232663861,4.18297926462671,4.18297926462671,4.18297926462671
3000,4.25444852951529,4.21223477545041,4.209215172372,4.20356326295507,4.19623710825282,4.1901311695322,4.18523501452811,4.1829783224647,4.1829783224647,4.1829783224647
